source_type,file,html_length,button_count,card_count,section_count,nav_count,form_count,image_count,link_count,heading_count,has_hero,has_pricing,has_testimonials,has_faq,has_contact,has_services,has_portfolio,color_count,top_colors,font_size_count,radius_count,shadow_count,padding_count,margin_count,design_profile
html,html_5472.html,1474,0,0,0,1,0,1,4,0,0,0,0,0,1,1,0,0,,0,0,0,0,0,form-focused
html,html_9812.html,1002,0,0,1,0,0,1,0,1,0,0,0,0,0,1,1,0,,0,0,0,0,0,image-rich-gallery
html,html_1881.html,800,0,1,0,1,0,0,0,1,0,0,0,0,0,0,0,0,,0,0,0,0,0,card-heavy-modern
html,html_7400.html,1218,0,0,0,1,0,0,4,0,0,0,0,0,1,0,0,0,,0,0,0,0,0,form-focused
html,html_3311.html,2878,1,0,3,1,0,2,4,2,0,1,0,0,1,1,0,0,,0,0,0,0,0,form-focused
html,html_10544.html,2096,0,0,1,1,0,2,3,1,1,0,0,0,1,0,0,0,,0,0,0,0,0,form-focused
html,html_4234.html,1260,0,0,0,1,0,0,4,2,0,0,0,0,1,1,0,0,,0,0,0,0,0,form-focused
html,html_13687.html,1252,0,0,5,1,0,1,3,5,0,0,0,0,0,1,0,0,,0,0,0,0,0,card-heavy-modern
html,html_905.html,1921,3,0,3,1,0,0,3,4,0,0,0,0,1,0,0,0,,0,0,0,0,0,form-focused
html,html_9826.html,1883,0,0,0,1,0,0,3,4,0,0,0,0,1,1,0,0,,0,0,0,0,0,form-focused
html,html_7482.html,862,0,0,1,0,0,0,0,5,0,0,1,0,0,0,0,0,,0,0,0,0,0,card-heavy-modern
html,html_6565.html,1945,1,0,3,1,0,2,3,3,0,0,0,0,1,0,0,0,,0,0,0,0,0,form-focused
html,html_6923.html,3450,1,0,0,0,0,0,4,2,0,0,0,0,1,1,0,0,,0,0,0,0,0,form-focused
html,html_10089.html,1823,1,0,2,1,0,0,3,3,0,0,1,0,1,1,0,0,,0,0,0,0,0,form-focused
html,html_8564.html,1429,0,0,0,0,0,1,0,1,0,0,0,0,0,0,0,0,,0,0,0,0,0,card-heavy-modern
html,html_11226.html,1672,0,0,3,0,0,1,1,3,0,0,0,0,0,0,0,0,,0,0,0,0,0,card-heavy-modern
html,html_4469.html,1456,1,0,0,0,1,0,3,4,0,0,1,0,0,0,0,0,,0,0,0,0,0,form-focused
html,html_3657.html,2893,1,0,3,1,1,0,6,6,0,0,0,0,1,0,0,0,,0,0,0,0,0,form-focused
html,html_4525.html,1133,2,0,2,0,0,1,0,2,0,0,0,0,0,0,0,0,,0,0,0,0,0,card-heavy-modern
html,html_9904.html,1763,0,0,0,1,0,0,4,3,0,0,1,0,1,0,0,0,,0,0,0,0,0,form-focused
html,html_191.html,1731,1,0,0,1,0,4,7,1,0,0,0,0,1,1,0,0,,0,0,0,0,0,form-focused
html,html_6761.html,1194,0,0,0,0,0,0,2,3,0,0,0,0,0,0,0,0,,0,0,0,0,0,card-heavy-modern
html,html_8028.html,2446,0,0,4,1,0,1,7,4,0,0,0,0,1,1,0,0,,0,0,0,0,0,form-focused
html,html_12285.html,1128,1,0,0,0,0,1,0,1,0,0,0,0,0,1,0,0,,0,0,0,0,0,card-heavy-modern
html,html_6797.html,1153,0,0,0,0,0,0,0,0,0,0,0,0,0,0,0,0,,0,0,0,0,0,card-heavy-modern
html,html_4370.html,1969,0,0,2,1,0,0,3,2,0,0,0,0,1,1,0,0,,0,0,0,0,0,form-focused
html,html_13543.html,1652,1,0,0,0,0,0,0,3,0,0,1,0,0,1,0,0,,0,0,0,0,0,card-heavy-modern
html,html_4920.html,1345,0,0,0,1,0,1,4,1,0,0,0,0,1,1,0,0,,0,0,0,0,0,form-focused
html,html_9135.html,1063,0,0,0,1,0,0,2,1,0,0,0,0,0,0,1,0,,0,0,0,0,0,card-heavy-modern
html,html_11187.html,1775,0,0,0,0,0,1,7,2,0,0,1,0,1,0,0,0,,0,0,0,0,0,form-focused
html,html_275.html,1852,0,0,3,1,0,1,3,3,0,0,1,0,1,1,0,1,#fac,0,0,0,0,0,form-focused
html,html_12250.html,1933,1,0,0,1,0,1,2,1,0,0,0,0,0,1,0,0,,0,0,0,0,0,card-heavy-modern
html,html_12630.html,2441,0,0,0,1,0,0,3,4,0,0,1,0,1,1,0,0,,0,0,0,0,0,form-focused
html,html_6653.html,1246,0,0,0,0,0,0,0,4,0,0,0,0,1,0,0,0,,0,0,0,0,0,form-focused
html,html_12838.html,2234,0,0,1,1,0,0,3,1,0,0,0,0,1,0,0,0,,0,0,0,0,0,form-focused
html,html_7239.html,1030,0,0,3,0,0,0,3,4,0,0,0,0,0,0,0,1,#acade,0,0,0,0,0,card-heavy-modern
html,html_12751.html,1963,0,0,3,1,0,1,4,4,0,0,0,0,1,1,0,0,,0,0,0,0,0,form-focused
html,html_1111.html,1987,0,0,0,1,0,1,3,2,0,0,0,0,1,0,0,0,,0,0,0,0,0,form-focused
html,html_6194.html,1114,0,0,0,1,0,0,4,1,0,0,0,0,1,0,0,0,,0,0,0,0,0,form-focused
html,html_1985.html,1943,1,0,2,1,0,4,3,3,0,0,0,0,1,1,0,0,,0,0,0,0,0,form-focused
html,html_2227.html,1159,1,0,0,1,0,1,3,1,0,0,0,0,1,0,0,0,,0,0,0,0,0,form-focused
html,html_14001.html,1606,0,0,0,1,0,1,5,1,0,0,0,0,1,0,0,0,,0,0,0,0,0,form-focused
html,html_14746.html,1082,0,0,1,0,0,2,0,1,1,0,0,0,0,0,0,0,,0,0,0,0,0,card-heavy-modern
html,html_2589.html,1589,1,0,3,0,0,0,0,4,0,0,0,0,0,0,0,0,,0,0,0,0,0,card-heavy-modern
html,html_11743.html,1060,1,0,3,0,0,0,0,4,0,0,0,0,0,1,0,0,,0,0,0,0,0,card-heavy-modern
html,html_3800.html,1229,0,0,1,0,0,0,2,5,0,0,0,0,0,1,0,0,,0,0,0,0,0,card-heavy-modern
html,html_6997.html,1224,0,0,0,1,0,0,5,1,0,1,1,1,1,0,0,0,,0,0,0,0,0,form-focused
html,html_846.html,1436,0,0,0,0,0,1,0,0,0,0,0,0,0,1,0,0,,0,0,0,0,0,card-heavy-modern
html,html_8263.html,1244,0,0,0,0,0,0,0,1,0,0,1,0,1,1,1,0,,0,0,0,0,0,form-focused
html,html_12926.html,1675,0,0,1,1,0,1,2,1,0,0,0,0,0,0,0,0,,0,0,0,0,0,card-heavy-modern
html,html_10072.html,2107,0,0,0,0,0,0,0,0,0,0,0,0,0,0,1,0,,0,0,0,0,0,card-heavy-modern
html,html_7289.html,2434,0,0,0,1,0,1,3,4,0,0,0,0,0,0,0,1,#fac,0,0,0,0,0,card-heavy-modern
html,html_11864.html,2077,1,0,0,0,0,3,0,5,0,0,0,0,0,1,0,0,,0,0,0,0,0,card-heavy-modern
html,html_13276.html,1668,0,0,3,1,0,1,3,4,1,0,0,0,1,0,0,0,,0,0,0,0,0,form-focused
html,html_795.html,1567,0,0,0,1,0,1,0,1,0,0,0,0,0,0,0,0,,0,0,0,0,0,card-heavy-modern
html,html_13888.html,1963,0,0,3,1,0,0,3,4,0,0,0,1,1,1,0,1,#acc,0,0,0,0,0,form-focused
html,html_12025.html,1615,0,0,0,0,0,0,0,2,0,0,0,0,0,1,0,0,,0,0,0,0,0,card-heavy-modern
html,html_13471.html,1799,0,0,0,0,0,0,0,0,0,0,0,0,0,0,1,0,,0,0,0,0,0,card-heavy-modern
html,html_8453.html,1787,0,0,0,1,0,0,3,1,0,0,0,0,1,1,0,0,,0,0,0,0,0,form-focused
html,html_9465.html,1791,0,0,0,1,0,1,4,1,0,0,0,0,1,0,0,0,,0,0,0,0,0,form-focused
html,html_14394.html,2138,1,4,5,1,0,0,8,5,0,1,1,0,1,0,0,0,,0,0,0,0,0,form-focused
html,html_7405.html,1043,1,0,1,0,0,1,0,1,0,0,0,0,0,1,0,0,,0,0,0,0,0,card-heavy-modern
html,html_2671.html,1103,0,0,1,0,0,1,0,2,0,0,0,0,0,0,1,0,,0,0,0,0,0,image-rich-gallery
html,html_13876.html,1833,0,0,0,1,0,1,3,1,0,0,0,0,1,0,0,0,,0,0,0,0,0,form-focused
html,html_6214.html,3111,1,0,0,1,0,0,7,0,0,0,0,0,0,0,0,0,,0,0,0,0,0,card-heavy-modern
html,html_3882.html,1352,0,0,0,0,0,1,1,1,0,0,0,0,0,0,0,0,,0,0,0,0,0,card-heavy-modern
html,html_4644.html,1918,0,0,0,1,0,1,4,1,0,0,0,0,1,1,0,0,,0,0,0,0,0,form-focused
html,html_14894.html,1789,2,0,0,0,0,3,0,5,0,0,0,0,1,0,0,0,,0,0,0,0,0,form-focused
html,html_13661.html,1125,0,0,0,1,0,1,0,3,0,0,0,0,0,0,0,0,,0,0,0,0,0,card-heavy-modern
html,html_13896.html,1116,0,0,2,0,0,2,0,1,0,0,0,0,0,0,1,0,,0,0,0,0,0,image-rich-gallery
html,html_4142.html,1870,0,0,0,1,0,0,2,1,0,0,1,0,0,0,0,0,,0,0,0,0,0,card-heavy-modern
html,html_1559.html,1926,0,0,0,1,0,1,3,1,0,0,0,0,1,0,0,0,,0,0,0,0,0,form-focused
html,html_13459.html,1484,0,0,0,0,0,0,3,1,0,0,0,1,0,1,0,0,,0,0,0,0,0,card-heavy-modern
html,html_10498.html,1420,0,0,0,1,0,1,4,1,0,0,0,0,1,0,0,0,,0,0,0,0,0,form-focused
html,html_5635.html,1050,0,0,0,0,0,1,0,1,0,0,0,0,0,1,0,0,,0,0,0,0,0,card-heavy-modern
html,html_118.html,1631,0,0,2,1,0,1,4,2,0,0,0,0,1,0,0,0,,0,0,0,0,0,form-focused
html,html_8605.html,1022,0,0,0,0,0,0,0,0,0,0,0,0,0,0,0,0,,1,0,0,0,0,card-heavy-modern
html,html_14471.html,939,0,0,0,0,0,1,0,1,0,0,0,0,0,0,0,0,,0,0,0,0,0,card-heavy-modern
html,html_1855.html,1824,0,0,0,1,0,0,7,3,0,0,0,0,1,0,0,0,,0,0,0,0,0,form-focused
html,html_6087.html,1448,0,0,1,1,0,0,4,2,0,0,0,0,1,1,0,0,,0,0,0,0,0,form-focused
html,html_11973.html,1331,0,0,4,0,0,1,0,5,1,0,1,0,0,0,0,0,,0,0,0,0,0,card-heavy-modern
html,html_9571.html,1485,1,0,2,0,0,0,0,3,0,0,0,0,0,1,0,0,,0,0,0,0,0,card-heavy-modern
html,html_9329.html,1443,1,0,0,1,0,1,4,1,0,0,0,0,1,1,0,0,,0,0,0,0,0,form-focused
html,html_14917.html,1513,0,0,0,1,0,1,4,1,0,0,0,0,1,1,0,0,,0,0,0,0,0,form-focused
html,html_5300.html,1471,0,0,0,1,0,1,4,1,0,0,0,0,1,0,0,0,,0,0,0,0,0,form-focused
html,html_4478.html,1313,1,0,0,0,0,1,0,1,0,0,0,0,0,1,0,0,,0,0,0,0,0,card-heavy-modern
html,html_5976.html,1152,0,0,0,0,0,0,0,0,0,0,0,0,0,1,0,0,,0,0,0,0,0,card-heavy-modern
html,html_8419.html,2363,1,0,2,1,0,4,4,5,0,0,0,0,1,1,0,0,,0,0,0,0,0,form-focused
html,html_4416.html,1425,0,0,0,1,0,0,5,1,0,0,0,0,1,1,0,0,,0,0,0,0,0,form-focused
html,html_13935.html,1200,1,0,1,0,0,0,0,5,0,0,0,0,1,0,0,0,,0,0,0,0,0,form-focused
html,html_8557.html,1641,0,0,0,0,0,1,4,3,0,0,0,0,1,1,0,0,,0,0,0,0,0,form-focused
html,html_11029.html,1785,0,0,2,1,0,2,5,1,0,1,0,0,1,1,0,0,,0,0,0,0,0,form-focused
html,html_12043.html,1860,0,0,2,1,0,2,4,2,1,0,0,0,1,1,0,0,,0,0,0,0,0,form-focused
html,html_5343.html,912,0,0,0,0,0,0,0,1,0,0,0,0,0,0,0,0,,0,0,0,0,0,card-heavy-modern
html,html_3562.html,1502,0,0,0,1,0,1,4,1,0,0,0,0,1,1,0,0,,0,0,0,0,0,form-focused
html,html_4864.html,1760,0,0,0,0,0,1,0,4,0,0,0,0,0,1,0,0,,0,0,0,0,0,card-heavy-modern
html,html_6139.html,1463,0,0,0,0,0,0,0,2,0,1,0,0,0,0,0,0,,0,0,0,0,0,card-heavy-modern
html,html_6970.html,1907,1,0,0,0,0,1,0,4,0,0,0,0,0,1,0,0,,0,0,0,0,0,card-heavy-modern
html,html_932.html,994,0,0,0,0,0,0,0,2,0,1,0,0,0,0,0,0,,0,0,0,0,0,card-heavy-modern
html,html_5186.html,1972,0,0,0,1,0,1,4,4,0,0,0,0,1,1,0,0,,0,0,0,0,0,form-focused
html,html_9932.html,2052,0,0,2,1,0,0,5,3,0,0,0,0,1,1,1,0,,0,0,0,0,0,form-focused
html,html_6085.html,931,0,0,0,1,0,0,5,1,0,0,0,0,1,0,0,0,,0,0,0,0,0,form-focused
html,html_14669.html,2512,1,0,3,1,1,0,3,5,0,0,1,0,1,0,0,0,,0,0,0,0,0,form-focused
html,html_6734.html,1996,0,0,3,1,0,0,3,6,0,0,0,0,0,0,0,1,#acade,0,0,0,0,0,card-heavy-modern
html,html_11967.html,962,0,0,1,1,0,0,4,1,0,0,0,0,1,0,0,0,,0,0,0,0,0,form-focused
html,html_13095.html,2964,0,0,0,0,1,0,0,8,0,0,0,0,0,0,0,0,,0,0,0,0,0,form-focused
html,html_10610.html,2795,1,0,0,0,1,1,0,0,0,0,0,0,0,1,0,0,,0,0,0,0,0,form-focused
html,html_3342.html,1334,0,0,1,0,0,0,0,3,0,0,0,0,0,0,0,0,,0,0,0,0,0,card-heavy-modern
html,html_4646.html,1586,0,0,0,0,0,2,2,1,0,0,0,0,0,0,0,0,,0,0,0,0,0,card-heavy-modern
html,html_11133.html,1360,1,0,1,1,0,0,3,2,0,0,0,0,0,0,0,0,,0,0,0,0,0,card-heavy-modern
html,html_14832.html,2070,0,0,2,1,0,0,4,2,0,0,0,0,1,0,0,0,,0,0,0,0,0,form-focused
html,html_14147.html,1375,0,0,0,0,0,2,0,2,0,0,1,0,0,1,0,0,,0,0,0,0,0,card-heavy-modern
html,html_10699.html,1718,0,0,0,0,0,0,0,1,0,0,0,0,0,0,0,0,,0,0,0,0,0,card-heavy-modern
html,html_7512.html,951,0,0,0,0,0,1,0,1,0,0,0,0,0,1,0,0,,0,0,0,0,0,card-heavy-modern
html,html_4865.html,1196,0,0,0,0,0,1,0,3,0,0,0,0,0,0,0,0,,0,0,0,0,0,card-heavy-modern
html,html_3942.html,2045,0,0,0,1,0,1,5,1,0,0,0,0,1,1,0,0,,0,0,0,0,0,form-focused
html,html_3762.html,1630,1,0,0,0,0,0,3,1,0,0,0,0,0,0,0,0,,0,0,0,0,0,card-heavy-modern
html,html_4264.html,1544,0,0,4,0,0,2,0,4,0,0,1,0,0,0,0,0,,0,0,0,0,0,card-heavy-modern
html,html_13319.html,1965,0,0,3,1,0,4,3,2,0,1,0,0,1,0,0,0,,0,0,0,0,0,form-focused
html,html_14190.html,1518,1,0,0,0,0,0,0,3,0,0,0,0,0,0,0,0,,0,0,0,0,0,card-heavy-modern
html,html_10516.html,1237,0,0,0,1,0,0,4,1,0,0,0,0,1,1,0,0,,0,0,0,0,0,form-focused
html,html_6539.html,1580,0,0,0,1,0,2,4,1,0,0,0,0,1,0,0,0,,0,0,0,0,0,form-focused
html,html_6931.html,740,0,0,0,1,0,1,3,0,0,0,0,0,1,0,0,0,,0,0,0,0,0,form-focused
html,html_4382.html,1752,0,0,0,0,0,0,0,1,0,0,0,0,0,1,0,0,,0,0,0,0,0,card-heavy-modern
html,html_10154.html,1654,1,0,0,0,0,1,0,3,0,0,0,0,0,1,0,0,,0,0,0,0,0,card-heavy-modern
html,html_12900.html,1794,0,0,3,1,0,1,3,9,0,0,1,0,1,0,0,0,,0,0,0,0,0,form-focused
html,html_11314.html,3584,1,0,0,1,0,1,4,1,0,0,0,0,1,0,0,0,,0,0,0,0,0,form-focused
html,html_3784.html,1576,0,0,0,0,0,2,0,4,0,0,0,0,0,0,0,0,,0,0,0,0,0,card-heavy-modern
html,html_12344.html,1400,0,0,1,0,0,1,0,6,1,0,0,0,1,0,0,0,,0,0,0,0,0,form-focused
html,html_6790.html,1356,0,0,0,1,0,1,3,2,0,0,0,0,0,1,0,0,,0,0,0,0,0,card-heavy-modern
html,html_2301.html,1646,0,0,0,0,0,1,0,4,0,0,1,0,0,0,0,0,,0,0,0,0,0,card-heavy-modern
html,html_5791.html,1402,0,0,3,1,0,1,3,3,0,0,0,0,1,0,0,0,,0,0,0,0,0,form-focused
html,html_10669.html,1898,1,0,0,1,0,0,3,1,0,0,0,0,1,1,0,0,,0,0,0,0,0,form-focused
html,html_5291.html,1245,0,0,2,0,0,1,0,3,0,0,0,0,0,0,0,0,,0,0,0,0,0,card-heavy-modern
html,html_12603.html,1346,0,0,0,0,0,1,0,1,0,0,0,0,0,1,0,0,,0,0,0,0,0,card-heavy-modern
html,html_13653.html,2359,0,0,0,1,0,0,3,3,0,0,1,0,0,1,0,0,,0,0,0,0,0,card-heavy-modern
html,html_12095.html,799,0,0,2,1,0,0,2,3,0,0,0,0,0,0,1,0,,0,0,0,0,0,card-heavy-modern
html,html_13372.html,1404,0,0,0,0,0,0,0,1,0,0,0,0,1,1,0,0,,0,0,0,0,0,form-focused
html,html_2448.html,939,0,0,1,0,0,0,0,1,0,0,0,0,1,0,0,0,,0,0,0,0,0,form-focused
html,html_10075.html,1766,1,0,4,1,0,1,4,4,1,1,0,0,0,0,0,1,#fea,0,0,0,0,0,card-heavy-modern
html,html_12102.html,1355,1,0,1,1,0,1,3,1,0,0,1,0,1,1,0,0,,0,0,0,0,0,form-focused
html,html_1742.html,1747,0,0,0,1,0,1,3,1,0,0,0,0,1,0,0,0,,0,0,0,0,0,form-focused
html,html_7428.html,1378,1,0,0,0,0,1,3,1,0,0,0,0,0,1,0,0,,0,0,0,0,0,card-heavy-modern
html,html_10342.html,2040,1,0,0,2,0,2,7,1,0,0,0,0,1,1,0,0,,0,0,0,0,0,form-focused
html,html_6950.html,1991,1,0,0,0,0,0,3,3,0,0,0,0,0,1,0,0,,0,0,0,0,0,card-heavy-modern
html,html_12234.html,1610,0,0,2,1,0,0,4,3,0,0,0,0,1,0,0,0,,0,0,0,0,0,form-focused
html,html_9843.html,2080,1,0,0,1,0,0,4,1,0,0,0,0,1,1,0,0,,0,0,0,0,0,form-focused
html,html_1050.html,2151,0,0,0,0,0,1,0,2,0,0,0,0,1,1,0,0,,0,0,0,0,0,form-focused
html,html_5023.html,1914,1,0,0,0,0,3,0,1,0,0,0,0,0,0,0,0,,0,0,0,0,0,card-heavy-modern
html,html_7553.html,1035,0,0,0,0,0,0,0,0,0,0,0,0,0,0,0,0,,0,0,0,0,0,card-heavy-modern
html,html_1056.html,1479,0,0,1,0,0,3,0,5,0,0,0,0,0,0,0,0,,0,0,0,0,0,card-heavy-modern
html,html_5491.html,1017,0,0,0,1,0,1,4,1,0,0,0,0,1,0,1,0,,0,0,0,0,0,form-focused
html,html_8035.html,1039,0,2,2,0,0,0,0,3,0,0,1,0,1,0,0,0,,0,0,0,0,0,form-focused
html,html_12113.html,1798,0,0,0,0,0,1,2,0,0,0,0,0,0,0,1,0,,0,0,0,0,0,image-rich-gallery
html,html_10522.html,2511,0,0,3,1,0,0,3,6,0,0,0,0,0,1,0,1,#fea,0,0,0,0,0,card-heavy-modern
html,html_5258.html,2140,0,0,2,1,0,1,4,2,1,0,0,0,1,1,0,0,,0,0,0,0,0,form-focused
html,html_4011.html,1365,0,0,0,1,0,1,0,1,0,0,0,0,0,0,0,0,,0,0,0,0,0,card-heavy-modern
html,html_9394.html,1755,0,0,1,0,0,1,5,1,0,0,0,0,1,1,0,0,,0,0,0,0,0,form-focused
html,html_3826.html,1705,0,0,0,1,0,0,3,1,0,0,0,0,1,1,0,0,,0,0,0,0,0,form-focused
html,html_10199.html,1257,0,0,3,1,0,0,3,3,0,0,1,0,0,0,0,1,#dea,0,0,0,0,0,card-heavy-modern
html,html_3781.html,1716,0,0,1,0,0,4,0,3,0,0,1,0,0,1,0,0,,0,0,0,0,0,card-heavy-modern
html,html_8320.html,1594,0,0,0,0,0,1,0,0,0,0,0,0,0,0,0,0,,0,0,0,0,0,card-heavy-modern
html,html_9439.html,1142,0,0,0,0,0,0,0,1,0,0,0,0,0,0,0,0,,0,0,0,0,0,card-heavy-modern
html,html_3327.html,1511,0,0,0,0,0,4,3,2,0,0,0,0,1,0,0,0,,0,0,0,0,0,form-focused
html,html_635.html,1524,1,0,0,1,0,1,4,1,0,0,0,0,1,1,0,0,,0,0,0,0,0,form-focused
html,html_11672.html,1391,0,0,0,1,0,1,0,2,1,0,0,0,0,0,0,0,,0,0,0,0,0,card-heavy-modern
html,html_13245.html,1328,1,0,0,1,0,1,3,1,0,0,0,0,1,1,0,0,,0,0,0,0,0,form-focused
html,html_10931.html,1950,0,0,3,1,0,1,4,3,0,0,0,0,1,1,0,0,,0,0,0,0,0,form-focused
html,html_3997.html,1541,0,0,0,1,0,2,3,1,0,0,0,0,1,1,0,0,,0,0,0,0,0,form-focused
html,html_12477.html,1189,0,0,0,0,0,1,0,1,0,0,0,0,0,0,0,0,,0,0,0,0,0,card-heavy-modern
html,html_14527.html,1224,1,0,0,0,0,1,0,1,0,0,0,0,0,0,0,0,,0,0,0,0,0,card-heavy-modern
html,html_11892.html,1427,0,0,0,0,0,0,0,3,0,0,0,0,0,0,0,0,,0,0,0,0,0,card-heavy-modern
html,html_13971.html,937,0,0,0,1,0,2,3,0,0,0,0,0,0,0,1,0,,0,0,0,0,0,image-rich-gallery
html,html_3253.html,1827,0,0,0,1,0,0,4,1,0,0,0,0,1,0,0,0,,0,0,0,0,0,form-focused
html,html_7976.html,1680,1,0,0,0,0,0,0,2,0,0,0,0,0,0,0,0,,0,0,0,0,0,card-heavy-modern
html,html_14552.html,1919,0,0,1,1,0,1,3,1,0,0,0,0,1,0,0,0,,0,0,0,0,0,form-focused
html,html_11217.html,1200,1,0,0,0,0,1,0,1,0,0,0,0,0,1,0,0,,0,0,0,0,0,card-heavy-modern
html,html_3536.html,2109,1,0,0,1,1,1,7,1,0,0,0,0,1,1,0,0,,0,0,0,0,0,form-focused
html,html_6073.html,1211,1,0,0,1,1,1,5,0,0,0,0,0,1,0,0,0,,0,0,0,0,0,form-focused
html,html_13035.html,1888,0,0,0,1,0,0,4,1,0,0,0,0,1,0,0,0,,0,0,0,0,0,form-focused
html,html_13725.html,1777,0,0,2,1,0,1,4,2,0,0,0,0,1,1,0,0,,0,0,0,0,0,form-focused
html,html_14674.html,1306,0,0,0,1,0,0,4,2,0,0,0,0,1,1,0,0,,0,0,0,0,0,form-focused
html,html_12317.html,1725,0,0,0,0,0,0,2,3,0,0,0,0,0,0,0,0,,0,0,0,0,0,card-heavy-modern
html,html_5108.html,1524,0,0,0,0,0,2,0,2,0,0,0,0,0,1,0,0,,0,0,0,0,0,card-heavy-modern
html,html_9284.html,1679,0,0,3,1,0,0,3,4,0,0,1,1,0,0,0,0,,0,0,0,0,0,card-heavy-modern
html,html_11525.html,2514,1,0,1,1,0,0,3,3,1,0,0,0,1,1,0,0,,0,0,0,0,0,form-focused
html,html_4975.html,1452,0,1,2,1,0,1,4,2,0,0,0,0,1,1,0,0,,0,0,0,0,0,form-focused
html,html_58.html,1995,0,0,0,0,0,0,0,1,0,0,0,1,0,0,0,0,,0,0,0,0,0,card-heavy-modern
html,html_12109.html,1143,1,0,0,1,0,0,4,1,0,0,0,0,1,1,0,0,,0,0,0,0,0,form-focused
html,html_4715.html,2528,1,0,1,1,0,0,3,1,0,0,0,0,1,0,0,0,,0,0,0,0,0,form-focused
html,html_4844.html,1667,1,0,0,0,0,1,0,6,0,0,1,0,0,0,0,0,,0,0,0,0,0,card-heavy-modern
html,html_8655.html,1223,0,0,0,0,0,0,0,6,0,0,0,0,0,0,0,0,,0,0,0,0,0,card-heavy-modern
html,html_651.html,1827,0,0,2,1,0,0,2,3,0,0,0,0,0,1,0,0,,0,0,0,0,0,card-heavy-modern
html,html_5352.html,1768,0,0,3,1,0,2,3,3,0,0,0,1,0,1,0,0,,0,0,0,0,0,card-heavy-modern
html,html_2303.html,1379,0,0,0,0,0,1,0,1,0,0,0,0,0,1,0,0,,0,0,0,0,0,card-heavy-modern
html,html_14896.html,1579,0,0,0,0,0,0,0,4,0,0,1,0,0,0,1,0,,0,0,0,0,0,card-heavy-modern
html,html_2700.html,1217,1,0,0,0,0,1,0,1,0,0,0,0,0,0,0,0,,0,0,0,0,0,card-heavy-modern
html,html_619.html,2219,1,0,0,1,0,1,3,1,0,0,0,0,1,0,0,0,,0,0,0,0,0,form-focused
html,html_7198.html,1869,0,0,1,1,0,1,3,1,0,0,0,0,1,0,0,0,,0,0,0,0,0,form-focused
html,html_6396.html,1125,0,0,0,0,0,0,0,4,0,0,0,0,1,0,1,0,,0,0,0,0,0,form-focused
html,html_1994.html,2145,1,0,0,0,0,2,0,2,0,0,1,0,0,1,0,0,,0,0,0,0,0,card-heavy-modern
html,html_12108.html,2047,0,0,3,1,0,1,3,3,0,0,1,0,0,0,0,1,#fac,0,0,0,0,0,card-heavy-modern
html,html_13747.html,870,0,0,1,1,0,1,3,2,0,0,0,0,1,0,0,0,,0,0,0,0,0,form-focused
html,html_2042.html,1957,0,0,0,1,0,0,4,1,0,0,0,0,1,0,0,0,,0,0,0,0,0,form-focused
html,html_8110.html,2439,0,0,1,1,0,0,7,5,0,0,0,0,1,0,0,0,,0,0,0,0,0,form-focused
html,html_10888.html,1763,1,0,0,0,0,1,0,5,0,0,1,0,1,0,0,0,,0,0,0,0,0,form-focused
html,html_5803.html,1924,1,0,0,1,1,2,5,4,0,0,0,0,1,0,0,0,,0,0,0,0,0,form-focused
html,html_8785.html,1294,1,0,3,0,0,1,0,3,0,0,0,0,1,1,0,0,,0,0,0,0,0,form-focused
html,html_7072.html,1159,0,0,1,0,0,0,0,1,0,0,0,0,0,0,0,0,,0,0,0,0,0,card-heavy-modern
html,html_5895.html,2188,0,0,0,1,0,0,3,1,0,0,0,0,1,0,0,0,,0,0,0,0,0,form-focused
html,html_359.html,859,0,0,1,0,0,0,0,4,0,0,0,0,0,0,0,0,,0,0,0,0,0,card-heavy-modern
html,html_5404.html,1476,0,0,0,0,0,2,0,1,0,0,0,0,0,0,0,0,,0,0,0,0,0,card-heavy-modern
html,html_5856.html,1742,0,0,0,1,0,1,3,1,0,0,0,0,0,0,0,0,,0,0,0,0,0,card-heavy-modern
html,html_10428.html,3615,1,0,0,1,1,2,5,7,0,0,0,0,1,0,1,0,,0,0,0,0,0,form-focused
html,html_14638.html,1761,0,0,0,1,0,1,4,2,1,0,0,0,1,0,0,0,,0,0,0,0,0,form-focused
html,html_5844.html,1347,0,0,1,0,0,0,3,3,0,0,0,0,0,1,0,0,,0,0,0,0,0,card-heavy-modern
html,html_4071.html,2342,1,0,0,1,1,1,4,2,1,0,0,0,1,0,0,0,,0,0,0,0,0,form-focused
html,html_4493.html,1577,0,0,0,1,0,1,3,6,0,0,0,0,1,0,0,0,,0,0,0,0,0,form-focused
html,html_3889.html,939,0,0,0,1,0,1,4,0,0,0,0,0,1,1,0,0,,0,0,0,0,0,form-focused
html,html_14326.html,922,0,0,0,0,0,0,0,1,0,0,0,0,0,0,0,0,,0,0,0,0,0,card-heavy-modern
html,html_5500.html,982,0,0,0,0,0,0,0,1,0,0,0,0,1,0,0,0,,0,0,0,0,0,form-focused
html,html_11381.html,1936,0,0,0,0,0,0,0,3,0,0,0,0,0,0,0,0,,0,0,0,0,0,card-heavy-modern
html,html_10870.html,2182,1,0,0,0,1,2,6,4,0,0,1,0,0,0,0,0,,0,0,0,0,0,form-focused
html,html_3501.html,1859,0,0,3,1,0,0,3,4,0,0,0,0,1,0,0,0,,0,0,0,0,0,form-focused
html,html_12709.html,1056,2,0,0,0,0,2,0,1,0,0,0,0,0,0,0,0,,0,0,0,0,0,card-heavy-modern
html,html_14189.html,1084,0,0,4,0,0,1,0,3,0,0,1,0,0,0,0,0,,0,0,0,0,0,card-heavy-modern
html,html_3860.html,1330,0,0,0,0,0,1,2,1,0,0,0,0,1,1,0,0,,0,0,0,0,0,form-focused
html,html_3705.html,1265,1,0,1,0,1,0,0,4,0,1,0,0,0,0,0,0,,0,0,0,0,0,form-focused
html,html_11880.html,1802,0,0,2,1,0,0,6,2,0,0,0,0,1,0,0,0,,0,0,0,0,0,form-focused
html,html_8895.html,2513,0,0,0,1,0,0,6,1,0,0,0,0,1,1,0,0,,0,0,0,0,0,form-focused
html,html_9741.html,2163,1,0,0,1,1,1,7,2,0,0,0,0,1,1,0,0,,0,0,0,0,0,form-focused
html,html_8753.html,2071,0,0,3,1,0,0,3,3,0,0,1,0,0,1,0,0,,0,0,0,0,0,card-heavy-modern
html,html_9071.html,1380,0,0,0,1,0,0,4,2,0,0,0,0,1,1,0,0,,0,0,0,0,0,form-focused
html,html_14915.html,1708,1,0,0,0,0,3,0,4,0,0,0,0,1,0,0,0,,0,0,0,0,0,form-focused
html,html_8661.html,1776,0,0,2,1,0,1,7,1,1,0,0,0,1,0,0,0,,0,0,0,0,0,form-focused
html,html_8212.html,1607,1,0,2,0,0,0,0,3,0,0,0,0,0,1,0,0,,0,0,0,0,0,card-heavy-modern
html,html_14276.html,1181,0,0,0,0,0,0,0,5,0,0,0,0,0,0,0,0,,0,0,0,0,0,card-heavy-modern
html,html_13309.html,1782,0,0,0,1,0,0,5,1,0,0,0,0,1,0,0,0,,0,0,0,0,0,form-focused
html,html_13771.html,1039,0,0,0,0,0,0,0,0,0,0,0,0,0,0,0,0,,0,0,0,0,0,card-heavy-modern
html,html_3842.html,1753,0,0,0,1,0,0,3,1,0,0,0,0,1,0,1,0,,0,0,0,0,0,form-focused
html,html_13700.html,1052,0,0,2,0,0,1,1,3,0,0,0,0,0,0,0,0,,0,0,0,0,0,card-heavy-modern
html,html_6425.html,1187,0,0,1,0,0,0,0,2,0,0,0,0,0,0,0,0,,0,0,0,0,0,card-heavy-modern
html,html_3159.html,1180,0,0,0,0,0,0,0,2,0,0,0,0,0,1,0,0,,0,0,0,0,0,card-heavy-modern
html,html_14842.html,1251,1,0,0,0,0,0,0,1,0,0,0,0,1,0,0,0,,0,0,0,0,0,form-focused
html,html_199.html,1398,1,0,0,0,0,0,0,2,0,0,0,0,0,1,0,0,,0,0,0,0,0,card-heavy-modern
html,html_5070.html,3111,0,0,0,0,0,0,4,2,0,0,0,0,1,1,0,0,,0,0,0,0,0,form-focused
html,html_9360.html,1658,2,0,0,0,2,1,0,4,0,0,0,0,0,0,0,0,,0,0,0,0,0,form-focused
html,html_6463.html,1759,0,0,2,1,0,0,3,3,0,0,0,0,1,1,0,0,,0,0,0,0,0,form-focused
html,html_9458.html,2160,0,0,1,1,0,0,7,2,0,0,0,0,1,1,0,0,,0,0,0,0,0,form-focused
html,html_8742.html,2446,0,0,0,1,0,1,5,4,0,0,0,0,1,1,0,0,,0,0,0,0,0,form-focused
html,html_2136.html,1852,0,0,0,1,0,1,4,1,0,0,0,0,1,1,0,0,,0,0,0,0,0,form-focused
html,html_13713.html,2229,0,0,1,1,0,2,8,1,1,0,0,0,1,1,0,0,,0,0,0,0,0,form-focused
html,html_7205.html,1544,0,0,0,1,0,2,4,0,0,0,0,0,1,1,0,0,,0,0,0,0,0,form-focused
html,html_10758.html,1667,1,0,0,1,0,0,3,1,0,0,0,0,1,1,0,0,,0,0,0,0,0,form-focused
html,html_12491.html,3086,2,0,1,1,0,0,7,1,0,0,0,0,1,0,0,0,,0,0,0,0,0,form-focused
html,html_3701.html,1162,0,0,0,0,0,2,0,1,0,0,0,0,0,0,1,0,,0,0,0,0,0,image-rich-gallery
html,html_13486.html,1299,0,0,0,0,0,0,0,1,0,0,1,0,0,0,0,0,,0,0,0,0,0,card-heavy-modern
html,html_13170.html,2328,0,0,0,1,0,1,4,1,0,1,0,0,1,0,0,0,,0,0,0,0,0,form-focused
html,html_515.html,2110,0,0,0,1,0,0,3,2,0,0,0,0,1,1,0,0,,0,0,0,0,0,form-focused
html,html_3939.html,1385,0,0,1,1,0,0,4,3,0,0,0,0,1,1,0,0,,0,0,0,0,0,form-focused
html,html_2118.html,1768,0,0,2,1,0,3,2,2,0,0,0,0,0,1,0,0,,0,0,0,0,0,card-heavy-modern
html,html_7770.html,1396,1,0,0,0,0,0,0,2,0,0,0,0,1,1,0,0,,0,0,0,0,0,form-focused
html,html_13772.html,1752,1,0,0,1,0,1,4,3,0,1,0,0,1,0,0,0,,0,0,0,0,0,form-focused
html,html_1907.html,2002,0,0,0,0,0,0,0,3,0,0,0,0,0,0,0,0,,0,0,0,0,0,card-heavy-modern
html,html_7625.html,1384,0,0,1,0,0,2,0,1,1,0,0,0,0,0,0,0,,0,0,0,0,0,card-heavy-modern
html,html_5794.html,2490,0,0,1,1,0,0,7,1,0,0,0,0,1,1,1,0,,0,0,0,0,0,form-focused
html,html_6705.html,1595,0,0,0,1,0,1,4,3,0,0,0,0,1,0,0,0,,0,0,0,0,0,form-focused
html,html_12633.html,2234,2,0,0,1,0,0,3,1,0,0,0,0,1,1,0,0,,0,0,0,0,0,form-focused
html,html_9147.html,1384,0,1,0,1,0,1,4,2,1,0,0,0,1,0,0,0,,0,0,0,0,0,form-focused
html,html_6646.html,1944,0,0,0,1,0,1,7,0,0,0,0,0,1,0,0,0,,0,0,0,0,0,form-focused
html,html_12917.html,1173,0,0,0,0,0,1,0,3,0,0,0,0,0,0,1,0,,0,0,0,0,0,image-rich-gallery
html,html_7575.html,1782,2,0,0,0,1,2,0,4,0,0,0,0,1,0,0,0,,0,0,0,0,0,form-focused
html,html_4320.html,1764,0,0,0,1,0,1,4,3,0,0,0,0,1,0,0,0,,0,0,0,0,0,form-focused
html,html_6535.html,1343,0,0,0,0,0,1,1,1,0,0,0,0,0,0,0,0,,0,0,0,0,0,card-heavy-modern
html,html_12367.html,2412,0,0,0,0,0,0,0,0,0,0,0,0,0,1,0,0,,0,0,0,0,0,card-heavy-modern
html,html_9048.html,2484,1,0,0,1,0,0,6,1,0,0,0,0,1,1,0,0,,0,0,0,0,0,form-focused
html,html_12282.html,1700,0,0,0,0,0,0,0,0,0,0,1,0,0,1,0,0,,0,0,0,0,0,card-heavy-modern
html,html_8931.html,1723,0,0,0,0,0,1,0,3,0,0,0,0,1,1,0,0,,0,0,0,0,0,form-focused
html,html_13564.html,1821,0,0,0,0,0,3,0,4,0,0,0,0,0,0,0,0,,0,0,0,0,0,card-heavy-modern
html,html_2570.html,1820,1,0,3,0,0,0,3,4,0,0,0,0,0,1,0,0,,0,0,0,0,0,card-heavy-modern
html,html_9200.html,1651,0,0,3,1,0,0,3,7,0,0,1,0,0,0,0,0,,0,0,0,0,0,card-heavy-modern
html,html_4263.html,1317,0,0,0,0,0,2,0,2,0,0,0,0,0,1,0,0,,0,0,0,0,0,card-heavy-modern
html,html_10955.html,1766,0,0,0,0,0,3,1,4,0,0,1,0,0,0,0,0,,0,0,0,0,0,card-heavy-modern
html,html_5332.html,663,1,0,0,0,0,0,0,1,0,0,0,0,0,0,0,0,,0,0,0,0,0,card-heavy-modern
html,html_5334.html,1773,0,0,0,0,0,0,1,3,0,0,0,0,0,0,0,0,,0,0,0,0,0,card-heavy-modern
html,html_1698.html,2718,0,0,0,0,0,1,3,4,0,0,1,0,1,1,0,0,,0,0,0,0,0,form-focused
html,html_14122.html,1472,1,0,3,1,0,0,1,3,0,0,0,0,0,0,0,0,,0,0,0,0,0,card-heavy-modern
html,html_11181.html,1584,0,0,1,1,0,2,4,1,1,0,0,0,1,1,0,0,,0,0,0,0,0,form-focused
html,html_10767.html,1425,0,0,0,0,0,0,0,3,0,0,0,0,0,0,0,0,,0,0,0,0,0,card-heavy-modern
html,html_490.html,1633,0,0,0,0,0,0,0,3,0,0,0,0,1,1,0,0,,0,0,0,0,0,form-focused
html,html_2532.html,1403,1,0,0,0,0,1,3,1,0,0,1,0,0,1,0,0,,0,0,0,0,0,card-heavy-modern
html,html_12202.html,1933,0,0,0,1,0,0,3,1,0,0,0,0,1,0,1,0,,0,0,0,0,0,form-focused
html,html_3661.html,1697,0,0,2,0,0,0,0,4,0,1,0,0,1,0,0,0,,0,0,0,0,0,form-focused
html,html_4604.html,2894,0,0,0,1,0,1,6,1,0,1,0,0,1,0,0,0,,0,0,0,0,0,form-focused
html,html_5409.html,1589,0,0,0,0,0,1,0,0,0,0,0,0,0,0,0,0,,0,0,0,0,0,card-heavy-modern
html,html_8459.html,1321,0,0,0,1,0,0,4,1,0,0,0,0,1,0,0,0,,0,0,0,0,0,form-focused
html,html_1337.html,1614,0,0,0,1,0,1,8,0,0,0,0,1,1,1,0,0,,0,0,0,0,0,form-focused
html,html_10126.html,2870,0,0,0,0,0,0,0,0,0,0,1,0,1,1,0,0,,0,0,0,0,0,form-focused
html,html_2536.html,2408,0,0,0,1,0,0,3,1,0,0,0,0,1,1,0,0,,0,0,0,0,0,form-focused
html,html_4591.html,1381,0,0,1,1,0,1,3,1,0,0,1,0,1,1,0,0,,0,0,0,0,0,form-focused
html,html_10530.html,1952,1,0,0,1,0,0,3,1,0,0,0,0,1,1,0,0,,0,0,0,0,0,form-focused
html,html_14323.html,2924,2,0,1,1,0,0,4,3,0,0,0,0,1,0,1,0,,0,0,0,0,0,form-focused
html,html_1114.html,1276,0,0,0,0,0,0,3,3,0,0,0,0,0,0,0,0,,0,0,0,0,0,card-heavy-modern
html,html_7277.html,1388,1,0,0,1,0,1,4,1,0,0,0,0,1,1,0,0,,0,0,0,0,0,form-focused
html,html_2596.html,1902,0,0,1,1,0,1,8,1,0,0,0,0,1,0,1,0,,0,0,0,0,0,form-focused
html,html_598.html,1919,0,0,0,0,0,1,0,3,0,0,1,0,0,1,0,0,,0,0,0,0,0,card-heavy-modern
html,html_5925.html,1506,0,0,0,0,0,0,0,3,0,0,0,0,0,0,0,0,,0,0,0,0,0,card-heavy-modern
html,html_4845.html,1079,0,0,0,0,0,0,0,3,0,0,0,0,1,1,0,0,,0,0,0,0,0,form-focused
html,html_12849.html,1240,1,0,0,0,0,0,0,4,0,0,0,0,0,0,0,0,,0,0,0,0,0,card-heavy-modern
html,html_1391.html,1226,1,0,0,0,0,0,0,2,0,0,0,0,0,1,0,0,,0,0,0,0,0,card-heavy-modern
html,html_11271.html,1521,0,0,0,0,0,3,0,1,0,0,0,0,0,0,0,0,,0,0,0,0,0,card-heavy-modern
html,html_4569.html,1979,0,0,0,1,0,0,3,3,0,0,0,0,1,0,0,0,,0,0,0,0,0,form-focused
html,html_13499.html,1871,0,0,1,1,0,0,5,3,0,0,0,0,1,0,0,0,,0,0,0,0,0,form-focused
html,html_736.html,1019,0,0,0,1,0,1,4,0,0,0,0,0,1,1,0,0,,0,0,0,0,0,form-focused
html,html_13539.html,1850,1,0,0,1,0,0,4,1,0,0,0,0,1,0,0,0,,0,0,0,0,0,form-focused
html,html_7288.html,2042,0,0,0,1,0,1,3,1,0,0,0,0,0,1,0,0,,0,0,0,0,0,card-heavy-modern
html,html_4501.html,1685,1,0,0,1,0,1,0,3,0,0,1,0,0,0,0,0,,0,0,0,0,0,card-heavy-modern
html,html_10390.html,3281,1,0,0,0,1,1,1,2,0,0,0,0,1,0,1,0,,0,0,0,0,0,form-focused
html,html_13773.html,1000,1,0,0,0,0,0,0,1,0,0,0,0,0,1,0,0,,0,0,0,0,0,card-heavy-modern
html,html_9344.html,1907,0,0,0,1,0,0,4,1,0,0,0,0,1,1,0,0,,0,0,0,0,0,form-focused
html,html_13178.html,2037,0,0,0,0,0,1,0,3,0,0,0,0,0,0,0,0,,0,0,0,0,0,card-heavy-modern
html,html_12481.html,1229,0,0,3,1,0,0,4,4,0,0,0,0,1,0,0,0,,0,0,0,0,0,form-focused
html,html_7803.html,1874,0,0,0,1,0,0,3,1,0,0,1,0,1,0,1,0,,0,0,0,0,0,form-focused
html,html_9114.html,1749,0,0,0,0,0,0,0,4,0,0,0,0,1,1,1,0,,0,0,0,0,0,form-focused
html,html_3182.html,1674,2,0,0,0,0,0,0,2,0,0,0,0,0,1,0,0,,0,0,0,0,0,card-heavy-modern
html,html_7741.html,1320,0,0,0,0,0,1,1,1,0,0,0,0,0,0,0,0,,0,0,0,0,0,card-heavy-modern
html,html_57.html,1675,1,0,2,0,0,1,0,3,0,0,0,0,0,1,0,0,,0,0,0,0,0,card-heavy-modern
html,html_6596.html,1584,1,0,3,1,0,0,3,4,0,0,0,0,1,0,0,0,,0,0,0,0,0,form-focused
html,html_13867.html,1850,0,0,0,0,0,0,0,0,0,0,0,0,0,1,0,0,,0,0,0,0,0,card-heavy-modern
html,html_11240.html,1671,0,0,3,0,0,1,0,5,0,0,0,0,1,0,0,0,,0,0,0,0,0,form-focused
html,html_14887.html,2921,1,0,2,1,0,0,2,2,0,0,1,0,0,1,0,0,,0,0,0,0,0,card-heavy-modern
html,html_3669.html,1833,4,0,3,0,0,1,0,4,0,0,0,0,0,1,0,0,,0,0,0,0,0,card-heavy-modern
html,html_1786.html,2858,0,0,0,1,0,1,4,1,0,0,0,0,1,0,1,0,,0,0,0,0,0,form-focused
html,html_1835.html,1830,0,0,1,1,0,1,5,1,0,0,0,0,1,0,0,0,,0,0,0,0,0,form-focused
html,html_10295.html,941,0,0,0,1,0,1,4,0,0,0,0,0,0,0,0,0,,0,0,0,0,0,card-heavy-modern
html,html_12079.html,1038,0,0,0,0,0,1,0,0,0,0,0,0,0,1,0,0,,0,0,0,0,0,card-heavy-modern
html,html_11663.html,1046,0,0,0,1,0,1,0,2,0,0,1,0,0,0,0,0,,0,0,0,0,0,card-heavy-modern
html,html_2043.html,1314,0,0,0,0,0,2,0,2,0,0,0,0,0,1,0,0,,0,0,0,0,0,card-heavy-modern
html,html_9187.html,2027,1,0,1,1,0,1,3,1,0,0,0,0,1,1,0,0,,0,0,0,0,0,form-focused
html,html_1878.html,2215,1,0,0,1,0,1,3,2,0,0,0,0,0,1,0,0,,0,0,0,0,0,card-heavy-modern
html,html_7251.html,3504,1,0,0,1,0,4,7,2,0,0,0,0,1,1,1,0,,0,0,0,0,0,form-focused
html,html_8568.html,847,0,0,0,0,0,0,0,1,0,0,1,0,0,0,0,0,,0,0,0,0,0,card-heavy-modern
html,html_10037.html,994,1,0,0,0,0,1,0,1,0,0,0,0,0,0,0,0,,0,0,0,0,0,card-heavy-modern
html,html_12660.html,1600,1,0,0,0,0,1,0,0,0,0,0,0,0,1,0,0,,0,0,0,0,0,card-heavy-modern
html,html_10774.html,2136,0,0,2,0,0,1,3,3,0,0,0,0,1,0,0,0,,0,0,0,0,0,form-focused
html,html_10977.html,2426,0,0,3,1,0,0,6,3,0,0,0,0,1,1,0,0,,0,0,0,0,0,form-focused
html,html_8409.html,1697,0,0,0,1,0,2,5,0,0,0,0,0,1,1,1,0,,0,0,0,0,0,form-focused
html,html_10536.html,1304,1,0,0,1,0,1,4,1,0,0,0,0,1,1,0,0,,0,0,0,0,0,form-focused
html,html_1341.html,1006,0,0,0,0,0,1,0,2,0,0,0,0,0,0,0,0,,0,0,0,0,0,card-heavy-modern
html,html_7170.html,1512,0,0,2,1,0,1,4,2,0,0,0,0,1,1,0,0,,0,0,0,0,0,form-focused
html,html_8638.html,1287,0,0,0,0,0,0,0,3,0,0,1,0,0,1,0,0,,0,0,0,0,0,card-heavy-modern
html,html_2272.html,1187,0,0,1,0,0,1,0,2,0,0,0,0,0,1,0,0,,0,0,0,0,0,card-heavy-modern
html,html_14487.html,1975,0,0,3,1,0,0,4,3,0,0,0,0,1,1,0,0,,0,0,0,0,0,form-focused
html,html_6299.html,1252,1,0,0,0,0,0,0,2,0,1,0,0,0,1,0,0,,0,0,0,0,0,card-heavy-modern
html,html_2090.html,1657,0,0,0,1,0,1,4,4,0,0,1,0,1,1,0,0,,0,0,0,0,0,form-focused
html,html_5715.html,1649,0,0,1,0,0,0,0,3,0,0,0,0,0,0,0,0,,0,0,0,0,0,card-heavy-modern
html,html_8072.html,1243,0,0,0,1,0,0,3,1,0,0,0,0,0,0,0,0,,0,0,0,0,0,card-heavy-modern
html,html_3115.html,1171,0,0,4,1,0,1,4,4,0,0,0,0,1,1,1,0,,0,0,0,0,0,form-focused
html,html_12654.html,860,0,0,0,0,0,0,0,1,1,0,0,0,0,0,1,0,,0,0,0,0,0,card-heavy-modern
html,html_12669.html,1899,0,0,4,1,0,2,4,3,1,0,1,0,1,1,0,0,,0,0,0,0,0,form-focused
html,html_10808.html,1411,0,0,0,1,0,1,3,2,0,0,0,0,0,0,0,0,,0,0,0,0,0,card-heavy-modern
html,html_11557.html,837,0,0,0,1,0,0,3,0,0,0,0,0,1,0,0,0,,0,0,0,0,0,form-focused
html,html_11134.html,1282,0,0,2,1,0,0,6,4,0,0,1,0,1,0,0,0,,0,0,0,0,0,form-focused
html,html_13980.html,927,0,0,1,0,0,0,0,3,0,0,0,0,0,0,0,0,,0,0,0,0,0,card-heavy-modern
html,html_10803.html,627,0,0,0,0,0,0,0,1,0,0,0,0,0,0,1,0,,0,0,0,0,0,card-heavy-modern
html,html_8967.html,1608,0,0,2,1,0,1,3,2,0,0,0,0,1,1,0,0,,0,0,0,0,0,form-focused
html,html_12014.html,1066,0,0,1,1,0,2,0,1,0,0,1,0,1,1,0,0,,0,0,0,0,0,form-focused
html,html_7231.html,2824,0,1,0,1,0,0,6,1,0,1,0,0,1,0,0,0,,0,0,0,0,0,form-focused
html,html_2924.html,2603,0,0,0,1,0,2,8,1,0,0,1,0,0,1,0,1,#faceb,0,0,0,0,0,card-heavy-modern
html,html_10497.html,1503,0,0,0,0,0,1,0,3,0,0,0,0,1,0,0,0,,0,0,0,0,0,form-focused
html,html_791.html,813,0,0,0,1,0,0,4,0,0,0,0,0,0,0,0,0,,0,0,0,0,0,card-heavy-modern
html,html_864.html,1291,0,0,0,0,0,1,0,1,0,0,0,0,0,1,0,0,,0,0,0,0,0,card-heavy-modern
html,html_10570.html,1334,0,0,3,1,0,1,3,3,0,0,1,0,0,1,0,0,,0,0,0,0,0,card-heavy-modern
html,html_3722.html,1727,0,0,0,1,0,1,4,2,0,0,0,0,1,0,0,0,,0,0,0,0,0,form-focused
html,html_9146.html,3153,1,0,3,1,0,0,6,3,0,0,0,0,0,0,0,0,,0,0,0,0,0,card-heavy-modern
html,html_9018.html,1260,0,0,0,1,0,0,4,2,0,0,0,1,1,1,0,0,,0,0,0,0,0,form-focused
html,html_7367.html,1029,1,0,0,1,0,0,0,1,0,0,0,0,0,1,0,0,,0,0,0,0,0,card-heavy-modern
html,html_13695.html,1562,0,0,0,0,0,0,1,3,0,0,0,0,0,0,0,0,,0,0,0,0,0,card-heavy-modern
html,html_952.html,1717,0,0,1,0,0,0,0,3,0,0,0,0,0,0,0,0,,0,0,0,0,0,card-heavy-modern
html,html_11049.html,1220,0,0,0,1,0,1,4,1,0,0,0,0,1,1,0,0,,0,0,0,0,0,form-focused
html,html_12126.html,1139,0,0,0,0,0,1,1,0,0,0,0,0,0,0,0,0,,0,0,0,0,0,card-heavy-modern
html,html_12692.html,1065,0,0,0,0,0,3,0,2,0,0,0,0,0,0,0,0,,0,0,0,0,0,card-heavy-modern
html,html_1202.html,1418,0,0,0,0,0,0,0,1,0,0,0,0,0,0,0,0,,0,0,0,0,0,card-heavy-modern
html,html_7691.html,1568,0,1,0,1,0,1,4,2,0,0,0,0,1,0,0,0,,0,0,0,0,0,form-focused
html,html_6514.html,2536,0,0,3,1,0,0,3,3,0,0,0,0,0,0,1,0,,0,0,0,0,0,card-heavy-modern
html,html_13728.html,1676,0,0,1,1,0,1,4,1,0,0,0,0,1,0,0,0,,0,0,0,0,0,form-focused
html,html_3619.html,1454,0,0,0,0,0,1,6,2,0,0,0,0,0,0,0,0,,0,0,0,0,0,card-heavy-modern
html,html_13216.html,1923,0,0,0,0,0,0,0,4,0,0,0,0,1,0,1,0,,0,0,0,0,0,form-focused
html,html_11792.html,1605,1,1,0,1,0,1,4,2,0,1,0,0,1,0,0,0,,0,0,0,0,0,form-focused
html,html_4922.html,2405,0,0,4,1,0,2,4,4,0,0,0,0,0,0,0,1,#fac,0,0,0,0,0,card-heavy-modern
html,html_3966.html,907,0,0,0,0,0,1,0,1,0,0,0,0,0,0,0,0,,0,0,0,0,0,card-heavy-modern
html,html_13233.html,1760,0,0,0,0,0,0,0,6,0,0,0,0,1,0,0,0,,0,0,0,0,0,form-focused
html,html_2079.html,2377,0,0,3,1,0,4,8,2,1,0,0,1,0,1,0,0,,0,0,0,0,0,card-heavy-modern
html,html_9367.html,1571,0,0,0,0,0,4,3,2,0,0,0,0,0,1,0,0,,0,0,0,0,0,card-heavy-modern
html,html_7298.html,2074,0,0,0,1,0,0,5,4,0,1,0,0,1,0,0,0,,0,0,0,0,0,form-focused
html,html_138.html,1021,0,0,0,0,0,0,0,1,0,0,0,0,0,0,0,0,,0,0,0,0,0,card-heavy-modern
html,html_5536.html,1773,0,0,0,0,0,1,0,5,0,0,0,0,0,1,0,0,,0,0,0,0,0,card-heavy-modern
html,html_10890.html,2373,1,0,4,1,1,0,4,4,0,0,1,1,1,1,0,0,,0,0,0,0,0,form-focused
html,html_4869.html,1144,0,0,0,1,0,1,4,1,1,0,0,0,1,1,0,0,,0,0,0,0,0,form-focused
html,html_8224.html,2002,0,0,0,1,0,1,4,1,0,0,0,1,1,1,0,0,,0,0,0,0,0,form-focused
html,html_12081.html,2554,0,0,0,1,0,0,3,1,0,0,0,0,1,0,0,0,,0,0,0,0,0,form-focused
html,html_5165.html,1956,0,0,0,1,0,1,5,1,0,0,0,0,1,1,0,0,,0,0,0,0,0,form-focused
html,html_920.html,1493,0,0,0,1,0,1,4,1,0,0,0,0,0,0,1,0,,0,0,0,0,0,image-rich-gallery
html,html_6990.html,1072,1,0,0,0,0,1,0,1,0,0,0,0,0,0,0,0,,0,0,0,0,0,card-heavy-modern
html,html_1317.html,1137,0,0,1,0,0,1,0,4,0,0,0,0,1,0,1,0,,0,0,0,0,0,form-focused
html,html_7084.html,1241,0,0,0,0,0,1,0,2,0,0,0,0,0,1,0,0,,0,0,0,0,0,card-heavy-modern
html,html_10535.html,2188,0,0,0,2,0,2,5,2,1,0,0,0,1,1,0,0,,0,0,0,0,0,form-focused
html,html_9953.html,2291,0,0,1,1,0,1,4,1,0,0,0,0,1,0,0,0,,0,0,0,0,0,form-focused
html,html_10385.html,2299,1,0,0,1,0,0,4,1,0,0,0,0,1,1,0,0,,0,0,0,0,0,form-focused
html,html_5736.html,1049,0,0,2,1,0,0,2,3,0,0,0,0,1,0,1,0,,0,0,0,0,0,form-focused
html,html_233.html,2579,2,0,2,1,1,1,4,5,0,0,0,0,1,1,0,0,,0,0,0,0,0,form-focused
html,html_9134.html,1714,0,0,2,1,0,0,2,2,0,0,0,0,0,0,0,0,,0,0,0,0,0,card-heavy-modern
html,html_3876.html,1197,0,0,2,0,0,2,0,2,0,0,0,0,0,0,0,0,,0,0,0,0,0,card-heavy-modern
html,html_3007.html,1103,0,0,0,0,0,2,0,1,0,0,0,0,0,0,0,0,,0,0,0,0,0,card-heavy-modern
html,html_3270.html,819,1,0,1,0,0,0,0,2,0,0,0,0,1,0,0,0,,0,0,0,0,0,form-focused
html,html_12123.html,2106,1,0,0,0,1,1,0,2,0,0,0,0,0,1,0,0,,0,0,0,0,0,form-focused
html,html_4572.html,1474,0,0,2,1,0,1,2,5,0,0,1,0,1,0,0,0,,0,0,0,0,0,form-focused
html,html_11870.html,3091,0,0,0,1,0,0,7,0,0,0,0,0,1,1,0,0,,0,0,0,0,0,form-focused
html,html_9594.html,2590,0,0,0,1,0,0,4,1,0,0,0,1,0,1,0,0,,0,0,0,0,0,card-heavy-modern
html,html_5320.html,3730,1,0,1,0,1,1,0,0,0,0,0,0,0,1,0,0,,0,0,0,0,0,form-focused
html,html_4693.html,1672,1,0,0,1,0,1,4,1,0,0,1,0,1,0,0,0,,0,0,0,0,0,form-focused
html,html_5609.html,1623,1,0,2,0,0,3,0,3,0,0,0,0,0,1,0,0,,0,0,0,0,0,card-heavy-modern
html,html_1176.html,1319,1,0,0,0,0,1,0,4,0,0,1,0,0,0,0,0,,0,0,0,0,0,card-heavy-modern
html,html_7082.html,1765,0,0,0,1,0,1,4,1,0,0,0,0,1,1,0,0,,0,0,0,0,0,form-focused
html,html_8955.html,1385,0,0,1,1,0,0,5,1,0,0,0,0,1,1,1,0,,0,0,0,0,0,form-focused
html,html_7327.html,2173,0,0,2,1,0,1,4,5,0,0,0,0,1,1,0,0,,0,0,0,0,0,form-focused
html,html_11432.html,1182,0,0,0,1,0,0,4,2,0,0,0,0,1,0,0,0,,0,0,0,0,0,form-focused
html,html_8649.html,1959,0,0,2,0,0,0,8,2,0,0,0,0,0,0,0,0,,0,0,0,0,0,card-heavy-modern
html,html_9480.html,1081,0,0,1,1,0,0,2,2,0,0,1,0,0,0,0,0,,0,0,0,0,0,card-heavy-modern
html,html_11736.html,1697,0,0,3,1,0,0,3,3,0,0,1,0,0,1,0,0,,0,0,0,0,0,card-heavy-modern
html,html_2018.html,2522,1,0,1,1,1,1,5,3,0,0,0,0,1,1,0,0,,0,0,0,0,0,form-focused
html,html_12264.html,1832,0,0,2,0,0,2,2,2,0,0,0,0,0,0,0,0,,0,0,0,0,0,card-heavy-modern
html,html_10400.html,992,0,0,0,0,0,0,0,0,0,0,0,0,0,1,0,0,,0,0,0,0,0,card-heavy-modern
html,html_12305.html,1252,0,0,0,1,0,1,4,1,0,0,0,0,1,0,0,0,,0,0,0,0,0,form-focused
html,html_7486.html,2374,2,0,0,0,1,0,0,4,0,0,0,0,1,0,0,0,,0,0,0,0,0,form-focused
html,html_1565.html,1491,0,0,0,0,0,1,2,1,0,0,0,0,0,0,0,0,,0,0,0,0,0,card-heavy-modern
html,html_7022.html,2353,1,0,2,1,0,1,5,4,0,0,0,0,1,0,0,0,,0,0,0,0,0,form-focused
html,html_14683.html,1255,1,0,0,0,0,1,0,0,0,0,0,0,0,0,0,0,,0,0,0,0,0,card-heavy-modern
html,html_3867.html,1032,0,0,0,1,0,1,4,0,0,0,0,0,1,0,0,0,,0,0,0,0,0,form-focused
html,html_5026.html,1637,1,0,0,0,0,0,3,2,0,0,1,0,0,1,0,0,,0,0,0,0,0,card-heavy-modern
html,html_9264.html,1253,0,0,1,0,0,2,1,1,0,0,0,0,0,1,0,0,,0,0,0,0,0,card-heavy-modern
html,html_10417.html,1479,0,0,0,1,0,1,4,1,0,0,0,0,1,1,0,0,,0,0,0,0,0,form-focused
html,html_11407.html,4126,1,0,2,1,0,2,9,2,0,0,0,0,1,1,0,0,,0,0,0,0,0,form-focused
html,html_5421.html,1162,0,0,0,1,0,0,3,1,0,0,0,0,1,0,0,0,,0,0,0,0,0,form-focused
html,html_6433.html,1457,1,0,4,0,0,0,0,4,0,0,0,0,0,1,0,0,,0,0,0,0,0,card-heavy-modern
html,html_4630.html,1872,1,0,0,0,1,2,3,5,0,0,0,0,1,0,0,0,,0,0,0,0,0,form-focused
html,html_9746.html,1332,1,0,0,0,0,1,0,4,0,0,0,0,1,0,0,0,,0,0,0,0,0,form-focused
html,html_6564.html,1676,0,0,3,1,0,1,3,3,0,0,1,0,0,1,0,0,,0,0,0,0,0,card-heavy-modern
html,html_3937.html,1786,0,0,4,1,0,0,4,6,0,0,1,0,1,0,0,0,,0,0,0,0,0,form-focused
html,html_9499.html,2616,3,0,0,1,0,0,4,3,0,0,0,0,1,1,0,0,,0,0,0,0,0,form-focused
html,html_6815.html,2252,1,0,0,1,0,0,3,1,0,0,0,0,1,1,0,0,,0,0,0,0,0,form-focused
html,html_10623.html,1873,0,0,0,1,0,2,4,1,0,0,0,0,1,1,0,0,,0,0,0,0,0,form-focused
html,html_1528.html,1531,0,0,0,0,0,4,0,4,0,0,0,0,0,0,0,0,,0,0,0,0,0,card-heavy-modern
html,html_14341.html,688,0,0,0,0,0,0,0,1,0,0,0,0,0,0,0,0,,0,0,0,0,0,card-heavy-modern
html,html_1682.html,1903,0,0,3,1,0,0,5,3,0,0,0,1,1,1,0,0,,0,0,0,0,0,form-focused
html,html_4199.html,1124,1,0,1,1,0,1,0,1,0,0,0,0,0,0,0,0,,0,0,0,0,0,card-heavy-modern
html,html_14999.html,1980,0,0,3,0,0,0,0,4,0,0,0,0,0,0,0,0,,0,0,0,0,0,card-heavy-modern
html,html_10195.html,2145,0,0,0,1,0,1,4,0,0,0,0,0,1,0,0,0,,0,0,0,0,0,form-focused
html,html_1360.html,977,0,0,0,0,0,1,1,1,1,0,0,0,0,0,0,0,,0,0,0,0,0,card-heavy-modern
html,html_7478.html,960,0,0,0,0,0,0,0,1,0,0,0,0,0,1,0,0,,0,0,0,0,0,card-heavy-modern
html,html_10301.html,1492,0,0,0,1,0,0,4,4,0,0,0,0,1,0,0,0,,0,0,0,0,0,form-focused
html,html_3528.html,1983,0,0,0,1,0,0,4,1,0,0,0,0,0,0,0,0,,0,0,0,0,0,card-heavy-modern
html,html_14532.html,1926,0,0,0,1,0,3,4,2,0,0,0,0,1,1,0,0,,0,0,0,0,0,form-focused
html,html_4734.html,1787,0,0,0,1,0,1,3,1,0,0,0,0,1,1,0,0,,0,0,0,0,0,form-focused
html,html_6196.html,1677,1,0,0,0,0,0,0,3,0,0,0,0,1,1,0,0,,0,0,0,0,0,form-focused
html,html_9687.html,1359,0,0,0,0,0,0,0,0,0,0,0,0,0,1,0,0,,0,0,0,0,0,card-heavy-modern
html,html_13890.html,1786,0,0,0,0,0,0,0,0,0,0,0,0,0,0,0,0,,0,0,0,0,0,card-heavy-modern
html,html_8603.html,1990,0,0,0,1,0,0,3,1,0,0,0,0,1,1,0,0,,0,0,0,0,0,form-focused
html,html_1151.html,1693,0,0,0,0,0,0,0,4,0,0,0,1,1,1,0,0,,0,0,0,0,0,form-focused
html,html_6723.html,2766,0,0,2,1,0,1,5,2,0,0,0,0,0,0,0,0,,0,0,0,0,0,card-heavy-modern
html,html_627.html,1636,0,0,0,1,0,1,4,1,0,0,0,0,1,1,0,0,,0,0,0,0,0,form-focused
html,html_9790.html,1163,0,0,0,0,0,2,1,1,0,0,0,0,0,1,0,0,,0,0,0,0,0,card-heavy-modern
html,html_6497.html,1860,1,0,1,2,1,1,6,1,0,0,1,0,1,0,0,0,,0,0,0,0,0,form-focused
html,html_8632.html,1571,1,0,0,1,0,0,3,1,0,0,0,0,1,0,0,0,,0,0,0,0,0,form-focused
html,html_11607.html,970,0,0,0,0,0,2,0,0,0,0,0,0,0,0,0,0,,0,0,0,0,0,card-heavy-modern
html,html_12781.html,1843,0,0,2,1,0,0,2,2,0,0,0,0,1,1,0,0,,0,0,0,0,0,form-focused
html,html_12259.html,1129,1,0,0,0,1,1,0,3,0,0,0,0,0,0,0,0,,0,0,0,0,0,form-focused
html,html_11421.html,2105,0,0,0,0,0,3,0,2,0,1,1,0,0,1,0,0,,0,0,0,0,0,card-heavy-modern
html,html_3056.html,1119,0,0,0,1,0,0,4,1,0,0,0,0,1,0,1,0,,0,0,0,0,0,form-focused
html,html_9697.html,1729,0,0,2,1,0,1,5,2,0,0,0,0,1,1,0,0,,0,0,0,0,0,form-focused
html,html_1487.html,1583,0,0,2,1,0,2,3,1,1,0,0,0,1,0,0,0,,0,0,0,0,0,form-focused
html,html_8780.html,1730,1,0,0,0,1,1,0,3,0,0,1,0,1,1,0,0,,0,0,0,0,0,form-focused
html,html_4900.html,1816,0,0,0,1,0,2,4,1,0,0,0,0,1,0,0,0,,0,0,0,0,0,form-focused
html,html_13444.html,842,0,0,0,0,0,0,0,1,0,0,0,0,0,1,0,0,,0,0,0,0,0,card-heavy-modern
html,html_14462.html,1251,1,0,1,1,0,0,4,2,0,0,0,0,1,1,0,0,,0,0,0,0,0,form-focused
html,html_11039.html,1979,3,0,1,0,0,1,0,1,0,0,0,0,1,1,0,0,,0,0,0,0,0,form-focused
html,html_10695.html,1432,0,0,3,0,0,0,0,4,0,0,0,1,0,1,0,0,,0,0,0,0,0,card-heavy-modern
html,html_11886.html,945,0,0,0,0,0,1,1,1,0,0,0,0,0,1,0,0,,0,0,0,0,0,card-heavy-modern
html,html_7937.html,1916,0,0,1,1,0,2,4,1,1,0,0,0,1,0,0,0,,0,0,0,0,0,form-focused
html,html_7020.html,1017,0,0,1,1,0,0,3,3,0,0,0,0,1,0,0,0,,0,0,0,0,0,form-focused
html,html_8428.html,2505,1,0,0,0,0,1,4,1,0,0,0,0,1,0,0,0,,0,0,0,0,0,form-focused
html,html_3640.html,1986,0,0,0,1,0,0,4,2,0,0,0,0,1,1,0,0,,0,0,0,0,0,form-focused
html,html_9717.html,1499,1,0,0,1,0,0,4,2,0,0,0,0,1,1,0,0,,0,0,0,0,0,form-focused
html,html_7215.html,1136,0,0,0,0,0,0,0,1,0,0,0,1,0,1,0,0,,0,0,0,0,0,card-heavy-modern
html,html_12759.html,2289,1,0,0,0,0,3,0,1,0,0,0,0,0,1,0,0,,0,0,0,0,0,card-heavy-modern
html,html_5959.html,2755,1,0,2,1,1,1,3,0,0,0,0,0,1,1,0,0,,0,0,0,0,0,form-focused
html,html_4068.html,1398,0,0,0,0,0,1,3,2,0,0,0,0,0,1,0,0,,0,0,0,0,0,card-heavy-modern
html,html_5531.html,2823,1,0,2,1,1,5,7,4,0,0,1,0,1,1,0,0,,0,0,0,0,0,form-focused
html,html_8279.html,1517,0,0,3,0,0,0,0,6,0,0,1,0,0,1,0,0,,0,0,0,0,0,card-heavy-modern
html,html_4861.html,1409,0,0,0,0,0,0,0,3,0,0,0,0,0,0,0,0,,0,0,0,0,0,card-heavy-modern
html,html_2814.html,1197,0,0,0,0,0,0,0,6,0,0,0,0,0,0,0,0,,0,0,0,0,0,card-heavy-modern
html,html_5534.html,1857,0,0,0,0,0,0,0,0,0,0,0,0,0,1,0,0,,0,0,0,0,0,card-heavy-modern
html,html_1763.html,1858,1,0,1,0,0,3,0,5,0,0,0,0,0,0,0,0,,0,0,0,0,0,card-heavy-modern
html,html_1243.html,1382,0,0,0,0,0,2,0,3,0,0,0,0,0,0,0,0,,0,0,0,0,0,card-heavy-modern
html,html_2419.html,1544,0,0,0,0,0,0,0,7,0,0,1,0,0,0,0,0,,0,0,0,0,0,card-heavy-modern
html,html_8647.html,1398,0,0,1,0,0,0,3,3,0,0,0,0,1,1,0,0,,0,0,0,0,0,form-focused
html,html_11379.html,1707,1,0,2,2,0,1,6,1,0,0,0,1,1,0,0,0,,0,0,0,0,0,form-focused
html,html_4739.html,1248,0,0,2,1,0,1,7,2,0,0,0,0,1,1,0,0,,0,0,0,0,0,form-focused
html,html_8648.html,1637,1,0,0,1,0,2,4,0,0,0,0,0,1,1,0,0,,0,0,0,0,0,form-focused
html,html_13362.html,1099,0,0,0,0,0,1,0,2,0,0,0,0,0,0,0,0,,0,0,0,0,0,card-heavy-modern
html,html_1821.html,2232,0,0,0,1,0,0,3,1,0,0,0,0,1,1,0,0,,0,0,0,0,0,form-focused
html,html_14388.html,2169,2,0,0,1,1,2,3,5,0,0,0,0,1,0,0,0,,0,0,0,0,0,form-focused
html,html_1073.html,804,1,0,0,0,0,1,0,1,0,0,0,0,0,1,0,0,,0,0,0,0,0,card-heavy-modern
html,html_10738.html,2338,0,0,0,0,0,0,0,5,0,0,1,0,0,1,0,0,,0,0,0,0,0,card-heavy-modern
html,html_10805.html,1211,0,0,1,0,0,0,0,2,0,0,0,0,0,0,0,0,,0,0,0,0,0,card-heavy-modern
html,html_3193.html,1378,0,0,0,1,0,1,4,1,0,0,0,0,1,0,0,0,,0,0,0,0,0,form-focused
html,html_12447.html,2151,1,0,0,1,0,1,5,0,0,0,0,0,1,1,1,0,,0,0,0,0,0,form-focused
html,html_8924.html,1132,0,0,3,1,0,0,3,3,0,0,0,0,1,1,0,0,,0,0,0,0,0,form-focused
html,html_13487.html,2174,0,0,0,0,0,0,0,5,0,0,0,0,1,0,0,0,,0,0,0,0,0,form-focused
html,html_2484.html,1201,0,0,0,0,0,1,0,0,0,0,0,0,0,0,0,0,,0,0,0,0,0,card-heavy-modern
html,html_7621.html,2302,1,0,1,1,0,1,3,1,0,0,0,0,1,1,0,0,,0,0,0,0,0,form-focused
html,html_8311.html,1591,0,0,0,0,0,0,0,0,0,0,0,0,0,0,1,0,,0,0,0,0,0,card-heavy-modern
html,html_2681.html,1488,0,0,0,1,0,1,5,2,0,0,0,0,1,0,0,0,,0,0,0,0,0,form-focused
html,html_3573.html,2086,0,0,0,1,0,1,4,1,0,0,0,0,1,0,1,0,,0,0,0,0,0,form-focused
html,html_11788.html,1672,0,0,3,1,0,1,4,3,0,0,0,0,1,1,0,0,,0,0,0,0,0,form-focused
html,html_13370.html,1808,0,0,1,1,0,1,7,1,1,0,0,0,1,1,0,0,,0,0,0,0,0,form-focused
html,html_14185.html,1370,1,0,0,0,0,1,0,3,0,1,0,0,0,1,0,0,,0,0,0,0,0,card-heavy-modern
html,html_10359.html,1801,0,0,0,0,0,0,1,3,0,0,0,0,1,1,1,0,,0,0,0,0,0,form-focused
html,html_10281.html,1179,0,0,0,1,0,0,4,1,0,0,0,0,1,0,0,0,,0,0,0,0,0,form-focused
html,html_9467.html,1129,1,0,0,1,0,1,0,1,0,0,0,0,0,0,0,0,,0,0,0,0,0,card-heavy-modern
html,html_11037.html,1612,0,0,3,0,0,0,0,5,0,0,0,0,0,0,0,0,,0,0,0,0,0,card-heavy-modern
html,html_14725.html,1437,0,0,0,1,0,0,4,1,0,0,0,0,1,0,1,0,,0,0,0,0,0,form-focused
html,html_3477.html,1488,1,0,0,0,1,2,0,3,0,0,0,0,0,0,0,0,,0,0,0,0,0,form-focused
html,html_14941.html,1426,0,0,1,0,0,1,0,3,0,0,0,0,0,0,0,0,,0,0,0,0,0,card-heavy-modern
html,html_9763.html,1432,0,0,0,1,0,1,4,4,0,0,0,0,1,1,0,0,,0,0,0,0,0,form-focused
html,html_8700.html,1422,1,0,0,0,0,1,0,1,0,0,0,0,0,1,0,0,,0,0,0,0,0,card-heavy-modern
html,html_4412.html,1282,0,0,0,0,0,1,0,1,0,0,0,0,0,0,0,0,,0,0,0,0,0,card-heavy-modern
html,html_2965.html,1363,0,0,0,1,0,0,0,4,0,0,0,0,1,1,0,0,,0,0,0,0,0,form-focused
html,html_14784.html,1662,0,0,3,0,0,0,0,4,0,0,1,0,1,1,0,0,,0,0,0,0,0,form-focused
html,html_3556.html,1482,0,0,2,0,0,4,0,2,0,0,0,0,0,1,1,0,,0,0,0,0,0,image-rich-gallery
html,html_9405.html,916,0,0,2,1,0,0,4,1,0,0,0,0,1,0,0,0,,0,0,0,0,0,form-focused
html,html_5178.html,2153,0,0,0,1,0,0,3,1,0,0,0,0,1,1,0,0,,0,0,0,0,0,form-focused
html,html_2539.html,2402,0,0,2,1,0,1,7,2,1,0,0,0,1,1,0,0,,0,0,0,0,0,form-focused
html,html_12458.html,2177,0,0,0,1,0,0,3,1,0,0,0,0,1,1,0,0,,0,0,0,0,0,form-focused
html,html_991.html,1477,0,0,0,1,0,1,5,1,0,0,0,0,1,1,0,0,,0,0,0,0,0,form-focused
html,html_7013.html,1187,0,0,4,0,0,0,0,5,0,0,0,0,0,0,0,0,,0,0,0,0,0,card-heavy-modern
html,html_9878.html,1080,0,0,0,0,0,0,0,2,0,0,0,0,0,0,0,0,,0,0,0,0,0,card-heavy-modern
html,html_2385.html,1611,0,0,1,1,0,1,2,1,0,0,0,0,1,1,0,0,,0,0,0,0,0,form-focused
html,html_1206.html,1621,0,0,2,1,0,1,4,3,0,0,0,0,1,0,0,0,,0,0,0,0,0,form-focused
html,html_996.html,1030,0,0,0,0,0,0,0,4,0,0,0,0,0,0,0,0,,0,0,0,0,0,card-heavy-modern
html,html_6143.html,2490,0,0,0,1,0,1,4,2,0,0,0,0,1,1,0,0,,0,0,0,0,0,form-focused
html,html_11033.html,1991,0,0,1,1,0,3,7,0,0,0,0,1,1,1,0,0,,0,0,0,0,0,form-focused
html,html_7421.html,1768,0,0,0,1,0,1,10,3,0,0,0,0,1,0,0,0,,0,0,0,0,0,form-focused
html,html_12567.html,2463,1,0,0,1,0,0,3,1,0,0,0,0,1,1,0,0,,0,0,0,0,0,form-focused
html,html_5760.html,1678,0,0,1,2,0,2,6,1,1,0,0,0,1,1,0,0,,0,0,0,0,0,form-focused
html,html_3568.html,1684,0,0,2,1,0,0,2,2,0,0,0,0,0,0,0,0,,0,0,0,0,0,card-heavy-modern
html,html_1343.html,1586,1,0,1,0,1,0,0,4,0,0,0,0,1,0,0,0,,0,0,0,0,0,form-focused
html,html_170.html,1083,0,0,3,1,0,1,0,3,0,0,0,0,0,0,1,0,,0,0,0,0,0,image-rich-gallery
html,html_13289.html,1965,0,0,0,0,0,1,3,3,0,0,0,0,1,0,0,0,,0,0,0,0,0,form-focused
html,html_8604.html,1413,0,0,0,1,0,2,4,3,0,0,0,0,1,1,0,0,,0,0,0,0,0,form-focused
html,html_12980.html,1422,0,0,0,0,0,0,0,2,0,1,0,0,0,0,0,0,,0,0,0,0,0,card-heavy-modern
html,html_3012.html,1619,0,0,0,1,0,0,4,1,0,1,0,0,1,1,0,0,,0,0,0,0,0,form-focused
html,html_4189.html,1862,0,0,4,1,0,1,4,4,0,0,0,0,1,1,1,0,,0,0,0,0,0,form-focused
html,html_12498.html,1201,1,0,0,1,0,0,4,1,0,0,0,0,1,0,0,0,,0,0,0,0,0,form-focused
html,html_10755.html,1634,0,0,0,0,0,0,5,3,0,0,0,0,1,1,0,0,,0,0,0,0,0,form-focused
html,html_3049.html,1391,0,0,0,0,0,1,0,4,0,0,0,0,1,0,0,0,,0,0,0,0,0,form-focused
html,html_11414.html,841,1,0,2,1,1,0,0,3,0,0,0,0,0,0,0,0,,0,0,0,0,0,form-focused
html,html_9157.html,1640,2,0,0,0,1,1,0,1,0,0,0,0,0,1,0,0,,0,0,0,0,0,form-focused
html,html_4723.html,1887,1,0,2,0,0,2,0,5,0,0,1,0,0,0,1,0,,0,0,0,0,0,image-rich-gallery
html,html_4933.html,2071,0,0,0,1,0,2,6,1,1,0,0,0,1,1,0,0,,0,0,0,0,0,form-focused
html,html_12558.html,1939,0,0,1,1,0,1,0,4,0,1,0,1,0,0,0,0,,0,0,0,0,0,card-heavy-modern
html,html_13556.html,1619,1,0,2,1,0,1,6,1,0,1,0,0,0,1,0,0,,0,0,0,0,0,card-heavy-modern
html,html_841.html,1631,0,0,1,1,0,0,4,2,0,0,0,0,1,0,0,0,,0,0,0,0,0,form-focused
html,html_10005.html,1842,0,0,3,1,0,1,6,3,0,0,0,0,0,1,0,0,,0,0,0,0,0,card-heavy-modern
html,html_7028.html,1348,0,0,0,1,0,1,4,1,0,0,0,0,1,1,0,0,,0,0,0,0,0,form-focused
html,html_6510.html,1394,0,0,0,1,0,0,0,3,0,0,1,0,1,0,0,0,,0,0,0,0,0,form-focused
html,html_109.html,2450,1,0,3,1,0,0,3,4,0,0,1,0,1,1,0,0,,0,0,0,0,0,form-focused
html,html_3847.html,1642,0,0,1,1,0,1,3,2,0,0,0,0,0,0,0,0,,0,0,0,0,0,card-heavy-modern
html,html_11068.html,2377,0,0,0,1,0,0,4,5,0,0,0,0,1,0,0,0,,0,0,0,0,0,form-focused
html,html_9269.html,1728,2,0,2,1,0,1,4,2,0,0,0,0,1,1,0,0,,0,0,0,0,0,form-focused
html,html_10038.html,1742,0,0,0,0,0,4,0,2,0,0,0,0,0,0,0,0,,0,0,0,0,0,card-heavy-modern
html,html_4131.html,1352,0,0,3,1,0,1,3,3,0,0,1,0,0,1,0,0,,0,0,0,0,0,card-heavy-modern
html,html_7743.html,1522,0,0,1,0,0,1,5,3,0,0,0,0,0,1,0,0,,0,0,0,0,0,card-heavy-modern
html,html_11713.html,952,0,0,0,0,0,0,0,1,0,0,0,0,0,1,0,0,,0,0,0,0,0,card-heavy-modern
html,html_3999.html,1838,0,0,1,1,0,6,4,0,0,0,0,0,1,1,0,0,,0,0,0,0,0,form-focused
html,html_5019.html,2114,0,0,3,1,0,0,3,3,0,1,1,0,0,0,0,1,#fea,0,0,0,0,0,card-heavy-modern
html,html_5204.html,913,1,0,0,0,0,1,0,1,0,0,0,0,1,1,0,0,,0,0,0,0,0,form-focused
html,html_14121.html,1662,1,0,1,0,0,3,0,2,0,0,0,0,0,0,0,0,,0,0,0,0,0,card-heavy-modern
html,html_13553.html,1359,0,0,0,0,0,0,0,6,0,0,0,0,1,1,0,0,,0,0,0,0,0,form-focused
html,html_7377.html,1234,0,0,1,1,0,1,4,1,0,0,0,0,1,0,0,0,,0,0,0,0,0,form-focused
html,html_955.html,1584,0,0,0,1,0,1,4,1,0,0,0,0,1,1,0,0,,0,0,0,0,0,form-focused
html,html_14100.html,2115,1,0,0,0,0,0,0,1,0,0,0,0,1,1,0,0,,0,0,0,0,0,form-focused
html,html_4951.html,1112,0,0,0,1,0,1,0,0,0,0,0,0,1,0,0,0,,0,0,0,0,0,form-focused
html,html_12540.html,2600,0,0,1,1,0,0,6,1,0,0,0,0,1,0,0,0,,0,0,0,0,0,form-focused
html,html_5158.html,1410,0,0,0,0,0,0,0,4,0,0,0,0,0,0,0,0,,0,0,0,0,0,card-heavy-modern
html,html_4245.html,2368,1,0,4,1,0,0,3,5,1,0,0,0,0,1,0,0,,0,0,0,0,0,card-heavy-modern
html,html_2052.html,1607,0,0,0,1,0,2,4,1,0,0,0,0,1,1,0,0,,0,0,0,0,0,form-focused
html,html_963.html,1272,0,0,0,1,0,1,0,1,0,0,1,0,0,0,0,0,,0,0,0,0,0,card-heavy-modern
html,html_6971.html,1677,1,0,1,1,0,1,4,1,0,0,0,0,1,1,0,0,,0,0,0,0,0,form-focused
html,html_5139.html,809,0,0,0,1,0,0,4,1,0,0,0,0,1,1,0,0,,0,0,0,0,0,form-focused
html,html_1263.html,1048,0,0,0,1,0,1,3,0,0,0,0,0,0,0,0,0,,0,0,0,0,0,card-heavy-modern
html,html_7227.html,1158,0,0,0,0,0,1,1,1,0,0,0,0,0,0,0,0,,0,0,0,0,0,card-heavy-modern
html,html_11124.html,2037,0,0,0,1,0,0,3,1,0,0,0,0,1,0,0,0,,0,0,0,0,0,form-focused
html,html_2582.html,1984,1,0,0,1,1,1,4,3,0,0,0,0,0,0,0,0,,0,0,0,0,0,form-focused
html,html_2830.html,2391,0,0,0,1,0,1,3,2,0,0,0,0,1,0,1,0,,0,0,0,0,0,form-focused
html,html_3386.html,1492,1,0,1,1,0,0,0,2,0,0,0,0,1,1,0,0,,0,0,0,0,0,form-focused
html,html_10379.html,2002,0,0,2,1,0,1,7,2,0,0,0,0,1,1,0,0,,0,0,0,0,0,form-focused
html,html_1139.html,1986,1,0,0,0,1,1,0,3,0,0,0,0,0,0,0,0,,0,0,0,0,0,form-focused
html,html_3757.html,1074,0,0,0,0,0,1,0,1,0,0,0,0,0,0,0,0,,0,0,0,0,0,card-heavy-modern
html,html_6419.html,2016,1,0,1,1,0,2,4,1,0,0,0,0,1,0,0,0,,0,0,0,0,0,form-focused
html,html_5373.html,1673,0,0,1,0,0,0,0,7,0,0,1,0,1,1,0,0,,0,0,0,0,0,form-focused
html,html_13536.html,2207,1,0,0,1,0,3,2,1,1,0,0,0,0,0,0,0,,0,0,0,0,0,card-heavy-modern
html,html_1504.html,2084,0,0,1,0,0,4,6,5,1,0,0,0,0,1,0,0,,0,0,0,0,0,card-heavy-modern
html,html_9486.html,2088,0,0,2,1,0,4,4,2,1,0,0,0,1,1,0,0,,0,0,0,0,0,form-focused
html,html_6081.html,2134,1,0,1,1,0,2,4,1,1,0,0,0,0,0,0,0,,0,0,0,0,0,card-heavy-modern
html,html_12561.html,1666,0,0,2,0,0,2,0,5,0,0,1,0,0,1,0,0,,0,0,0,0,0,card-heavy-modern
html,html_4144.html,1643,0,0,0,1,0,0,5,3,0,0,1,0,1,1,0,0,,0,0,0,0,0,form-focused
html,html_12451.html,1494,0,0,4,1,0,1,3,4,1,0,0,0,1,0,1,0,,0,0,0,0,0,form-focused
html,html_11277.html,2334,1,0,0,0,0,1,3,0,0,0,0,0,1,1,0,0,,0,0,0,0,0,form-focused
html,html_503.html,1149,1,0,0,1,0,0,3,1,0,0,0,0,1,1,0,0,,0,0,0,0,0,form-focused
html,html_4148.html,1058,0,0,0,0,0,0,0,0,0,0,0,0,0,0,0,0,,0,0,0,0,0,card-heavy-modern
html,html_10679.html,2057,1,0,0,0,0,0,6,5,0,0,0,0,1,1,0,0,,0,0,0,0,0,form-focused
html,html_339.html,1790,0,0,0,0,0,0,0,2,0,0,0,0,1,0,0,0,,0,0,0,0,0,form-focused
html,html_8464.html,1492,0,0,3,0,0,0,0,4,0,0,0,0,1,1,0,0,,0,0,0,0,0,form-focused
html,html_687.html,1607,0,0,0,0,0,0,0,5,0,0,1,0,0,0,0,0,,0,0,0,0,0,card-heavy-modern
html,html_13007.html,1374,0,0,0,1,0,0,3,1,0,0,0,0,1,0,0,0,,0,0,0,0,0,form-focused
html,html_178.html,1019,1,0,0,0,0,1,0,2,0,1,0,0,0,0,0,0,,0,0,0,0,0,card-heavy-modern
html,html_5482.html,1584,0,0,1,1,0,1,0,3,0,0,0,0,1,1,0,0,,0,0,0,0,0,form-focused
html,html_7466.html,1904,0,0,0,0,0,3,0,4,0,0,0,0,0,0,1,0,,0,0,0,0,0,image-rich-gallery
html,html_6426.html,819,1,0,2,0,0,0,0,3,0,0,0,0,0,1,0,0,,0,0,0,0,0,card-heavy-modern
html,html_3743.html,1903,0,0,0,0,0,1,0,0,1,0,1,0,0,0,0,0,,0,0,0,0,0,card-heavy-modern
html,html_14446.html,743,0,0,1,1,0,1,0,1,0,0,0,0,0,0,0,0,,0,0,0,0,0,card-heavy-modern
html,html_12010.html,1293,0,0,1,1,0,1,4,1,0,0,0,0,1,1,0,0,,0,0,0,0,0,form-focused
html,html_452.html,1742,0,0,0,1,0,0,3,1,0,0,0,0,1,1,0,0,,0,0,0,0,0,form-focused
html,html_8275.html,1601,0,0,1,0,0,3,1,3,1,0,0,0,0,0,1,0,,0,0,0,0,0,image-rich-gallery
html,html_2350.html,1717,1,0,1,1,0,1,6,2,0,0,1,0,1,1,0,0,,0,0,0,0,0,form-focused
html,html_8783.html,1444,0,0,0,0,0,0,0,4,1,0,0,0,0,0,0,0,,0,0,0,0,0,card-heavy-modern
html,html_9525.html,1059,0,0,0,1,0,1,0,3,0,0,0,0,0,1,0,0,,0,0,0,0,0,card-heavy-modern
html,html_3824.html,2563,2,0,0,0,0,1,0,1,0,0,0,0,0,1,0,0,,0,0,0,0,0,card-heavy-modern
html,html_14360.html,1695,0,0,0,0,0,1,0,3,1,0,0,0,0,0,0,0,,0,0,0,0,0,card-heavy-modern
html,html_12088.html,1440,0,0,4,1,0,1,5,7,0,0,0,0,0,0,0,0,,0,0,0,0,0,card-heavy-modern
html,html_4353.html,1825,0,0,3,1,0,0,5,2,1,0,0,0,1,0,0,0,,0,0,0,0,0,form-focused
html,html_11529.html,2131,0,0,3,1,0,0,4,7,0,0,1,0,1,0,0,0,,0,0,0,0,0,form-focused
html,html_1691.html,1009,0,0,3,1,0,0,1,4,0,0,1,0,0,0,0,0,,0,0,0,0,0,card-heavy-modern
html,html_3365.html,724,1,0,0,0,0,1,0,1,0,0,0,0,0,0,0,0,,0,0,0,0,0,card-heavy-modern
html,html_9381.html,1813,1,0,0,0,0,0,0,2,0,0,0,0,0,0,0,0,,0,0,0,0,0,card-heavy-modern
html,html_4000.html,2807,1,0,0,1,1,3,4,1,0,0,0,0,1,1,0,0,,0,0,0,0,0,form-focused
html,html_7926.html,1444,0,0,0,1,0,1,4,1,0,0,0,0,1,1,0,0,,0,0,0,0,0,form-focused
html,html_6334.html,1542,0,0,0,0,0,0,0,1,0,0,0,0,0,0,0,0,,0,0,0,0,0,card-heavy-modern
html,html_7622.html,2829,1,0,0,0,0,1,0,2,0,0,0,0,0,0,0,0,,0,0,0,0,0,card-heavy-modern
html,html_368.html,1075,0,1,0,0,0,1,0,2,0,0,0,0,0,0,0,0,,0,0,0,0,0,card-heavy-modern
html,html_1401.html,1520,0,0,0,1,0,0,4,1,0,0,0,0,1,0,0,0,,0,0,0,0,0,form-focused
html,html_11697.html,1655,3,0,3,0,0,0,0,4,0,0,0,0,0,0,0,0,,0,0,0,0,0,card-heavy-modern
html,html_10443.html,1412,1,0,0,1,0,1,4,1,0,0,0,0,1,0,0,0,,0,0,0,0,0,form-focused
html,html_3584.html,1537,0,0,3,0,0,1,0,3,1,0,0,0,0,1,0,0,,0,0,0,0,0,card-heavy-modern
html,html_4508.html,1260,0,0,3,0,0,0,0,4,0,0,1,0,1,0,1,0,,0,0,0,0,0,form-focused
html,html_425.html,1571,0,0,0,1,0,1,4,1,1,0,0,0,1,1,0,0,,0,0,0,0,0,form-focused
html,html_3102.html,2566,0,0,2,1,0,4,8,3,1,0,0,0,1,1,0,0,,0,0,0,0,0,form-focused
html,html_8057.html,1382,1,0,0,1,0,1,4,1,0,0,0,0,1,1,0,0,,0,0,0,0,0,form-focused
html,html_10430.html,1359,0,0,0,0,0,0,0,3,0,1,1,0,0,0,0,0,,0,0,0,0,0,card-heavy-modern
html,html_3696.html,1781,0,0,0,0,0,0,0,0,0,0,0,0,0,0,0,0,,0,0,0,0,0,card-heavy-modern
html,html_13520.html,1146,0,0,4,1,0,1,3,4,1,0,0,0,0,0,1,1,#fea,0,0,0,0,0,image-rich-gallery
html,html_6757.html,873,0,0,0,0,0,1,0,2,0,0,0,0,0,0,1,0,,0,0,0,0,0,image-rich-gallery
html,html_8359.html,1614,1,0,2,1,1,1,4,1,0,0,0,0,1,1,0,0,,0,0,0,0,0,form-focused
html,html_8799.html,918,1,0,0,0,0,1,0,2,0,0,0,0,0,0,0,0,,0,0,0,0,0,card-heavy-modern
html,html_3865.html,984,0,0,0,0,0,0,0,1,0,0,0,0,0,0,0,0,,0,0,0,0,0,card-heavy-modern
html,html_2294.html,1591,1,0,0,1,0,0,3,4,0,0,1,0,1,1,0,0,,0,0,0,0,0,form-focused
html,html_14088.html,2596,2,0,0,0,1,1,0,4,0,0,0,0,0,0,1,0,,0,0,0,0,0,form-focused
html,html_2730.html,948,1,0,0,1,0,0,4,1,0,0,0,0,1,0,0,0,,0,0,0,0,0,form-focused
html,html_4338.html,1364,1,0,1,0,0,0,0,3,0,0,0,0,0,0,0,0,,0,0,0,0,0,card-heavy-modern
html,html_4647.html,1705,0,0,0,0,0,5,0,2,0,0,0,0,0,1,0,0,,0,0,0,0,0,card-heavy-modern
html,html_9132.html,1979,0,0,0,1,0,1,3,1,0,0,0,0,1,1,0,0,,0,0,0,0,0,form-focused
html,html_116.html,3315,1,0,0,1,0,1,3,1,0,0,0,0,1,1,0,0,,0,0,0,0,0,form-focused
html,html_3414.html,1940,0,0,4,1,0,0,5,4,0,0,0,0,0,0,0,0,,0,0,0,0,0,card-heavy-modern
html,html_10237.html,1441,0,0,0,0,0,0,0,4,0,0,0,0,0,1,0,0,,0,0,0,0,0,card-heavy-modern
html,html_13098.html,1319,0,0,0,0,0,1,0,3,0,0,0,0,0,1,0,0,,0,0,0,0,0,card-heavy-modern
html,html_6443.html,891,0,0,0,0,0,1,0,1,0,0,0,0,0,0,0,0,,0,0,0,0,0,card-heavy-modern
html,html_3221.html,1304,0,0,1,1,0,1,1,2,0,0,0,0,0,1,0,0,,0,0,0,0,0,card-heavy-modern
html,html_561.html,2037,0,0,3,1,0,0,3,4,0,0,0,0,0,0,0,0,,0,0,0,0,0,card-heavy-modern
html,html_14256.html,1922,0,0,0,1,0,1,3,1,0,0,0,0,1,0,0,0,,0,0,0,0,0,form-focused
html,html_8566.html,1221,0,0,0,0,0,0,0,1,0,0,0,0,0,0,0,0,,0,0,0,0,0,card-heavy-modern
html,html_4626.html,1834,0,0,2,0,0,2,2,3,0,0,0,0,0,0,0,0,,0,0,0,0,0,card-heavy-modern
html,html_8168.html,2564,0,0,0,1,0,0,4,1,0,0,0,0,1,1,0,0,,0,0,0,0,0,form-focused
html,html_10789.html,1774,1,0,0,0,0,3,0,0,0,0,0,0,0,0,0,0,,0,0,0,0,0,card-heavy-modern
html,html_4878.html,2066,0,0,0,1,0,0,5,1,0,0,0,0,1,1,0,0,,0,0,0,0,0,form-focused
html,html_8987.html,2405,1,0,0,1,0,0,6,1,0,0,0,0,1,0,0,0,,0,0,0,0,0,form-focused
html,html_11188.html,1009,0,0,0,0,0,0,0,0,0,0,0,0,0,0,0,0,,0,0,0,0,0,card-heavy-modern
html,html_4315.html,1726,0,0,0,1,0,0,4,2,0,0,0,0,1,0,0,0,,0,0,0,0,0,form-focused
html,html_1972.html,1064,1,0,0,0,0,1,0,2,0,0,0,0,0,0,0,0,,0,0,0,0,0,card-heavy-modern
html,html_12204.html,936,0,0,0,0,0,0,0,3,0,0,0,0,0,0,0,0,,0,0,0,0,0,card-heavy-modern
html,html_8567.html,1095,0,0,0,0,0,1,0,1,0,0,0,0,0,0,0,0,,0,0,0,0,0,card-heavy-modern
html,html_7411.html,1369,0,0,0,1,0,1,4,2,0,0,0,0,1,0,0,0,,0,0,0,0,0,form-focused
html,html_3636.html,1877,0,0,0,1,0,0,4,4,0,0,0,0,1,1,0,0,,0,0,0,0,0,form-focused
html,html_264.html,1533,0,0,0,0,0,1,0,1,0,0,0,0,0,0,0,0,,0,0,0,0,0,card-heavy-modern
html,html_4484.html,2419,1,0,0,1,0,1,3,2,0,0,0,0,1,0,1,0,,0,0,0,0,0,form-focused
html,html_6720.html,1885,0,0,0,0,0,0,0,0,0,0,0,0,0,1,0,0,,0,0,0,0,0,card-heavy-modern
html,html_10942.html,1415,0,0,0,1,0,1,4,1,0,0,0,0,1,1,0,0,,0,0,0,0,0,form-focused
html,html_1926.html,1777,0,0,1,0,0,0,0,3,0,0,0,0,0,1,0,0,,0,0,0,0,0,card-heavy-modern
html,html_5038.html,1503,1,0,0,1,0,1,4,1,0,0,0,0,1,0,0,0,,0,0,0,0,0,form-focused
html,html_4725.html,1689,1,0,2,1,0,0,4,3,0,0,0,0,1,1,0,0,,0,0,0,0,0,form-focused
html,html_9397.html,1465,2,0,0,1,0,1,3,1,0,0,0,0,1,1,0,0,,0,0,0,0,0,form-focused
html,html_8303.html,1388,1,0,0,0,0,1,0,1,0,0,0,0,1,0,0,0,,0,0,0,0,0,form-focused
html,html_4714.html,2686,0,0,2,1,0,0,7,5,0,0,0,0,1,1,1,0,,0,0,0,0,0,form-focused
html,html_1363.html,1775,0,0,1,1,0,0,4,1,0,0,0,0,1,1,0,0,,0,0,0,0,0,form-focused
html,html_2899.html,1227,0,0,0,0,0,0,0,3,0,0,1,0,0,1,0,0,,0,0,0,0,0,card-heavy-modern
html,html_13884.html,2345,0,0,0,0,0,1,3,4,0,0,0,0,1,1,0,0,,0,0,0,0,0,form-focused
html,html_1049.html,1598,0,0,0,1,0,0,4,1,0,0,0,0,1,0,0,0,,0,0,0,0,0,form-focused
html,html_5337.html,2600,0,0,0,1,0,0,4,5,0,0,0,1,0,1,0,0,,0,0,0,0,0,card-heavy-modern
html,html_11470.html,930,0,1,0,0,0,0,0,4,0,0,0,0,0,0,0,0,,0,0,0,0,0,card-heavy-modern
html,html_9847.html,1195,0,0,0,0,0,0,0,1,0,0,0,0,0,0,0,0,,0,0,0,0,0,card-heavy-modern
html,html_4213.html,1327,1,0,0,1,0,0,0,1,0,0,0,0,0,1,0,0,,0,0,0,0,0,card-heavy-modern
html,html_2139.html,1448,0,0,0,0,0,0,0,6,0,0,0,0,0,0,0,0,,0,0,0,0,0,card-heavy-modern
html,html_106.html,1745,0,0,1,1,0,0,7,4,0,0,0,0,1,0,0,0,,0,0,0,0,0,form-focused
html,html_63.html,1585,0,0,0,0,0,2,0,5,0,0,0,0,1,1,1,0,,0,0,0,0,0,form-focused
html,html_5410.html,1740,1,0,1,0,1,1,3,2,0,0,0,0,0,1,0,0,,0,0,0,0,0,form-focused
html,html_13972.html,2470,0,0,0,1,0,0,9,1,0,0,0,0,1,1,0,0,,0,0,0,0,0,form-focused
html,html_9751.html,587,0,0,0,0,0,0,0,1,0,0,0,0,0,1,0,0,,0,0,0,0,0,card-heavy-modern
html,html_992.html,1774,1,0,0,0,0,0,3,1,0,0,0,0,1,0,0,0,,0,0,0,0,0,form-focused
html,html_1924.html,876,1,0,0,0,0,0,0,1,0,0,0,0,1,0,0,0,,0,0,0,0,0,form-focused
html,html_8086.html,1527,0,0,0,1,0,0,4,1,0,0,0,0,1,1,0,0,,0,0,0,0,0,form-focused
html,html_9278.html,1389,0,0,0,0,0,0,0,0,0,1,0,0,0,1,0,0,,0,0,0,0,0,card-heavy-modern
html,html_3659.html,2536,1,0,0,2,0,2,8,1,0,0,0,0,0,1,0,0,,0,0,0,0,0,card-heavy-modern
html,html_13382.html,1566,0,0,0,0,0,1,5,1,0,0,0,0,1,0,0,0,,0,0,0,0,0,form-focused
html,html_3658.html,1276,0,0,0,1,0,0,6,1,0,0,0,0,0,0,0,0,,0,0,0,0,0,card-heavy-modern
html,html_14160.html,1449,0,0,0,1,0,1,7,2,0,0,0,1,1,1,0,0,,0,0,0,0,0,form-focused
html,html_1389.html,1435,0,0,1,0,0,0,0,4,0,0,0,0,0,0,0,0,,0,0,0,0,0,card-heavy-modern
html,html_2282.html,1447,0,0,3,0,0,0,0,4,0,0,0,0,1,0,0,0,,0,0,0,0,0,form-focused
html,html_11833.html,1117,1,0,0,0,0,1,0,0,0,0,0,0,0,0,0,0,,0,0,0,0,0,card-heavy-modern
html,html_14776.html,1731,0,0,1,1,0,1,4,6,0,0,1,0,0,1,0,0,,0,0,0,0,0,card-heavy-modern
html,html_7991.html,1651,0,0,0,0,0,0,0,6,0,0,0,0,1,0,1,0,,0,0,0,0,0,form-focused
html,html_13571.html,1758,1,0,0,1,0,0,5,1,0,0,0,0,1,1,0,0,,0,0,0,0,0,form-focused
html,html_8017.html,2386,1,0,1,0,0,1,2,1,0,0,0,0,0,1,0,0,,0,0,0,0,0,card-heavy-modern
html,html_11084.html,1677,0,0,4,1,0,1,4,4,0,0,1,0,0,0,0,1,#fac,0,0,0,0,0,card-heavy-modern
html,html_11723.html,1616,0,0,0,0,0,2,0,0,0,0,0,0,0,0,0,0,,0,0,0,0,0,card-heavy-modern
html,html_4944.html,1895,0,0,1,1,0,1,4,3,0,0,1,0,1,1,0,0,,0,0,0,0,0,form-focused
html,html_13643.html,1137,1,0,2,0,0,1,0,2,0,0,0,0,0,1,0,0,,0,0,0,0,0,card-heavy-modern
html,html_1619.html,1561,0,0,0,0,0,2,0,3,0,1,0,0,0,0,0,0,,0,0,0,0,0,card-heavy-modern
html,html_7915.html,1671,0,0,3,1,0,0,5,4,0,0,0,0,0,0,0,0,,0,0,0,0,0,card-heavy-modern
html,html_1194.html,2050,1,0,2,1,0,1,5,3,0,0,0,0,1,0,0,0,,0,0,0,0,0,form-focused
html,html_2100.html,1375,1,0,0,0,0,0,3,1,0,0,0,0,1,0,0,0,,0,0,0,0,0,form-focused
html,html_13373.html,1681,0,0,1,0,0,1,2,3,0,0,0,0,1,0,0,0,,0,0,0,0,0,form-focused
html,html_2436.html,2370,1,0,0,1,0,0,3,4,0,0,0,1,1,1,0,0,,0,0,0,0,0,form-focused
html,html_1602.html,1195,1,0,1,0,0,0,0,5,0,0,1,0,1,0,0,0,,0,0,0,0,0,form-focused
html,html_1720.html,1287,0,0,0,0,0,2,0,2,0,1,0,0,0,0,0,0,,0,0,0,0,0,card-heavy-modern
html,html_12278.html,1541,0,0,0,0,0,1,0,3,0,0,0,0,1,1,0,0,,0,0,0,0,0,form-focused
html,html_10867.html,1440,1,0,0,0,0,2,0,1,0,0,0,0,1,0,0,0,,0,0,0,0,0,form-focused
html,html_10736.html,1073,0,0,0,0,0,0,0,2,0,0,0,0,0,0,0,0,,0,0,0,0,0,card-heavy-modern
html,html_5753.html,1053,0,0,3,1,0,2,3,2,1,0,0,0,1,0,0,0,,0,0,0,0,0,form-focused
html,html_107.html,2150,1,0,0,1,0,0,3,2,1,0,0,0,1,1,0,0,,0,0,0,0,0,form-focused
html,html_11067.html,2215,1,0,0,1,0,0,3,1,0,0,0,0,1,0,0,0,,0,0,0,0,0,form-focused
html,html_13104.html,1784,0,0,0,1,0,1,4,1,0,0,0,0,1,0,1,0,,0,0,0,0,0,form-focused
html,html_6476.html,1807,0,0,0,0,0,2,0,1,0,0,1,0,0,1,0,0,,0,0,0,0,0,card-heavy-modern
html,html_10851.html,2425,1,0,0,0,0,0,0,0,0,0,0,1,1,1,0,0,,0,0,0,0,0,form-focused
html,html_4374.html,1783,1,0,0,0,0,2,0,1,0,0,0,0,0,1,0,0,,0,0,0,0,0,card-heavy-modern
html,html_7123.html,1302,0,0,0,1,0,0,5,2,0,0,0,0,1,1,0,0,,0,0,0,0,0,form-focused
html,html_335.html,2787,0,0,0,1,0,1,3,3,1,0,0,0,0,1,0,0,,0,0,0,0,0,card-heavy-modern
html,html_835.html,1370,1,0,0,0,0,0,0,0,0,0,0,0,1,0,0,0,,0,0,0,0,0,form-focused
html,html_3497.html,1669,0,0,0,1,0,1,4,2,0,0,0,0,1,0,1,0,,0,0,0,0,0,form-focused
html,html_5936.html,2200,0,0,0,1,0,0,3,0,0,0,0,0,1,0,1,0,,0,0,0,0,0,form-focused
html,html_8378.html,1116,0,0,1,0,0,1,1,1,0,0,0,0,1,0,0,0,,0,0,0,0,0,form-focused
html,html_1203.html,1590,0,0,1,1,0,3,4,3,1,0,0,0,1,0,0,0,,0,0,0,0,0,form-focused
html,html_1724.html,1983,0,0,3,1,0,1,6,3,0,0,1,0,1,1,0,0,,0,0,0,0,0,form-focused
html,html_14039.html,1798,0,0,3,1,0,0,4,3,0,0,0,0,0,0,1,0,,0,0,0,0,0,card-heavy-modern
html,html_7055.html,1676,1,0,0,0,0,1,0,1,0,0,0,0,0,1,0,0,,0,0,0,0,0,card-heavy-modern
html,html_14573.html,1302,0,0,0,1,0,3,3,0,0,0,1,0,1,0,0,0,,0,0,0,0,0,form-focused
html,html_14974.html,2001,1,0,0,1,0,0,3,1,0,0,0,0,1,0,0,0,,0,0,0,0,0,form-focused
html,html_685.html,4503,0,0,2,0,0,4,6,1,1,0,0,0,0,0,1,0,,0,0,0,0,0,image-rich-gallery
html,html_4492.html,1823,1,0,0,1,1,0,4,5,0,0,0,0,0,0,0,0,,0,0,0,0,0,form-focused
html,html_2106.html,2372,0,0,0,1,0,0,3,1,0,0,0,1,1,1,0,0,,0,0,0,0,0,form-focused
html,html_9417.html,2858,0,0,0,0,0,1,0,4,0,0,1,0,0,0,0,0,,0,0,0,0,0,card-heavy-modern
html,html_6330.html,1792,0,2,4,1,0,1,5,4,0,1,1,0,0,0,0,0,,0,0,0,0,0,card-heavy-modern
html,html_5177.html,1910,0,0,0,1,0,1,4,1,0,0,0,0,1,1,0,0,,0,0,0,0,0,form-focused
html,html_2509.html,1251,1,0,0,0,0,0,0,1,0,0,0,0,0,1,0,0,,0,0,0,0,0,card-heavy-modern
html,html_1731.html,2791,2,0,3,0,1,1,6,6,0,0,0,0,1,1,0,0,,0,0,0,0,0,form-focused
html,html_5033.html,1731,0,0,0,1,0,0,5,2,0,0,0,0,1,0,0,0,,0,0,0,0,0,form-focused
html,html_5746.html,2067,2,0,2,1,1,2,8,1,0,0,1,0,1,1,0,0,,0,0,0,0,0,form-focused
html,html_3210.html,1893,0,0,0,0,0,0,0,3,0,0,0,0,0,1,0,0,,0,0,0,0,0,card-heavy-modern
html,html_11945.html,1791,0,0,0,1,0,1,7,1,0,0,0,0,1,0,0,0,,0,0,0,0,0,form-focused
html,html_3081.html,2974,1,0,0,1,0,0,3,1,0,0,0,0,1,1,0,0,,0,0,0,0,0,form-focused
html,html_13693.html,1357,0,0,0,1,0,2,1,1,0,0,0,0,0,0,0,0,,0,0,0,0,0,card-heavy-modern
html,html_7709.html,1503,2,0,3,0,0,0,0,4,1,0,0,0,0,0,0,0,,0,0,0,0,0,card-heavy-modern
html,html_21.html,1138,0,0,0,0,0,0,0,3,0,0,0,0,0,1,0,0,,0,0,0,0,0,card-heavy-modern
html,html_10325.html,1246,0,0,0,1,0,1,5,1,0,0,0,0,1,1,0,0,,0,0,0,0,0,form-focused
html,html_10453.html,1078,0,0,3,0,0,1,0,4,0,0,0,0,0,0,0,0,,0,0,0,0,0,card-heavy-modern
html,html_3750.html,856,0,0,0,0,0,0,0,1,0,0,0,0,0,1,0,0,,0,0,0,0,0,card-heavy-modern
html,html_2616.html,1149,1,0,1,0,0,0,0,4,0,0,0,0,0,1,0,0,,0,0,0,0,0,card-heavy-modern
html,html_6936.html,1192,0,0,0,1,0,1,4,1,0,0,0,0,1,1,0,0,,0,0,0,0,0,form-focused
html,html_11185.html,860,0,0,0,1,0,0,4,1,0,0,1,0,0,0,0,0,,0,0,0,0,0,card-heavy-modern
html,html_12239.html,1903,1,0,0,1,0,0,3,1,0,0,0,0,1,0,0,0,,0,0,0,0,0,form-focused
html,html_1307.html,1700,0,0,0,1,0,2,6,0,0,0,0,0,1,0,0,0,,0,0,0,0,0,form-focused
html,html_13146.html,3023,1,0,0,1,0,0,5,1,0,0,0,1,1,1,0,0,,0,0,0,0,0,form-focused
html,html_7050.html,1766,2,0,0,0,0,2,0,2,0,0,0,0,1,1,0,0,,0,0,0,0,0,form-focused
html,html_875.html,1090,0,0,0,0,0,0,0,1,0,0,0,0,0,0,1,0,,0,0,0,0,0,card-heavy-modern
html,html_13327.html,1873,0,0,0,1,0,1,5,2,1,0,0,0,1,1,0,0,,0,0,0,0,0,form-focused
html,html_8097.html,1901,0,0,0,1,0,4,4,3,0,0,0,0,1,0,1,0,,0,0,0,0,0,form-focused
html,html_8637.html,1034,0,0,0,0,0,1,0,1,0,0,0,0,0,0,0,0,,0,0,0,0,0,card-heavy-modern
html,html_11585.html,2035,1,0,0,1,0,1,5,1,0,0,0,0,1,0,1,0,,0,0,0,0,0,form-focused
html,html_5538.html,3217,1,0,3,0,0,0,3,3,0,0,1,0,1,1,0,0,,0,0,0,0,0,form-focused
html,html_9642.html,1841,0,0,0,1,0,1,4,3,0,0,0,0,1,1,0,0,,0,0,0,0,0,form-focused
html,html_3736.html,2085,0,0,0,0,0,0,0,3,0,0,0,0,0,1,0,0,,0,0,0,0,0,card-heavy-modern
html,html_5150.html,1116,1,2,3,0,0,0,0,4,0,0,1,0,0,0,0,0,,0,0,0,0,0,card-heavy-modern
html,html_13962.html,1460,1,0,1,0,0,1,0,1,0,0,0,0,0,0,0,0,,0,0,0,0,0,card-heavy-modern
html,html_9322.html,1382,1,0,0,1,0,1,0,1,0,0,0,0,0,0,0,0,,0,0,0,0,0,card-heavy-modern
html,html_6184.html,1337,1,0,1,1,1,1,4,1,0,0,0,0,1,0,0,0,,0,0,0,0,0,form-focused
html,html_766.html,1851,0,0,3,0,0,0,0,7,0,0,0,0,1,0,0,0,,0,0,0,0,0,form-focused
html,html_804.html,1659,0,0,0,1,0,2,3,1,1,0,0,0,1,0,0,0,,0,0,0,0,0,form-focused
html,html_197.html,1180,0,0,1,0,0,1,0,1,0,0,0,0,0,0,0,0,,0,0,0,0,0,card-heavy-modern
html,html_5573.html,1809,0,0,0,0,0,0,0,4,0,0,1,0,0,1,0,0,,0,0,0,0,0,card-heavy-modern
html,html_6908.html,1451,1,0,0,1,0,2,4,1,0,0,0,0,1,0,0,0,,0,0,0,0,0,form-focused
html,html_13100.html,1211,3,0,0,0,0,1,0,2,0,0,0,0,1,0,1,0,,0,0,0,0,0,form-focused
html,html_4945.html,1257,0,0,0,0,0,2,0,3,0,0,0,0,0,1,0,0,,0,0,0,0,0,card-heavy-modern
html,html_11506.html,2107,0,0,0,0,0,6,4,6,0,0,0,0,1,0,0,0,,0,0,0,0,0,form-focused
html,html_9858.html,2321,1,0,0,0,1,4,7,1,0,0,0,0,1,1,1,0,,0,0,0,0,0,form-focused
html,html_6508.html,3231,0,0,3,1,0,0,4,4,0,0,0,0,0,0,0,0,,0,0,0,0,0,card-heavy-modern
html,html_2262.html,1368,0,0,1,0,0,0,0,4,0,0,0,0,0,0,0,0,,0,0,0,0,0,card-heavy-modern
html,html_4172.html,1674,1,0,0,1,0,0,0,2,0,0,0,0,1,0,0,0,,0,0,0,0,0,form-focused
html,html_3442.html,1353,0,0,0,0,0,4,0,1,0,0,0,0,0,0,0,0,,0,0,0,0,0,card-heavy-modern
html,html_12268.html,1437,0,0,0,1,0,0,4,4,0,0,0,0,1,0,0,0,,0,0,0,0,0,form-focused
html,html_2740.html,876,0,0,1,0,0,0,0,4,0,0,1,0,0,0,0,0,,0,0,0,0,0,card-heavy-modern
html,html_14135.html,1382,0,0,0,1,0,3,3,0,0,1,0,0,0,0,0,0,,0,0,0,0,0,card-heavy-modern
html,html_7347.html,1638,0,0,1,1,0,2,5,2,0,0,0,0,1,0,0,0,,0,0,0,0,0,form-focused
html,html_13180.html,2185,0,0,0,1,0,1,4,2,0,0,1,0,1,0,0,0,,0,0,0,0,0,form-focused
html,html_947.html,1358,0,0,2,0,0,0,0,3,0,0,0,0,0,1,0,0,,0,0,0,0,0,card-heavy-modern
html,html_13647.html,1801,0,0,0,0,0,0,0,0,0,0,0,0,0,1,0,0,,0,0,0,0,0,card-heavy-modern
html,html_265.html,2199,0,0,4,1,0,1,4,4,0,0,1,0,1,1,0,0,,0,0,0,0,0,form-focused
html,html_7416.html,1634,0,0,3,0,0,0,0,4,0,0,0,0,0,0,1,0,,0,0,0,0,0,card-heavy-modern
html,html_12311.html,1233,0,0,0,1,0,1,5,1,0,0,0,0,1,0,0,0,,0,0,0,0,0,form-focused
html,html_14928.html,2408,0,0,3,1,0,3,4,4,0,0,0,0,1,0,0,0,,0,0,0,0,0,form-focused
html,html_640.html,1914,0,0,0,1,0,0,3,1,0,0,0,0,1,1,0,0,,0,0,0,0,0,form-focused
html,html_8397.html,1053,0,0,0,1,0,1,4,0,0,0,0,0,1,0,0,0,,0,0,0,0,0,form-focused
html,html_2059.html,1114,1,0,0,1,0,2,4,1,0,0,0,0,1,0,0,0,,0,0,0,0,0,form-focused
html,html_14604.html,1673,0,0,2,1,0,3,2,2,0,0,0,0,1,1,1,0,,0,0,0,0,0,form-focused
html,html_9408.html,1200,0,0,0,0,0,0,0,1,0,0,0,0,0,1,0,0,,0,0,0,0,0,card-heavy-modern
html,html_2395.html,1818,0,0,0,1,0,0,3,1,0,0,0,0,0,0,0,0,,0,0,0,0,0,card-heavy-modern
html,html_3034.html,1584,0,0,0,0,0,1,0,3,0,0,1,0,0,1,0,0,,0,0,0,0,0,card-heavy-modern
html,html_11411.html,1720,0,0,0,1,0,2,4,1,0,0,0,0,1,0,0,0,,0,0,0,0,0,form-focused
html,html_8437.html,1004,0,0,0,0,0,0,0,1,0,0,0,0,0,0,0,0,,0,0,0,0,0,card-heavy-modern
html,html_4550.html,1951,0,0,0,1,0,3,6,2,0,0,0,0,1,1,1,0,,0,0,0,0,0,form-focused
html,html_14568.html,900,0,0,0,0,0,0,0,1,0,0,0,0,1,1,0,0,,0,0,0,0,0,form-focused
html,html_5112.html,1562,1,0,0,1,0,0,4,1,0,0,0,0,1,1,0,0,,0,0,0,0,0,form-focused
html,html_12100.html,2307,0,0,0,2,0,2,6,1,0,0,0,0,1,1,0,0,,0,0,0,0,0,form-focused
html,html_8266.html,2257,0,1,0,1,0,4,7,1,0,1,0,0,1,1,0,0,,0,0,0,0,0,form-focused
html,html_10930.html,1560,1,0,0,1,0,1,3,1,0,0,0,0,0,0,0,0,,0,0,0,0,0,card-heavy-modern
html,html_4212.html,1450,0,1,0,1,0,3,0,2,0,0,0,0,0,0,0,0,,0,0,0,0,0,card-heavy-modern
html,html_3601.html,1952,0,0,0,0,0,1,0,3,0,0,1,0,0,1,0,0,,0,0,0,0,0,card-heavy-modern
html,html_6537.html,2147,1,0,0,1,1,2,4,2,0,0,0,0,1,1,0,0,,0,0,0,0,0,form-focused
html,html_7381.html,2004,3,0,1,0,2,1,3,4,0,0,0,0,1,1,0,0,,0,0,0,0,0,form-focused
html,html_3850.html,1193,0,0,1,0,0,0,0,4,0,0,1,0,1,1,0,0,,0,0,0,0,0,form-focused
html,html_658.html,1273,1,0,1,1,0,2,4,0,0,0,0,0,1,1,0,0,,0,0,0,0,0,form-focused
html,html_8964.html,2802,1,0,0,0,1,3,3,5,0,0,0,0,0,0,0,0,,0,0,0,0,0,form-focused
html,html_2765.html,1134,0,0,1,0,0,0,0,2,0,0,0,0,0,0,0,0,,0,0,0,0,0,card-heavy-modern
html,html_6894.html,2304,0,0,0,1,0,1,3,0,0,0,0,0,1,1,0,0,,0,0,0,0,0,form-focused
html,html_10476.html,1554,0,0,0,0,0,1,1,1,0,0,0,0,0,0,0,0,,0,0,0,0,0,card-heavy-modern
html,html_5975.html,1912,1,0,0,0,0,0,0,1,0,1,0,0,0,0,0,0,,0,0,0,0,0,card-heavy-modern
html,html_520.html,2691,0,0,0,0,0,1,3,6,0,0,0,0,1,0,0,0,,0,0,0,0,0,form-focused
html,html_4667.html,1820,0,0,0,0,0,0,0,5,0,0,0,0,0,0,0,0,,0,0,0,0,0,card-heavy-modern
html,html_11808.html,1923,0,0,0,1,0,0,4,1,0,0,0,0,1,0,0,0,,0,0,0,0,0,form-focused
html,html_9617.html,1790,0,0,2,1,0,0,4,2,0,0,0,0,1,1,0,0,,0,0,0,0,0,form-focused
html,html_6126.html,1516,0,0,2,1,0,1,3,2,0,0,0,0,1,1,0,0,,0,0,0,0,0,form-focused
html,html_4653.html,1485,0,0,0,0,0,0,0,4,0,0,0,0,0,0,0,0,,0,0,0,0,0,card-heavy-modern
html,html_833.html,1653,0,0,1,0,0,3,0,4,1,0,0,0,0,0,0,0,,0,0,0,0,0,card-heavy-modern
html,html_10447.html,1315,0,0,3,0,0,1,1,4,0,0,1,0,0,0,0,0,,0,0,0,0,0,card-heavy-modern
html,html_13726.html,735,0,0,0,1,0,0,0,1,0,0,0,0,0,0,0,0,,0,0,0,0,0,card-heavy-modern
html,html_10567.html,1203,0,0,0,0,0,1,1,1,0,0,0,0,0,0,0,0,,0,0,0,0,0,card-heavy-modern
html,html_4828.html,1878,0,0,0,1,0,1,2,2,0,0,0,0,1,1,0,0,,0,0,0,0,0,form-focused
html,html_5658.html,2629,1,0,2,0,1,0,0,4,0,0,0,0,1,1,0,0,,0,0,0,0,0,form-focused
html,html_13511.html,1947,1,0,0,0,0,0,0,1,0,0,0,1,0,1,0,0,,0,0,0,0,0,card-heavy-modern
html,html_5133.html,2960,0,0,0,1,0,1,3,0,0,0,0,1,1,1,0,0,,0,0,0,0,0,form-focused
html,html_10153.html,1628,1,0,0,1,0,1,4,2,0,0,0,0,1,0,0,0,,0,0,0,0,0,form-focused
html,html_12077.html,1180,0,0,0,0,0,1,0,2,0,0,0,0,0,0,0,0,,0,0,0,0,0,card-heavy-modern
html,html_11897.html,1714,0,0,0,0,0,1,0,3,0,0,1,0,0,1,0,0,,0,0,0,0,0,card-heavy-modern
html,html_10226.html,1994,1,0,0,1,0,0,2,3,0,0,1,0,0,0,0,0,,0,0,0,0,0,card-heavy-modern
html,html_11282.html,1494,0,0,0,0,0,1,0,2,0,0,0,0,0,1,0,0,,0,0,0,0,0,card-heavy-modern
html,html_14936.html,1586,0,0,0,1,0,1,4,4,0,0,1,1,0,0,0,0,,0,0,0,0,0,card-heavy-modern
html,html_4455.html,1204,0,0,0,1,0,1,3,1,0,0,1,0,1,1,0,0,,0,0,0,0,0,form-focused
html,html_5396.html,2017,0,0,0,0,1,0,2,1,0,0,0,0,0,1,0,0,,0,0,0,0,0,form-focused
html,html_11731.html,1508,0,0,0,0,0,0,0,5,0,0,0,0,0,0,0,0,,0,0,0,0,0,card-heavy-modern
html,html_7944.html,1444,0,0,2,0,1,4,0,3,0,0,0,0,0,1,0,0,,0,0,0,0,0,form-focused
html,html_4379.html,1362,0,0,0,1,0,2,3,3,0,0,0,1,0,1,0,0,,0,0,0,0,0,card-heavy-modern
html,html_12457.html,1710,0,0,3,1,0,1,3,3,0,0,1,0,0,0,0,0,,0,0,0,0,0,card-heavy-modern
html,html_13815.html,2713,1,0,3,1,0,0,3,4,0,0,0,0,0,0,0,0,,0,0,0,0,0,card-heavy-modern
html,html_14235.html,1232,1,0,0,0,0,1,0,2,0,0,0,0,0,0,0,0,,0,0,0,0,0,card-heavy-modern
html,html_14165.html,1496,0,0,0,0,0,0,0,1,0,0,0,0,0,1,0,0,,0,0,0,0,0,card-heavy-modern
html,html_11246.html,1326,0,0,0,0,0,0,0,4,0,0,1,0,0,1,0,0,,0,0,0,0,0,card-heavy-modern
html,html_9129.html,2360,0,0,4,1,0,2,4,3,1,0,0,0,1,1,0,0,,0,0,0,0,0,form-focused
html,html_9739.html,1949,0,0,0,0,0,0,0,0,0,0,0,0,0,0,0,0,,0,0,0,0,0,card-heavy-modern
html,html_11179.html,1678,0,0,2,1,0,1,4,2,0,0,0,0,1,1,0,0,,0,0,0,0,0,form-focused
html,html_4637.html,1659,0,0,0,1,0,0,4,4,0,0,0,0,0,1,0,0,,0,0,0,0,0,card-heavy-modern
html,html_13503.html,1607,1,0,1,0,0,1,0,2,0,0,0,0,1,1,0,0,,0,0,0,0,0,form-focused
html,html_10438.html,3475,0,0,3,1,0,0,3,5,0,0,0,0,0,0,0,0,,0,0,0,0,0,card-heavy-modern
html,html_2642.html,2262,1,0,1,1,0,3,4,2,0,0,0,0,1,1,0,0,,0,0,0,0,0,form-focused
html,html_4307.html,1979,1,0,0,1,0,0,3,0,0,0,0,0,1,0,0,0,,0,0,0,0,0,form-focused
html,html_1193.html,1731,1,0,0,1,0,0,5,1,0,0,0,0,1,1,0,0,,0,0,0,0,0,form-focused
html,html_5630.html,2044,0,0,0,1,0,0,7,2,0,0,0,0,1,1,0,0,,0,0,0,0,0,form-focused
html,html_13071.html,1348,2,0,0,1,1,0,4,1,0,0,0,0,1,0,0,0,,0,0,0,0,0,form-focused
html,html_2797.html,2260,0,0,0,1,0,1,3,2,0,0,1,0,0,1,0,0,,0,0,0,0,0,card-heavy-modern
html,html_7103.html,1587,0,0,0,1,0,1,3,1,0,0,0,0,1,1,1,0,,0,0,0,0,0,form-focused
html,html_2276.html,1700,0,0,0,1,0,1,3,1,0,0,0,0,1,1,0,0,,0,0,0,0,0,form-focused
html,html_1394.html,1280,0,0,0,0,1,0,0,2,0,0,0,0,1,0,0,0,,0,0,0,0,0,form-focused
html,html_6712.html,2254,0,0,0,1,0,0,5,1,0,0,0,0,1,1,0,0,,0,0,0,0,0,form-focused
html,html_6633.html,1637,0,3,3,1,0,0,4,3,0,0,1,0,0,0,0,0,,0,0,0,0,0,card-heavy-modern
html,html_14443.html,1010,0,0,0,1,0,1,0,2,1,0,0,0,0,1,0,0,,0,0,0,0,0,card-heavy-modern
html,html_1190.html,838,0,0,0,0,0,0,0,1,0,1,0,0,0,0,0,0,,0,0,0,0,0,card-heavy-modern
html,html_14566.html,1750,1,0,0,0,0,0,0,4,0,0,1,0,1,1,0,0,,0,0,0,0,0,form-focused
html,html_1338.html,1506,0,0,0,0,0,0,0,3,0,0,0,0,0,1,0,0,,0,0,0,0,0,card-heavy-modern
html,html_3523.html,1303,0,0,0,1,0,0,6,1,0,0,0,0,0,0,0,0,,0,0,0,0,0,card-heavy-modern
html,html_14036.html,1900,1,0,4,0,1,2,0,4,0,0,0,0,1,1,0,0,,0,0,0,0,0,form-focused
html,html_14729.html,999,1,0,0,1,0,0,0,1,0,0,0,0,0,0,0,0,,0,0,0,0,0,card-heavy-modern
html,html_11032.html,1974,3,0,0,1,0,3,7,4,0,0,0,0,1,0,0,0,,0,0,0,0,0,form-focused
html,html_5832.html,1432,0,0,3,1,0,0,3,4,0,0,1,0,0,1,0,0,,0,0,0,0,0,card-heavy-modern
html,html_14411.html,1715,0,0,0,1,0,1,4,1,0,0,0,0,1,1,0,0,,0,0,0,0,0,form-focused
html,html_939.html,1785,0,0,3,0,0,0,1,3,0,0,0,0,0,0,0,0,,0,0,0,0,0,card-heavy-modern
html,html_11057.html,1229,0,0,0,0,0,1,0,1,0,0,0,0,0,1,0,0,,0,0,0,0,0,card-heavy-modern
html,html_1526.html,1935,0,0,0,1,0,1,8,1,0,0,0,0,1,1,0,0,,0,0,0,0,0,form-focused
html,html_767.html,2613,0,0,4,1,0,0,3,4,1,0,1,0,0,1,0,0,,0,0,0,0,0,card-heavy-modern
html,html_1910.html,1665,0,0,0,1,0,1,3,3,0,0,0,1,0,0,0,0,,0,0,0,0,0,card-heavy-modern
html,html_8950.html,874,0,0,1,1,0,0,4,0,0,0,0,0,0,0,0,0,,0,0,0,0,0,card-heavy-modern
html,html_7503.html,1794,0,0,1,1,0,1,5,3,0,0,1,0,1,1,0,0,,0,0,0,0,0,form-focused
html,html_8373.html,1624,0,0,0,0,0,2,0,2,1,0,0,0,0,0,0,0,,0,0,0,0,0,card-heavy-modern
html,html_12683.html,1644,2,0,0,1,1,2,3,1,0,0,0,0,1,0,0,0,,0,0,0,0,0,form-focused
html,html_6449.html,1223,1,0,0,0,1,0,0,1,0,0,0,0,0,0,0,0,,0,0,0,0,0,form-focused
html,html_13230.html,1328,1,0,1,1,0,2,0,1,1,0,0,0,0,0,0,0,,0,0,0,0,0,card-heavy-modern
html,html_8305.html,1716,0,0,0,0,0,0,0,2,0,0,0,0,0,1,0,0,,0,0,0,0,0,card-heavy-modern
html,html_7907.html,1140,0,0,0,0,0,2,0,3,1,0,0,0,0,0,1,0,,0,0,0,0,0,image-rich-gallery
html,html_7892.html,1866,0,0,2,1,0,0,7,3,0,0,0,0,1,0,0,0,,0,0,0,0,0,form-focused
html,html_7522.html,1475,0,0,0,0,0,1,0,3,0,0,0,0,0,1,0,0,,0,0,0,0,0,card-heavy-modern
html,html_213.html,1043,0,0,1,0,0,0,2,3,0,0,0,1,0,0,0,0,,0,0,0,0,0,card-heavy-modern
html,html_7112.html,965,0,0,1,0,0,0,0,5,1,0,1,0,0,0,0,0,,0,0,0,0,0,card-heavy-modern
html,html_8777.html,1411,1,0,0,1,0,1,4,3,0,0,1,0,1,0,0,0,,0,0,0,0,0,form-focused
html,html_9823.html,2010,0,0,0,0,0,1,1,1,0,0,0,0,0,0,1,0,,0,0,0,0,0,image-rich-gallery
html,html_4340.html,5453,1,0,4,1,0,0,10,4,0,0,0,0,0,1,0,0,,0,0,0,0,0,card-heavy-modern
html,html_10285.html,1719,0,0,0,0,0,1,0,3,0,0,0,0,0,1,0,0,,0,0,0,0,0,card-heavy-modern
html,html_11843.html,1875,0,0,0,1,0,0,3,1,0,0,0,0,1,0,0,0,,0,0,0,0,0,form-focused
html,html_312.html,1340,0,0,0,0,0,0,2,1,0,0,0,0,0,1,0,0,,0,0,0,0,0,card-heavy-modern
html,html_6833.html,2429,0,0,0,1,0,0,3,1,0,0,0,0,1,1,0,0,,0,0,0,0,0,form-focused
html,html_6240.html,1605,0,0,0,1,0,0,4,1,0,0,0,0,1,0,0,0,,0,0,0,0,0,form-focused
html,html_3631.html,1898,0,0,0,1,0,2,0,6,0,0,1,0,0,1,0,0,,0,0,0,0,0,card-heavy-modern
html,html_3551.html,1312,0,0,0,0,0,1,1,1,0,0,0,0,0,1,0,0,,0,0,0,0,0,card-heavy-modern
html,html_10914.html,1819,1,0,2,1,0,1,4,2,0,0,0,0,1,1,0,0,,0,0,0,0,0,form-focused
html,html_6271.html,1355,1,0,0,0,0,0,0,2,0,0,0,0,0,0,0,0,,0,0,0,0,0,card-heavy-modern
html,html_2235.html,2053,1,0,1,1,0,0,3,2,0,0,0,0,0,0,0,0,,0,0,0,0,0,card-heavy-modern
html,html_9305.html,1306,0,1,1,1,0,1,2,2,0,0,0,0,1,1,0,0,,0,0,0,0,0,form-focused
html,html_5013.html,1910,0,0,0,1,0,0,3,4,0,0,0,0,0,1,0,0,,0,0,0,0,0,card-heavy-modern
html,html_8450.html,1774,0,0,4,1,0,2,3,3,0,1,1,0,0,1,0,0,,0,0,0,0,0,card-heavy-modern
html,html_7453.html,2614,0,0,0,1,1,4,7,2,0,0,0,0,1,1,0,0,,0,0,0,0,0,form-focused
html,html_8688.html,1952,0,0,0,0,0,3,0,2,0,0,0,0,1,1,1,0,,0,0,0,0,0,form-focused
html,html_4620.html,1023,0,0,0,1,0,1,0,1,0,0,0,0,0,0,0,0,,0,0,0,0,0,card-heavy-modern
html,html_4557.html,1979,0,0,0,1,0,1,5,1,0,0,0,0,1,1,0,0,,0,0,0,0,0,form-focused
html,html_4780.html,1358,0,0,0,1,0,1,4,1,0,0,0,0,1,1,0,0,,0,0,0,0,0,form-focused
html,html_5792.html,1336,0,0,0,0,0,1,0,2,0,0,0,0,0,0,0,0,,0,0,0,0,0,card-heavy-modern
html,html_2237.html,1909,1,0,0,0,1,1,1,3,0,0,0,0,0,0,0,0,,0,0,0,0,0,form-focused
html,html_12441.html,1472,1,0,0,0,0,3,0,1,0,0,0,0,0,0,0,0,,0,0,0,0,0,card-heavy-modern
html,html_14668.html,1554,0,0,3,1,0,1,3,3,0,0,1,0,0,1,0,0,,0,0,0,0,0,card-heavy-modern
html,html_9160.html,1459,0,0,2,1,0,1,4,1,0,0,0,0,1,0,1,0,,0,0,0,0,0,form-focused
html,html_12507.html,3068,0,0,0,1,0,0,6,1,0,0,0,0,1,1,0,0,,0,0,0,0,0,form-focused
html,html_7355.html,1304,1,0,0,0,0,1,1,1,0,0,0,0,0,0,0,0,,0,0,0,0,0,card-heavy-modern
html,html_12299.html,1141,0,0,0,0,0,0,0,1,0,0,0,0,0,0,0,0,,0,0,0,0,0,card-heavy-modern
html,html_11533.html,1704,0,0,0,1,0,1,4,3,0,0,0,0,1,1,0,0,,0,0,0,0,0,form-focused
html,html_9354.html,1963,0,0,4,1,0,0,3,1,0,0,0,0,1,1,0,0,,0,0,0,0,0,form-focused
html,html_12218.html,1883,1,0,3,1,0,1,3,3,0,0,0,0,0,0,0,0,,0,0,0,0,0,card-heavy-modern
html,html_3912.html,1928,0,0,2,1,0,3,6,5,0,0,0,0,1,1,0,0,,0,0,0,0,0,form-focused
html,html_6399.html,1888,1,0,0,0,0,0,0,3,0,0,0,0,0,0,0,0,,0,0,0,0,0,card-heavy-modern
html,html_13682.html,2048,0,0,0,1,0,1,5,1,0,0,0,0,1,0,1,0,,0,0,0,0,0,form-focused
html,html_1319.html,796,0,0,0,0,0,1,0,2,0,0,0,0,0,1,0,0,,0,0,0,0,0,card-heavy-modern
html,html_12529.html,1550,0,0,0,0,0,4,0,3,1,0,0,0,0,0,0,0,,0,0,0,0,0,card-heavy-modern
html,html_1966.html,2034,1,0,0,1,0,0,3,1,0,0,0,0,1,1,0,0,,0,0,0,0,0,form-focused
html,html_6394.html,1913,1,0,0,0,0,0,0,2,0,0,0,0,1,1,0,0,,0,0,0,0,0,form-focused
html,html_8757.html,1596,0,0,0,0,0,1,0,1,0,0,0,0,1,1,0,0,,0,0,0,0,0,form-focused
html,html_2245.html,2258,0,0,0,1,0,0,5,0,0,0,0,0,1,0,0,0,,0,0,0,0,0,form-focused
html,html_2791.html,1424,0,0,0,1,0,1,4,1,0,1,0,1,1,0,0,0,,0,0,0,0,0,form-focused
html,html_4992.html,1289,0,0,0,1,0,0,4,2,0,0,0,0,1,1,0,0,,0,0,0,0,0,form-focused
html,html_1390.html,1564,0,0,0,1,0,0,3,2,0,0,0,0,0,0,0,0,,0,0,0,0,0,card-heavy-modern
html,html_14538.html,1630,1,0,4,1,0,0,3,5,0,0,1,0,1,0,0,0,,0,0,0,0,0,form-focused
html,html_11291.html,1611,0,0,0,0,0,4,0,3,0,0,0,0,0,0,0,0,,0,0,0,0,0,card-heavy-modern
html,html_11594.html,1858,0,0,0,0,0,5,0,1,1,0,0,0,0,1,0,0,,0,0,0,0,0,card-heavy-modern
html,html_9341.html,1274,0,0,3,1,0,1,3,3,0,0,0,0,0,1,0,1,#fea,0,0,0,0,0,card-heavy-modern
html,html_7257.html,3096,0,0,0,1,0,0,3,5,0,0,0,0,1,0,0,0,,0,0,0,0,0,form-focused
html,html_1478.html,1203,0,0,0,0,0,0,0,0,0,0,0,0,1,1,0,0,,0,0,0,0,0,form-focused
html,html_8836.html,1954,0,0,0,1,0,0,6,1,0,0,0,1,1,1,0,0,,0,0,0,0,0,form-focused
html,html_682.html,2081,0,0,1,1,0,0,4,3,0,0,0,0,1,1,0,0,,0,0,0,0,0,form-focused
html,html_6220.html,1934,0,0,3,1,0,1,3,3,0,0,0,0,0,0,0,1,#dea,0,0,0,0,0,card-heavy-modern
html,html_12213.html,704,0,0,0,0,0,0,0,2,0,1,0,0,0,0,0,0,,0,0,0,0,0,card-heavy-modern
html,html_11567.html,1318,0,0,0,1,0,1,4,4,0,0,1,0,1,1,0,0,,0,0,0,0,0,form-focused
html,html_612.html,4536,2,0,1,1,1,0,7,1,0,0,0,0,1,1,0,0,,0,0,0,0,0,form-focused
html,html_4277.html,2391,3,0,2,1,0,1,4,4,0,0,0,0,1,1,0,0,,0,0,0,0,0,form-focused
html,html_944.html,1243,0,0,0,0,0,1,0,1,0,0,0,0,0,1,0,0,,0,0,0,0,0,card-heavy-modern
html,html_12769.html,1693,1,0,1,0,0,1,0,2,1,0,0,0,0,0,0,0,,0,0,0,0,0,card-heavy-modern
html,html_10331.html,882,0,0,0,0,0,0,0,1,0,0,0,0,1,0,0,0,,0,0,0,0,0,form-focused
html,html_14589.html,836,0,0,0,1,0,0,4,1,0,0,0,0,0,0,0,0,,0,0,0,0,0,card-heavy-modern
html,html_3940.html,1406,0,0,0,0,0,0,0,1,0,0,0,1,0,1,0,0,,0,0,0,0,0,card-heavy-modern
html,html_11971.html,1245,0,0,0,0,0,0,0,0,0,0,0,0,0,0,0,0,,0,0,0,0,0,card-heavy-modern
html,html_11022.html,2160,0,0,0,1,0,1,7,2,0,0,0,0,1,1,0,0,,0,0,0,0,0,form-focused
html,html_3110.html,2259,0,0,2,1,0,1,4,2,0,0,0,0,0,1,1,0,,0,0,0,0,0,image-rich-gallery
html,html_8779.html,1430,1,0,0,0,0,1,0,4,1,0,1,0,0,1,0,0,,0,0,0,0,0,card-heavy-modern
html,html_10404.html,1853,1,0,1,1,0,0,7,1,0,0,0,0,1,1,0,0,,0,0,0,0,0,form-focused
html,html_3681.html,2457,0,0,0,1,0,0,7,1,0,0,1,0,1,1,0,0,,0,0,0,0,0,form-focused
html,html_7202.html,980,0,0,0,0,0,0,3,2,0,0,0,0,1,1,0,0,,0,0,0,0,0,form-focused
html,html_14373.html,828,0,0,0,0,0,0,0,1,0,0,0,0,0,1,0,0,,0,0,0,0,0,card-heavy-modern
html,html_4868.html,1543,0,0,2,0,0,2,0,3,0,0,0,0,0,0,0,0,,0,0,0,0,0,card-heavy-modern
html,html_12729.html,828,0,0,0,0,0,0,0,1,0,0,0,0,0,1,0,0,,0,0,0,0,0,card-heavy-modern
html,html_4139.html,2563,0,0,0,0,0,1,2,0,0,0,0,0,0,0,1,0,,0,0,0,0,0,image-rich-gallery
html,html_12981.html,1359,0,0,0,1,0,0,4,1,0,0,0,0,1,1,0,0,,0,0,0,0,0,form-focused
html,html_5349.html,1729,0,0,0,1,0,0,3,1,0,0,0,0,0,0,0,1,#fac,0,0,0,0,0,card-heavy-modern
html,html_6914.html,1230,0,0,0,0,0,2,1,1,0,0,0,0,0,0,0,0,,0,0,0,0,0,card-heavy-modern
html,html_5969.html,2549,0,0,0,1,0,1,3,1,0,0,0,0,0,0,0,0,,0,0,0,0,0,card-heavy-modern
html,html_14987.html,1081,0,1,2,1,0,1,4,2,0,0,0,0,1,0,1,0,,0,0,0,0,0,form-focused
html,html_2475.html,2500,1,0,0,1,1,0,4,1,0,0,0,0,1,1,0,0,,0,0,0,0,0,form-focused
html,html_5494.html,1253,1,0,0,0,0,0,0,3,0,0,0,0,0,1,0,0,,0,0,0,0,0,card-heavy-modern
html,html_1651.html,1942,0,0,0,1,0,0,3,4,0,0,1,0,0,0,0,1,#fac,0,0,0,0,0,card-heavy-modern
html,html_2275.html,1258,1,0,1,1,0,0,4,2,0,0,0,0,1,1,0,0,,0,0,0,0,0,form-focused
html,html_10995.html,2172,2,0,0,1,0,0,3,1,0,0,0,0,1,0,0,0,,0,0,0,0,0,form-focused
html,html_3262.html,1708,0,0,0,0,0,1,0,0,0,0,0,0,0,1,0,0,,0,0,0,0,0,card-heavy-modern
html,html_1623.html,1479,0,0,0,1,0,0,4,1,0,0,0,0,1,0,0,0,,0,0,0,0,0,form-focused
html,html_4385.html,2966,0,0,0,1,0,0,6,1,0,0,0,0,1,0,0,0,,0,0,0,0,0,form-focused
html,html_6163.html,2153,0,0,0,1,0,0,3,1,0,0,0,0,1,1,0,0,,0,0,0,0,0,form-focused
html,html_14850.html,1188,0,0,3,1,0,0,6,3,0,0,1,0,0,1,0,0,,0,0,0,0,0,card-heavy-modern
html,html_9401.html,1536,0,0,1,1,0,2,0,4,0,0,0,0,1,0,0,0,,0,0,0,0,0,form-focused
html,html_13496.html,2463,0,0,0,0,0,0,0,0,0,0,0,0,0,0,1,0,,0,0,0,0,0,card-heavy-modern
html,html_13689.html,1446,0,0,2,1,0,0,2,2,0,0,0,0,0,0,1,0,,0,0,0,0,0,card-heavy-modern
html,html_9476.html,1647,0,0,0,1,0,0,4,1,0,0,0,0,0,0,0,0,,0,0,0,0,0,card-heavy-modern
html,html_7560.html,1479,0,0,0,0,0,1,1,3,0,0,0,0,0,0,0,0,,0,0,0,0,0,card-heavy-modern
html,html_13783.html,1389,0,0,0,1,0,0,4,1,0,0,0,0,1,1,0,0,,0,0,0,0,0,form-focused
html,html_4686.html,1821,0,0,0,1,0,0,3,1,0,0,0,0,1,0,0,0,,0,0,0,0,0,form-focused
html,html_6742.html,1186,0,0,0,1,0,0,3,0,0,0,0,0,1,0,0,0,,0,0,0,0,0,form-focused
html,html_14739.html,3024,0,0,0,1,0,4,5,4,0,1,0,0,1,1,0,0,,0,0,0,0,0,form-focused
html,html_13850.html,1349,0,0,0,1,0,1,3,1,0,0,0,0,1,0,0,0,,0,0,0,0,0,form-focused
html,html_5564.html,1514,0,0,0,0,0,1,0,3,0,0,0,0,0,1,0,0,,0,0,0,0,0,card-heavy-modern
html,html_14074.html,1021,0,0,0,0,0,0,0,1,0,0,0,0,0,0,0,0,,0,0,0,0,0,card-heavy-modern
html,html_934.html,1483,0,0,1,1,1,0,6,5,0,0,0,0,1,0,0,0,,0,0,0,0,0,form-focused
html,html_12241.html,2097,0,0,0,0,0,1,0,7,0,0,1,0,1,1,0,0,,0,0,0,0,0,form-focused
html,html_14703.html,1913,1,0,1,1,0,1,2,1,0,0,0,0,0,0,0,0,,0,0,0,0,0,card-heavy-modern
html,html_11066.html,2006,1,0,0,1,1,1,3,1,0,0,0,0,1,1,0,0,,0,0,0,0,0,form-focused
html,html_14529.html,2160,1,0,0,1,0,0,3,1,0,0,0,0,1,0,0,0,,0,0,0,0,0,form-focused
html,html_9981.html,584,0,0,0,0,0,0,0,1,0,0,0,0,0,0,0,0,,0,0,0,0,0,card-heavy-modern
html,html_7632.html,979,0,0,0,0,0,1,0,1,1,0,0,0,0,0,0,0,,0,0,0,0,0,card-heavy-modern
html,html_10230.html,1186,0,0,0,0,0,0,0,2,0,0,0,0,0,1,0,0,,0,0,0,0,0,card-heavy-modern
html,html_1774.html,2670,1,0,0,1,0,0,6,1,0,0,0,0,1,1,0,0,,0,0,0,0,0,form-focused
html,html_13206.html,1727,0,0,0,1,0,0,3,0,0,0,0,0,1,0,0,0,,0,0,0,0,0,form-focused
html,html_4409.html,1695,0,0,1,0,0,2,0,1,1,0,0,0,0,1,0,0,,0,0,0,0,0,card-heavy-modern
html,html_8401.html,2856,1,0,2,1,0,0,3,2,0,0,0,0,1,0,0,0,,0,0,0,0,0,form-focused
html,html_5919.html,1142,0,0,0,0,0,0,1,1,0,0,0,0,0,0,0,0,,0,0,0,0,0,card-heavy-modern
html,html_235.html,1491,0,0,0,0,0,1,0,2,0,0,0,0,0,0,0,0,,0,0,0,0,0,card-heavy-modern
html,html_4296.html,1414,1,0,0,1,0,0,7,1,0,0,0,0,1,0,0,0,,0,0,0,0,0,form-focused
html,html_7106.html,1616,0,0,0,1,0,1,4,2,1,0,0,0,1,1,0,0,,0,0,0,0,0,form-focused
html,html_5331.html,1495,0,0,0,0,0,3,0,0,0,0,0,0,0,0,0,0,,0,0,0,0,0,card-heavy-modern
html,html_10198.html,3273,0,0,3,1,0,0,7,3,0,0,0,0,1,0,1,0,,0,0,0,0,0,form-focused
html,html_2259.html,1235,0,0,2,0,0,1,0,4,0,0,0,0,1,0,0,0,,0,0,0,0,0,form-focused
html,html_9907.html,2368,0,0,0,1,0,0,4,1,0,0,0,0,0,0,0,1,#fac,0,0,0,0,0,card-heavy-modern
html,html_12368.html,1596,0,1,0,1,0,0,5,2,0,0,0,0,1,0,0,0,,0,0,0,0,0,form-focused
html,html_7047.html,1050,0,0,0,1,0,0,4,1,0,0,0,0,1,0,0,0,,0,0,0,0,0,form-focused
html,html_990.html,1544,0,0,0,0,0,0,2,2,0,0,0,0,0,1,0,0,,0,0,0,0,0,card-heavy-modern
html,html_8966.html,1919,0,0,0,1,0,0,3,2,0,0,0,0,1,0,0,0,,0,0,0,0,0,form-focused
html,html_4971.html,1541,0,0,0,1,0,0,4,2,0,0,0,0,1,1,0,0,,0,0,0,0,0,form-focused
html,html_9420.html,1896,0,0,0,0,0,0,0,0,0,0,0,0,0,1,0,0,,0,0,0,0,0,card-heavy-modern
html,html_12874.html,1487,0,0,0,0,0,0,0,2,0,0,0,0,0,1,0,0,,0,0,0,0,0,card-heavy-modern
html,html_3181.html,1799,1,0,0,1,0,1,4,4,0,0,0,0,1,0,0,0,,0,0,0,0,0,form-focused
html,html_11739.html,1661,0,0,0,1,0,2,4,2,0,0,0,0,0,0,0,0,,0,0,0,0,0,card-heavy-modern
html,html_3295.html,932,1,0,0,0,0,0,0,1,0,0,0,0,0,1,0,0,,0,0,0,0,0,card-heavy-modern
html,html_2434.html,1338,0,0,0,1,0,2,4,1,1,0,0,0,1,0,0,0,,0,0,0,0,0,form-focused
html,html_6586.html,1169,0,0,0,0,0,2,1,1,0,0,0,0,0,1,0,0,,0,0,0,0,0,card-heavy-modern
html,html_3332.html,1482,0,0,0,0,0,2,0,3,0,0,0,0,0,0,0,0,,0,0,0,0,0,card-heavy-modern
html,html_2860.html,1506,3,0,0,0,0,0,0,1,0,0,0,0,1,0,0,0,,0,0,0,0,0,form-focused
html,html_8670.html,1323,0,0,0,0,0,1,1,1,0,0,0,0,0,0,0,0,,0,0,0,0,0,card-heavy-modern
html,html_14113.html,1732,1,0,2,1,1,1,3,2,0,1,0,0,1,0,0,0,,0,0,0,0,0,form-focused
html,html_14213.html,1221,0,0,0,0,0,1,0,4,0,0,1,0,0,1,0,0,,0,0,0,0,0,card-heavy-modern
html,html_7117.html,2135,0,0,0,0,0,1,3,3,0,0,1,0,1,1,0,0,,0,0,0,0,0,form-focused
html,html_11132.html,1359,0,0,0,1,0,0,4,2,0,0,0,0,1,1,0,0,,0,0,0,0,0,form-focused
html,html_14603.html,2066,0,0,1,1,0,2,6,1,0,0,0,0,0,0,0,0,,0,0,0,0,0,card-heavy-modern
html,html_10394.html,1894,0,0,0,1,0,0,6,1,0,0,0,0,1,1,0,0,,0,0,0,0,0,form-focused
html,html_12442.html,1689,0,0,0,1,0,1,4,1,0,0,0,0,1,0,0,0,,0,0,0,0,0,form-focused
html,html_8260.html,1365,0,0,2,0,0,0,3,3,0,0,0,0,0,1,0,0,,0,0,0,0,0,card-heavy-modern
html,html_6292.html,1975,1,0,0,1,0,1,3,1,0,0,0,0,1,1,0,0,,0,0,0,0,0,form-focused
html,html_5544.html,1862,0,0,0,0,0,0,0,0,0,0,0,0,0,1,0,0,,0,0,0,0,0,card-heavy-modern
html,html_12508.html,2127,1,0,0,1,0,0,4,1,0,0,0,0,1,0,0,0,,0,0,0,0,0,form-focused
html,html_1886.html,1717,0,0,2,0,0,1,0,3,0,0,0,0,0,1,0,0,,0,0,0,0,0,card-heavy-modern
html,html_11544.html,1457,0,0,0,0,0,1,0,2,0,0,0,0,0,0,0,0,,0,0,0,0,0,card-heavy-modern
html,html_6996.html,1209,0,0,0,1,0,1,6,1,0,0,0,0,0,0,0,0,,0,0,0,0,0,card-heavy-modern
html,html_10712.html,1659,0,0,3,0,0,3,0,4,0,0,0,0,0,0,0,0,,0,0,0,0,0,card-heavy-modern
html,html_3822.html,1349,0,0,0,1,0,1,3,1,0,0,0,0,1,1,0,0,,0,0,0,0,0,form-focused
html,html_8917.html,1315,0,0,0,1,0,2,3,1,0,0,0,0,1,0,0,0,,0,0,0,0,0,form-focused
html,html_2556.html,1730,0,0,0,0,0,0,4,1,0,0,0,0,0,1,0,0,,0,0,0,0,0,card-heavy-modern
html,html_9611.html,1692,0,0,0,0,0,1,0,1,0,0,0,0,0,1,0,0,,0,0,0,0,0,card-heavy-modern
html,html_13086.html,2555,0,0,0,1,0,0,4,1,0,1,0,0,0,1,0,2,"#fea,#dea",0,0,0,0,0,card-heavy-modern
html,html_13375.html,1403,0,0,0,1,0,0,3,1,0,0,0,0,1,0,0,0,,0,0,0,0,0,form-focused
html,html_7258.html,1340,1,0,0,1,0,1,4,1,0,0,0,0,1,1,0,0,,0,0,0,0,0,form-focused
html,html_14653.html,2297,0,0,0,1,0,0,4,3,0,0,0,0,1,0,0,0,,0,0,0,0,0,form-focused
html,html_13101.html,1782,0,0,3,1,0,1,4,3,0,0,1,0,1,0,0,0,,0,0,0,0,0,form-focused
html,html_9978.html,1672,0,0,0,0,0,0,0,3,0,0,0,0,0,1,0,0,,0,0,0,0,0,card-heavy-modern
html,html_13331.html,1286,0,0,1,1,0,1,4,1,0,0,0,0,1,1,0,0,,0,0,0,0,0,form-focused
html,html_7734.html,1316,0,0,1,1,0,0,0,1,0,0,0,0,0,0,0,0,,0,0,0,0,0,card-heavy-modern
html,html_5867.html,1852,0,0,0,1,0,1,4,1,0,0,0,0,1,1,0,0,,0,0,0,0,0,form-focused
html,html_8155.html,2427,1,0,0,0,0,0,6,4,0,0,1,0,1,1,0,0,,0,0,0,0,0,form-focused
html,html_6589.html,1131,1,0,0,1,0,0,4,2,0,0,0,0,1,1,0,0,,0,0,0,0,0,form-focused
html,html_1370.html,1254,0,0,0,1,0,1,3,1,0,0,0,0,1,1,0,0,,0,0,0,0,0,form-focused
html,html_2371.html,2562,1,0,1,0,0,1,2,1,0,0,0,0,0,1,0,0,,0,0,0,0,0,card-heavy-modern
html,html_3923.html,957,0,0,0,0,0,1,0,1,0,0,0,0,0,0,0,0,,0,0,0,0,0,card-heavy-modern
html,html_13410.html,2256,0,0,0,1,0,3,4,4,0,0,0,0,1,0,0,0,,0,0,0,0,0,form-focused
html,html_11865.html,1423,0,0,0,0,0,1,0,2,0,0,0,0,0,1,0,0,,0,0,0,0,0,card-heavy-modern
html,html_9982.html,1992,0,0,0,0,0,1,0,3,0,0,1,0,0,1,0,0,,0,0,0,0,0,card-heavy-modern
html,html_13241.html,1787,0,0,1,1,0,0,3,1,0,0,0,0,1,1,0,0,,0,0,0,0,0,form-focused
html,html_13987.html,1437,0,0,0,1,0,0,5,1,0,0,0,0,1,0,0,0,,0,0,0,0,0,form-focused
html,html_10983.html,1145,0,0,0,0,0,0,1,1,0,0,0,0,0,0,0,0,,0,0,0,0,0,card-heavy-modern
html,html_4687.html,2272,0,0,0,1,0,0,3,1,0,0,0,0,1,1,0,0,,0,0,0,0,0,form-focused
html,html_10927.html,1391,0,0,0,1,0,0,6,1,0,0,0,0,1,1,1,0,,0,0,0,0,0,form-focused
html,html_13573.html,2245,0,0,0,1,0,1,4,0,0,0,0,0,1,1,0,0,,0,0,0,0,0,form-focused
html,html_4817.html,1553,0,1,2,0,0,1,3,4,0,0,0,1,1,1,0,0,,0,0,0,0,0,form-focused
html,html_8965.html,2061,0,0,1,1,0,1,3,1,0,0,0,0,1,0,0,0,,0,0,0,0,0,form-focused
html,html_2767.html,1855,0,0,5,1,0,0,6,5,0,0,1,0,1,0,1,0,,0,0,0,0,0,form-focused
html,html_8609.html,2457,2,0,0,1,0,2,6,1,1,0,0,0,1,1,0,0,,0,0,0,0,0,form-focused
html,html_9602.html,1827,0,0,1,1,0,2,3,1,0,0,0,0,1,1,0,0,,0,0,0,0,0,form-focused
html,html_2989.html,1066,0,0,0,0,0,0,0,0,0,0,0,0,0,0,0,0,,0,0,0,0,0,card-heavy-modern
html,html_5801.html,1990,0,0,0,1,0,1,7,3,0,0,0,0,1,0,0,0,,0,0,0,0,0,form-focused
html,html_2889.html,2721,0,0,3,1,0,0,2,4,0,0,1,0,1,1,0,0,,0,0,0,0,0,form-focused
html,html_7523.html,1830,0,0,2,1,0,3,3,2,1,0,0,0,1,0,0,0,,0,0,0,0,0,form-focused
html,html_12947.html,1559,0,0,0,0,0,2,0,1,0,0,0,0,0,1,0,0,,0,0,0,0,0,card-heavy-modern
html,html_12920.html,1902,0,0,3,1,0,0,4,3,0,0,1,0,0,0,0,0,,0,0,0,0,0,card-heavy-modern
html,html_231.html,2056,0,0,2,1,0,0,3,4,0,0,1,0,1,0,0,0,,0,0,0,0,0,form-focused
html,html_7996.html,1301,2,0,0,0,0,1,0,1,0,1,0,0,0,0,1,0,,0,0,0,0,0,image-rich-gallery
html,html_14724.html,1697,1,0,0,0,0,1,0,2,0,0,0,0,0,0,0,0,,0,0,0,0,0,card-heavy-modern
html,html_7147.html,1440,0,0,0,1,0,2,4,0,0,0,0,0,1,0,0,0,,0,0,0,0,0,form-focused
html,html_9176.html,939,0,0,0,0,0,1,0,1,0,0,0,0,0,1,0,0,,0,0,0,0,0,card-heavy-modern
html,html_9295.html,1437,0,0,0,1,0,0,5,1,0,0,0,0,1,1,0,0,,0,0,0,0,0,form-focused
html,html_11474.html,1239,1,0,0,0,0,0,0,0,0,0,0,0,1,0,0,0,,0,0,0,0,0,form-focused
html,html_4028.html,1690,0,0,0,0,0,4,0,1,0,0,0,0,0,0,1,0,,0,0,0,0,0,image-rich-gallery
html,html_5509.html,1448,0,0,0,0,0,1,4,2,0,0,0,0,1,1,0,0,,0,0,0,0,0,form-focused
html,html_11147.html,1528,0,1,0,1,0,1,7,3,0,0,0,0,1,0,0,0,,0,0,0,0,0,form-focused
html,html_1350.html,1497,0,0,0,0,0,0,0,3,0,0,0,1,0,1,0,0,,0,0,0,0,0,card-heavy-modern
html,html_4388.html,1945,1,0,1,1,0,1,3,1,0,0,0,0,1,1,0,0,,0,0,0,0,0,form-focused
html,html_11425.html,1932,0,0,0,1,0,0,4,1,0,0,0,0,0,0,0,0,,0,0,0,0,0,card-heavy-modern
html,html_9258.html,1530,1,0,0,0,0,0,3,2,0,0,0,0,0,0,0,0,,0,0,0,0,0,card-heavy-modern
html,html_7972.html,1446,2,0,2,1,0,0,0,4,0,1,0,0,1,0,0,0,,0,0,0,0,0,form-focused
html,html_14843.html,1322,0,0,1,0,0,0,0,3,0,0,0,0,0,0,0,0,,0,0,0,0,0,card-heavy-modern
html,html_3419.html,1778,0,0,3,0,0,0,1,3,0,0,0,0,1,1,0,0,,0,0,0,0,0,form-focused
html,html_10662.html,1889,0,0,0,1,0,1,5,2,0,0,0,0,1,1,0,0,,0,0,0,0,0,form-focused
html,html_195.html,1674,1,0,2,0,0,2,0,2,0,0,0,0,0,1,0,0,,0,0,0,0,0,card-heavy-modern
html,html_12417.html,1417,0,0,2,1,0,2,5,2,0,0,0,0,1,0,0,0,,0,0,0,0,0,form-focused
html,html_2870.html,1871,0,0,4,1,0,0,7,4,0,0,0,0,1,0,0,0,,0,0,0,0,0,form-focused
html,html_9447.html,1305,0,0,0,0,0,1,0,1,0,0,0,0,0,0,1,0,,0,0,0,0,0,image-rich-gallery
html,html_13666.html,1215,0,0,3,1,0,0,3,4,0,0,0,0,1,0,0,0,,0,0,0,0,0,form-focused
html,html_3718.html,1229,0,0,0,0,0,3,4,5,0,0,0,0,1,0,0,0,,0,0,0,0,0,form-focused
html,html_8021.html,1971,1,0,0,1,0,0,3,1,0,0,0,0,1,0,0,0,,0,0,0,0,0,form-focused
html,html_12763.html,1630,0,0,0,1,0,4,3,1,0,0,0,0,0,1,0,0,,0,0,0,0,0,card-heavy-modern
html,html_13301.html,2039,1,0,1,1,0,1,4,5,0,0,1,0,1,0,0,0,,0,0,0,0,0,form-focused
html,html_12777.html,1795,0,0,0,0,0,5,0,5,1,0,0,0,0,0,1,0,,0,0,0,0,0,image-rich-gallery
html,html_4961.html,1489,0,0,0,1,0,1,4,1,0,0,0,0,1,0,0,0,,0,0,0,0,0,form-focused
html,html_14958.html,1379,0,0,1,0,0,0,0,2,0,0,0,0,0,0,0,0,,0,0,0,0,0,card-heavy-modern
html,html_11650.html,1762,0,0,0,0,0,1,4,2,0,1,0,0,1,1,0,0,,0,0,0,0,0,form-focused
html,html_539.html,2042,1,0,4,1,0,0,4,5,0,1,0,0,0,0,0,0,,0,0,0,0,0,card-heavy-modern
html,html_14314.html,1243,0,0,0,1,0,1,0,1,0,0,0,0,1,0,0,0,,0,0,0,0,0,form-focused
html,html_9044.html,2187,0,0,0,1,0,1,3,2,0,0,0,0,1,0,1,0,,0,0,0,0,0,form-focused
html,html_14020.html,2347,0,0,0,1,0,1,5,1,0,0,0,0,1,1,0,0,,0,0,0,0,0,form-focused
html,html_4137.html,1989,0,0,0,0,0,1,6,7,0,0,0,0,0,1,0,0,,0,0,0,0,0,card-heavy-modern
html,html_2339.html,1126,0,0,3,1,0,0,3,4,0,0,1,0,1,0,0,0,,0,0,0,0,0,form-focused
html,html_12176.html,1574,0,0,0,1,0,0,5,1,0,1,0,0,1,0,0,0,,0,0,0,0,0,form-focused
html,html_14297.html,1698,0,0,0,0,0,0,0,3,0,0,0,0,0,1,0,0,,0,0,0,0,0,card-heavy-modern
html,html_11045.html,1742,1,0,2,1,1,1,9,2,0,0,0,0,1,0,0,0,,0,0,0,0,0,form-focused
html,html_12728.html,1400,0,0,0,1,0,0,7,2,0,0,0,0,1,1,0,0,,0,0,0,0,0,form-focused
html,html_11031.html,1313,0,1,0,1,0,1,4,1,0,0,0,0,1,1,0,0,,0,0,0,0,0,form-focused
html,html_4239.html,1783,1,0,0,1,0,1,4,1,0,0,0,0,1,1,0,0,,0,0,0,0,0,form-focused
html,html_4952.html,1722,0,0,0,1,0,0,1,1,0,0,0,0,1,1,0,0,,0,0,0,0,0,form-focused
html,html_10509.html,2118,0,0,4,1,0,1,3,4,0,0,1,0,1,1,0,0,,0,0,0,0,0,form-focused
html,html_5269.html,2386,0,0,0,0,0,0,0,4,0,0,0,0,0,0,0,0,,0,0,0,0,0,card-heavy-modern
html,html_12382.html,1028,0,0,0,0,0,1,0,0,0,0,0,0,0,0,1,0,,0,0,0,0,0,image-rich-gallery
html,html_2859.html,1402,0,0,0,1,0,1,5,2,0,0,0,0,1,0,0,0,,0,0,0,0,0,form-focused
html,html_14484.html,1119,0,0,1,1,0,1,0,3,0,0,0,0,0,0,0,0,,0,0,0,0,0,card-heavy-modern
html,html_12348.html,1745,0,0,0,0,0,2,1,3,0,0,0,0,1,1,1,0,,0,0,0,0,0,form-focused
html,html_10991.html,1654,0,0,1,1,0,1,4,3,0,0,0,0,1,0,0,0,,0,0,0,0,0,form-focused
html,html_1463.html,1272,1,0,0,0,0,1,0,3,0,0,0,0,0,0,0,0,,0,0,0,0,0,card-heavy-modern
html,html_1555.html,1417,0,0,0,1,0,0,4,1,0,0,0,0,1,0,0,0,,0,0,0,0,0,form-focused
html,html_13768.html,1171,0,0,1,0,0,0,0,2,0,0,0,0,0,1,0,0,,0,0,0,0,0,card-heavy-modern
html,html_9460.html,1883,1,0,0,1,0,0,7,1,0,0,0,0,1,0,0,0,,0,0,0,0,0,form-focused
html,html_14445.html,1588,0,0,0,1,0,2,4,1,0,0,0,0,1,1,1,0,,0,0,0,0,0,form-focused
html,html_12749.html,2209,0,0,1,1,0,1,5,1,0,0,0,0,1,1,0,0,,0,0,0,0,0,form-focused
html,html_2938.html,1803,0,0,0,0,0,1,3,2,0,0,0,0,1,0,0,0,,0,0,0,0,0,form-focused
html,html_10684.html,1357,1,0,1,0,0,0,2,2,0,0,0,0,0,0,0,0,,0,0,0,0,0,card-heavy-modern
html,html_8255.html,1053,0,1,0,0,0,0,0,1,0,0,0,0,0,1,0,0,,0,0,0,0,0,card-heavy-modern
html,html_185.html,1837,1,0,0,1,0,0,3,1,0,0,0,0,1,0,0,0,,0,0,0,0,0,form-focused
html,html_8138.html,2321,1,0,3,0,0,4,0,3,0,0,0,0,0,1,0,0,,0,0,0,0,0,card-heavy-modern
html,html_14365.html,1748,0,0,0,1,0,1,4,1,0,0,0,0,1,1,0,0,,0,0,0,0,0,form-focused
html,html_13944.html,1477,0,0,0,0,0,0,0,0,0,0,0,0,0,0,0,0,,0,0,0,0,0,card-heavy-modern
html,html_2568.html,1166,1,0,0,0,0,0,0,1,0,0,0,0,0,0,0,0,,0,0,0,0,0,card-heavy-modern
html,html_2970.html,2247,0,0,3,1,0,1,4,3,0,0,0,0,1,0,0,0,,0,0,0,0,0,form-focused
html,html_13562.html,1055,1,0,2,0,0,2,0,2,0,0,1,0,0,0,0,0,,0,0,0,0,0,card-heavy-modern
html,html_1451.html,1327,0,0,0,0,0,0,0,4,0,0,1,0,0,1,0,0,,0,0,0,0,0,card-heavy-modern
html,html_883.html,1858,1,0,0,0,0,2,0,5,0,0,1,0,0,0,0,0,,0,0,0,0,0,card-heavy-modern
html,html_5484.html,1277,1,0,3,1,0,0,0,5,0,0,0,0,1,1,0,0,,0,0,0,0,0,form-focused
html,html_5089.html,1626,1,0,4,0,1,1,0,4,0,0,0,0,1,0,1,0,,0,0,0,0,0,form-focused
html,html_8573.html,788,0,0,0,0,0,0,0,1,0,0,0,0,0,1,0,0,,0,0,0,0,0,card-heavy-modern
html,html_8014.html,1070,0,0,2,1,0,1,2,2,0,0,0,0,0,1,0,0,,0,0,0,0,0,card-heavy-modern
html,html_14588.html,948,0,0,0,0,0,1,0,2,0,0,0,0,0,0,0,0,,0,0,0,0,0,card-heavy-modern
html,html_1803.html,917,0,0,3,1,0,0,3,3,0,0,0,0,0,0,0,0,,0,0,0,0,0,card-heavy-modern
html,html_4608.html,1877,0,0,0,1,0,2,4,1,0,0,0,0,1,1,0,0,,0,0,0,0,0,form-focused
html,html_123.html,3573,1,0,0,1,1,0,2,3,0,0,0,0,1,0,0,0,,0,0,0,0,0,form-focused
html,html_7875.html,1910,1,0,0,1,0,1,7,2,0,0,0,0,1,1,0,0,,0,0,0,0,0,form-focused
html,html_3788.html,1459,0,0,0,0,0,1,0,2,0,0,0,0,0,0,0,0,,0,0,0,0,0,card-heavy-modern
html,html_5448.html,1682,0,0,2,1,0,0,3,3,0,0,0,0,1,0,1,0,,0,0,0,0,0,form-focused
html,html_2754.html,1583,2,0,0,0,0,1,0,1,0,0,0,0,1,0,0,0,,0,0,0,0,0,form-focused
html,html_7946.html,1968,0,0,3,1,0,2,3,3,1,0,1,0,1,0,0,0,,0,0,0,0,0,form-focused
html,html_2384.html,1151,0,0,2,1,0,1,0,2,0,0,0,0,1,1,0,0,,0,0,0,0,0,form-focused
html,html_13998.html,2242,0,0,0,1,0,0,5,1,0,0,0,0,1,1,0,0,,0,0,0,0,0,form-focused
html,html_13560.html,2192,0,0,3,1,0,3,3,4,0,0,0,0,1,1,0,0,,0,0,0,0,0,form-focused
html,html_5315.html,2500,0,0,0,0,0,1,0,6,0,0,0,0,1,1,1,0,,0,0,0,0,0,form-focused
html,html_13975.html,1548,0,0,1,1,0,1,4,1,0,0,0,0,1,1,0,0,,0,0,0,0,0,form-focused
html,html_1937.html,1800,0,0,0,0,0,1,4,4,0,0,0,0,1,0,0,0,,0,0,0,0,0,form-focused
html,html_4299.html,1355,1,0,0,1,0,0,7,1,0,0,0,0,1,1,0,0,,0,0,0,0,0,form-focused
html,html_12819.html,1657,0,0,4,1,0,1,6,5,1,0,1,0,1,1,0,0,,0,0,0,0,0,form-focused
html,html_13628.html,1936,1,0,0,0,0,1,0,1,0,0,1,0,0,0,0,0,,0,0,0,0,0,card-heavy-modern
html,html_14472.html,2360,0,0,0,0,0,0,0,3,0,0,0,0,1,1,0,0,,0,0,0,0,0,form-focused
html,html_6300.html,1295,1,0,2,0,0,2,0,2,0,0,0,0,0,1,0,0,,0,0,0,0,0,card-heavy-modern
html,html_7938.html,1741,0,0,0,1,0,0,3,1,0,0,0,0,1,0,0,0,,0,0,0,0,0,form-focused
html,html_4983.html,1460,0,0,0,0,0,0,0,4,0,0,0,0,0,0,1,0,,0,0,0,0,0,card-heavy-modern
html,html_3130.html,1420,0,1,0,1,0,0,7,4,1,0,0,0,1,0,0,0,,0,0,0,0,0,form-focused
html,html_1560.html,1470,0,0,2,0,0,0,0,3,0,0,0,0,0,1,0,0,,0,0,0,0,0,card-heavy-modern
html,html_11342.html,1135,0,0,3,1,0,0,3,4,0,0,0,0,1,1,0,0,,0,0,0,0,0,form-focused
html,html_7392.html,1542,0,0,0,1,0,0,4,1,0,0,0,0,1,1,0,0,,0,0,0,0,0,form-focused
html,html_12253.html,1649,0,0,0,1,0,4,4,1,0,0,0,0,1,0,1,0,,0,0,0,0,0,form-focused
html,html_3972.html,1166,0,0,0,0,0,1,1,2,0,0,0,0,0,0,1,0,,0,0,0,0,0,image-rich-gallery
html,html_6152.html,1751,0,0,0,1,0,0,5,2,0,0,0,0,1,0,0,0,,0,0,0,0,0,form-focused
html,html_11837.html,2395,1,0,0,0,0,1,0,2,0,0,0,0,0,1,0,0,,0,0,0,0,0,card-heavy-modern
html,html_12928.html,1723,0,0,1,0,0,2,0,1,0,0,0,0,0,1,0,0,,0,0,0,0,0,card-heavy-modern
html,html_12180.html,995,0,0,1,1,0,0,4,1,0,0,0,0,1,1,0,0,,0,0,0,0,0,form-focused
html,html_5588.html,1938,0,0,0,0,0,0,0,0,0,0,0,0,0,1,0,0,,0,0,0,0,0,card-heavy-modern
html,html_10986.html,1324,1,0,0,0,0,0,0,3,0,0,1,0,0,1,0,0,,0,0,0,0,0,card-heavy-modern
html,html_7676.html,2213,1,0,0,0,0,1,0,4,0,1,0,0,1,0,0,0,,0,0,0,0,0,form-focused
html,html_14192.html,1412,0,0,0,0,0,0,0,3,0,0,0,0,0,0,0,0,,0,0,0,0,0,card-heavy-modern
html,html_6093.html,1556,0,0,1,1,0,0,3,1,0,0,0,0,1,0,0,0,,0,0,0,0,0,form-focused
html,html_12115.html,1331,1,0,0,0,0,0,0,0,0,0,0,0,0,0,0,0,,0,0,0,0,0,card-heavy-modern
html,html_2837.html,1299,0,0,2,1,0,0,3,3,0,0,0,0,0,0,0,0,,0,0,0,0,0,card-heavy-modern
html,html_5729.html,1837,0,0,1,1,0,0,4,2,0,0,0,0,1,1,0,0,,0,0,0,0,0,form-focused
html,html_3443.html,2789,1,0,0,1,0,1,3,1,0,0,0,0,0,0,0,0,,0,0,0,0,0,card-heavy-modern
html,html_5457.html,1397,0,0,0,1,0,1,6,0,0,0,1,0,1,0,0,0,,0,0,0,0,0,form-focused
html,html_11497.html,1219,1,0,1,1,0,0,4,2,0,0,0,0,1,1,0,0,,0,0,0,0,0,form-focused
html,html_5282.html,1732,2,0,3,0,1,0,0,4,0,0,0,0,0,0,0,0,,0,0,0,0,0,form-focused
html,html_11256.html,1632,2,0,4,1,0,0,3,4,0,0,0,0,0,0,0,0,,0,0,0,0,0,card-heavy-modern
html,html_7488.html,1125,0,0,0,0,0,0,0,1,0,0,0,0,0,0,0,0,,0,0,0,0,0,card-heavy-modern
html,html_11944.html,1775,0,0,3,0,0,1,0,3,0,0,0,1,1,1,0,0,,0,0,0,0,0,form-focused
html,html_11918.html,1838,0,0,0,1,0,0,3,1,0,0,0,0,1,1,0,0,,0,0,0,0,0,form-focused
html,html_7834.html,1611,0,0,0,0,0,1,0,1,0,0,0,1,0,0,0,0,,0,0,0,0,0,card-heavy-modern
html,html_458.html,1622,3,0,0,1,0,0,4,4,0,0,1,0,1,1,0,0,,0,0,0,0,0,form-focused
html,html_12598.html,1655,0,0,0,0,0,1,0,3,0,0,1,0,0,1,0,0,,0,0,0,0,0,card-heavy-modern
html,html_4886.html,1404,0,0,0,0,0,1,0,4,0,0,0,0,1,0,0,0,,0,0,0,0,0,form-focused
html,html_1640.html,2238,0,0,0,1,0,1,3,1,0,0,0,0,1,0,0,0,,0,0,0,0,0,form-focused
html,html_7165.html,1654,0,0,0,1,0,1,4,1,0,0,0,0,1,1,0,0,,0,0,0,0,0,form-focused
html,html_217.html,2226,0,0,0,1,0,0,3,1,0,0,0,0,1,1,0,0,,0,0,0,0,0,form-focused
html,html_1464.html,1337,0,0,0,0,0,0,0,1,0,1,0,0,0,1,0,0,,0,0,0,0,0,card-heavy-modern
html,html_9002.html,1292,0,0,0,0,0,0,0,3,0,0,0,0,1,1,0,0,,0,0,0,0,0,form-focused
html,html_5454.html,1563,0,0,0,1,0,0,5,0,0,1,0,0,1,0,0,0,,0,0,0,0,0,form-focused
html,html_4908.html,1098,0,0,0,0,0,0,0,1,0,0,0,0,0,0,0,0,,0,0,0,0,0,card-heavy-modern
html,html_4542.html,1408,0,0,0,0,0,1,1,0,0,0,0,0,0,1,0,0,,0,0,0,0,0,card-heavy-modern
html,html_5451.html,1305,0,0,0,1,0,0,2,5,0,0,0,0,1,0,0,0,,0,0,0,0,0,form-focused
html,html_14595.html,1827,0,0,0,1,0,1,4,2,0,0,0,0,1,0,0,0,,0,0,0,0,0,form-focused
html,html_8681.html,1053,1,0,0,0,0,1,3,1,0,0,0,0,0,0,0,0,,0,0,0,0,0,card-heavy-modern
html,html_1680.html,1740,0,0,0,1,0,1,4,0,0,0,0,0,1,1,0,0,,0,0,0,0,0,form-focused
html,html_12427.html,1408,0,0,1,1,0,0,4,2,0,0,0,0,1,0,0,0,,0,0,0,0,0,form-focused
html,html_9905.html,1587,0,0,0,1,0,0,2,1,0,0,1,0,0,1,0,0,,0,0,0,0,0,card-heavy-modern
html,html_10690.html,1466,0,0,0,1,0,0,5,1,0,0,0,0,0,0,0,0,,0,0,0,0,0,card-heavy-modern
html,html_1104.html,1550,0,0,0,0,0,1,0,5,0,0,0,0,0,0,0,0,,0,0,0,0,0,card-heavy-modern
html,html_6706.html,2906,1,0,3,1,0,0,3,4,0,0,0,0,1,1,0,0,,0,0,0,0,0,form-focused
html,html_9605.html,1919,0,0,0,1,0,0,3,1,0,0,0,0,1,1,0,0,,0,0,0,0,0,form-focused
html,html_12133.html,1916,1,0,0,1,0,1,3,0,0,0,0,0,1,0,0,0,,0,0,0,0,0,form-focused
html,html_6140.html,1120,0,0,0,0,0,0,0,1,0,0,0,0,0,1,0,0,,0,0,0,0,0,card-heavy-modern
html,html_13696.html,1044,0,0,0,1,0,1,3,2,0,0,0,0,0,0,0,0,,0,0,0,0,0,card-heavy-modern
html,html_9915.html,1624,0,0,0,1,0,1,6,1,0,0,0,0,0,0,0,0,,0,0,0,0,0,card-heavy-modern
html,html_1643.html,1225,0,0,0,1,0,1,4,1,0,0,0,0,1,1,0,0,,0,0,0,0,0,form-focused
html,html_1279.html,1321,0,0,0,0,0,0,0,0,0,0,0,0,0,0,1,0,,0,0,0,0,0,card-heavy-modern
html,html_3074.html,1234,0,0,0,1,0,0,5,0,0,0,0,0,1,0,1,0,,0,0,0,0,0,form-focused
html,html_14852.html,1997,0,0,0,1,0,0,3,1,0,0,0,0,1,0,0,0,,0,0,0,0,0,form-focused
html,html_4702.html,1534,1,0,1,1,0,0,4,4,0,0,0,0,1,1,0,0,,0,0,0,0,0,form-focused
html,html_6391.html,1125,0,0,3,1,0,1,3,3,0,0,1,0,1,0,0,0,,0,0,0,0,0,form-focused
html,html_6296.html,960,0,0,0,0,0,1,0,0,0,0,0,0,0,1,0,0,,0,0,0,0,0,card-heavy-modern
html,html_9562.html,1579,0,0,0,1,0,0,4,1,0,0,0,0,1,1,0,0,,0,0,0,0,0,form-focused
html,html_13053.html,2357,0,0,0,1,0,0,3,4,0,0,0,0,0,0,0,1,#fac,0,0,0,0,0,card-heavy-modern
html,html_3246.html,2347,0,0,4,1,0,1,4,4,0,0,0,0,0,1,0,1,#acade,0,0,0,0,0,card-heavy-modern
html,html_14657.html,2903,1,0,0,1,0,2,6,4,0,0,0,0,1,1,0,0,,0,0,0,0,0,form-focused
html,html_8541.html,2245,3,0,1,1,0,1,4,3,0,0,0,0,1,1,0,0,,0,0,0,0,0,form-focused
html,html_11334.html,1570,0,0,0,0,0,0,0,0,0,0,0,0,0,0,0,0,,0,0,0,0,0,card-heavy-modern
html,html_6823.html,1398,0,0,0,0,0,1,0,3,0,0,1,0,0,0,0,0,,0,0,0,0,0,card-heavy-modern
html,html_1522.html,1754,0,0,0,0,0,2,0,3,0,0,0,0,1,0,0,0,,0,0,0,0,0,form-focused
html,html_11118.html,1547,1,0,3,0,0,1,0,3,0,0,0,0,0,0,0,0,,0,0,0,0,0,card-heavy-modern
html,html_12500.html,2913,0,0,0,1,0,0,4,1,0,0,0,0,1,0,0,0,,0,0,0,0,0,form-focused
html,html_5575.html,750,0,0,0,0,0,0,0,1,0,0,0,0,0,1,0,0,,0,0,0,0,0,card-heavy-modern
html,html_11310.html,2893,0,0,1,1,0,0,5,3,0,0,0,0,1,0,0,0,,0,0,0,0,0,form-focused
html,html_6244.html,1557,0,0,2,0,0,3,0,3,0,0,0,0,0,0,0,0,,0,0,0,0,0,card-heavy-modern
html,html_13318.html,1234,0,0,0,1,0,1,3,0,0,0,0,0,1,0,0,0,,0,0,0,0,0,form-focused
html,html_9474.html,1281,1,0,0,1,0,0,4,1,0,0,0,0,1,1,0,0,,0,0,0,0,0,form-focused
html,html_777.html,2524,3,0,0,1,0,0,7,2,0,0,0,0,1,0,0,0,,0,0,0,0,0,form-focused
html,html_10996.html,2075,0,0,0,1,0,0,5,0,0,0,0,0,0,0,0,0,,0,0,0,0,0,card-heavy-modern
html,html_1354.html,1788,2,0,2,1,0,1,4,2,0,0,0,0,1,1,0,0,,0,0,0,0,0,form-focused
html,html_10636.html,1573,0,0,0,1,0,1,3,1,0,0,0,0,1,1,0,0,,0,0,0,0,0,form-focused
html,html_13672.html,868,1,0,0,0,0,0,0,1,0,0,0,0,0,0,0,0,,0,0,0,0,0,card-heavy-modern
html,html_12369.html,971,0,0,0,0,0,1,0,2,0,0,0,0,0,1,0,0,,0,0,0,0,0,card-heavy-modern
html,html_2194.html,1114,0,0,3,0,0,0,0,4,0,0,1,0,0,0,0,0,,0,0,0,0,0,card-heavy-modern
html,html_5647.html,1457,0,0,0,1,0,1,4,1,1,0,0,0,1,0,0,0,,0,0,0,0,0,form-focused
html,html_7184.html,2088,0,0,0,0,0,0,0,3,0,0,0,0,0,1,0,0,,0,0,0,0,0,card-heavy-modern
html,html_13077.html,1798,1,0,0,1,1,2,7,5,0,0,0,0,1,1,0,0,,0,0,0,0,0,form-focused
html,html_8772.html,1579,0,0,3,1,0,0,3,3,0,0,0,0,1,0,0,0,,0,0,0,0,0,form-focused
html,html_2824.html,863,0,0,0,0,0,1,0,1,0,0,0,0,0,0,0,0,,0,0,0,0,0,card-heavy-modern
html,html_6506.html,3277,1,0,0,1,1,1,4,1,0,0,0,0,1,1,0,0,,0,0,0,0,0,form-focused
html,html_6986.html,2041,0,0,0,0,0,1,0,5,0,0,0,0,0,1,0,0,,0,0,0,0,0,card-heavy-modern
html,html_9696.html,2198,0,0,0,1,0,0,3,1,0,0,0,0,1,1,0,0,,0,0,0,0,0,form-focused
html,html_5684.html,1556,0,0,0,1,0,1,8,2,1,0,0,0,1,1,0,0,,0,0,0,0,0,form-focused
html,html_13774.html,1838,0,0,0,0,0,2,1,2,0,0,0,0,0,0,0,0,,0,0,0,0,0,card-heavy-modern
html,html_2061.html,1997,0,0,0,1,0,1,7,2,0,0,0,0,1,0,0,0,,0,0,0,0,0,form-focused
html,html_3264.html,1869,1,0,0,1,0,1,4,1,0,0,0,0,1,1,0,0,,0,0,0,0,0,form-focused
html,html_1283.html,2116,0,0,3,1,0,0,3,3,0,0,0,0,1,1,0,0,,0,0,0,0,0,form-focused
html,html_3314.html,1109,0,0,0,0,0,1,0,1,0,0,0,0,0,1,0,0,,0,0,0,0,0,card-heavy-modern
html,html_13860.html,1009,0,0,2,1,0,0,3,1,0,0,0,0,1,0,0,0,,0,0,0,0,0,form-focused
html,html_3709.html,1994,2,0,1,0,1,1,0,5,0,0,0,0,1,0,0,0,,0,0,0,0,0,form-focused
html,html_13432.html,1865,1,0,2,1,0,1,7,2,0,0,0,0,1,0,0,0,,0,0,0,0,0,form-focused
html,html_8412.html,1007,0,0,0,1,0,1,7,0,0,0,1,0,0,1,0,0,,0,0,0,0,0,card-heavy-modern
html,html_10520.html,1180,0,0,0,1,0,1,5,1,0,0,0,0,1,0,0,0,,0,0,0,0,0,form-focused
html,html_6523.html,1559,1,0,0,1,0,1,3,1,0,0,0,0,1,1,0,0,,0,0,0,0,0,form-focused
html,html_11925.html,1259,0,0,1,1,0,0,4,2,0,0,0,0,1,1,0,0,,0,0,0,0,0,form-focused
html,html_12880.html,1344,1,0,0,1,0,2,4,1,0,0,0,0,1,0,0,0,,0,0,0,0,0,form-focused
html,html_13794.html,1566,0,0,0,1,0,0,4,1,0,0,0,0,1,1,0,0,,0,0,0,0,0,form-focused
html,html_3401.html,1528,0,0,3,1,0,1,5,3,0,0,1,0,1,1,0,0,,0,0,0,0,0,form-focused
html,html_1357.html,1039,0,0,1,0,0,0,0,1,0,0,0,0,1,0,0,0,,0,0,0,0,0,form-focused
html,html_10262.html,2242,1,0,0,1,0,1,3,1,0,0,0,0,1,1,0,0,,0,0,0,0,0,form-focused
html,html_5424.html,1718,0,0,3,1,0,0,4,4,0,0,0,0,1,0,0,0,,0,0,0,0,0,form-focused
html,html_3165.html,1401,0,0,0,0,0,0,0,3,0,0,0,0,0,0,0,0,,0,0,0,0,0,card-heavy-modern
html,html_10877.html,2010,0,1,2,1,0,0,7,2,0,0,0,0,1,1,0,0,,0,0,0,0,0,form-focused
html,html_3626.html,1681,0,0,0,1,0,2,3,1,0,0,0,0,1,0,0,0,,0,0,0,0,0,form-focused
html,html_6837.html,3053,0,0,2,1,0,3,5,3,0,0,0,0,1,0,0,0,,0,0,0,0,0,form-focused
html,html_5920.html,1784,1,0,0,1,0,0,2,1,0,0,0,0,1,1,0,0,,0,0,0,0,0,form-focused
html,html_9241.html,2099,0,0,0,1,1,1,4,1,0,0,0,0,1,1,0,0,,0,0,0,0,0,form-focused
html,html_6376.html,807,0,0,3,0,0,0,0,4,0,0,0,0,0,0,0,0,,0,0,0,0,0,card-heavy-modern
html,html_2398.html,1152,1,0,0,0,0,1,0,2,0,0,0,0,1,0,0,0,,0,0,0,0,0,form-focused
html,html_1429.html,2183,1,0,3,1,0,2,3,3,0,0,0,0,1,1,0,0,,0,0,0,0,0,form-focused
html,html_12135.html,1215,0,0,0,1,0,0,4,3,0,0,1,0,1,1,0,0,,0,0,0,0,0,form-focused
html,html_8181.html,2805,1,0,2,1,1,1,7,4,0,0,0,0,1,1,0,0,,0,0,0,0,0,form-focused
html,html_632.html,1374,1,0,2,0,0,1,0,4,1,0,0,0,1,1,0,0,,0,0,0,0,0,form-focused
html,html_10785.html,959,1,0,0,0,0,0,0,1,0,0,0,0,0,0,0,0,,0,0,0,0,0,card-heavy-modern
html,html_4535.html,1307,0,0,0,0,0,4,0,1,0,0,0,0,0,0,0,0,,0,0,0,0,0,card-heavy-modern
html,html_14298.html,1984,1,0,0,1,0,1,3,1,0,0,0,0,1,1,0,0,,0,0,0,0,0,form-focused
html,html_7326.html,2005,0,0,0,0,0,2,0,7,0,1,0,0,0,0,0,0,,0,0,0,0,0,card-heavy-modern
html,html_12392.html,2580,2,0,0,0,0,1,3,4,0,0,0,0,0,1,0,0,,0,0,0,0,0,card-heavy-modern
html,html_11208.html,1194,0,0,0,0,0,1,0,2,0,0,0,0,0,0,1,0,,0,0,0,0,0,image-rich-gallery
html,html_1475.html,872,1,0,0,0,0,0,0,1,0,0,0,0,0,1,0,0,,0,0,0,0,0,card-heavy-modern
html,html_7893.html,1657,0,0,0,1,0,1,6,4,0,0,0,0,1,0,0,0,,0,0,0,0,0,form-focused
html,html_14679.html,1532,0,0,0,0,0,6,3,1,0,0,0,0,0,0,0,0,,0,0,0,0,0,card-heavy-modern
html,html_12961.html,1129,0,0,0,1,0,0,4,1,0,0,0,0,1,1,0,0,,0,0,0,0,0,form-focused
html,html_2552.html,1841,1,0,0,1,0,2,3,1,0,0,1,0,0,0,0,0,,0,0,0,0,0,card-heavy-modern
html,html_6063.html,1241,0,0,0,1,0,1,4,1,0,0,1,0,0,0,0,0,,0,0,0,0,0,card-heavy-modern
html,html_11662.html,1641,0,0,1,1,0,2,3,4,1,0,1,0,1,0,0,0,,0,0,0,0,0,form-focused
html,html_12725.html,978,1,0,0,0,0,0,0,1,0,0,0,0,0,1,0,0,,0,0,0,0,0,card-heavy-modern
html,html_7304.html,1688,0,0,0,1,0,0,3,1,0,0,0,0,1,1,0,0,,0,0,0,0,0,form-focused
html,html_8629.html,1743,0,0,0,0,0,1,0,2,0,1,0,0,0,0,0,0,,0,0,0,0,0,card-heavy-modern
html,html_11915.html,1322,1,0,0,0,0,1,0,1,0,0,0,0,0,0,0,0,,0,0,0,0,0,card-heavy-modern
html,html_11553.html,2360,0,0,0,1,0,0,3,1,0,0,0,0,1,0,1,0,,0,0,0,0,0,form-focused
html,html_3033.html,1072,0,0,2,0,0,0,0,4,1,0,0,0,1,0,0,0,,0,0,0,0,0,form-focused
html,html_4403.html,1474,0,0,0,0,0,0,0,3,0,0,0,0,0,1,0,0,,0,0,0,0,0,card-heavy-modern
html,html_1850.html,1496,1,0,1,0,0,0,0,2,0,0,0,0,0,0,0,0,,0,0,0,0,0,card-heavy-modern
html,html_11000.html,1603,0,0,1,1,0,1,6,0,0,0,0,0,1,0,0,0,,0,0,0,0,0,form-focused
html,html_13353.html,1741,0,0,0,0,0,0,3,4,0,0,0,0,0,0,0,0,,0,0,0,0,0,card-heavy-modern
html,html_5540.html,1704,0,0,0,0,0,0,0,0,0,0,0,0,0,0,0,0,,0,0,0,0,0,card-heavy-modern
html,html_5776.html,1717,0,0,0,1,0,1,4,3,0,0,0,0,1,0,1,0,,0,0,0,0,0,form-focused
html,html_9122.html,1389,0,0,0,1,0,2,4,1,0,0,0,0,1,1,0,0,,0,0,0,0,0,form-focused
html,html_11119.html,1585,0,0,0,0,0,2,0,0,0,0,0,0,0,0,0,0,,0,0,0,0,0,card-heavy-modern
html,html_4039.html,1545,1,1,0,0,0,0,0,3,0,0,0,0,0,0,0,0,,0,0,0,0,0,card-heavy-modern
html,html_5378.html,1278,0,0,0,1,0,0,5,1,0,0,0,0,0,0,0,0,,0,0,0,0,0,card-heavy-modern
html,html_1273.html,1132,0,0,0,1,0,1,5,0,0,0,0,0,1,1,0,0,,0,0,0,0,0,form-focused
html,html_8828.html,1477,0,0,0,1,0,0,4,1,0,0,0,0,1,0,0,0,,0,0,0,0,0,form-focused
html,html_3934.html,1627,0,0,0,0,0,0,0,2,0,0,0,0,0,1,0,0,,0,0,0,0,0,card-heavy-modern
html,html_10965.html,1121,0,0,0,0,0,1,0,3,0,0,1,0,0,1,0,0,,0,0,0,0,0,card-heavy-modern
html,html_13185.html,1835,0,0,0,1,0,0,3,1,0,0,0,0,1,0,0,0,,0,0,0,0,0,form-focused
html,html_10310.html,2007,1,0,3,0,0,0,3,5,0,0,0,0,1,0,0,0,,0,0,0,0,0,form-focused
html,html_14441.html,1986,0,0,0,1,0,0,4,1,0,0,0,0,1,1,0,0,,0,0,0,0,0,form-focused
html,html_2193.html,1398,0,0,1,0,0,1,0,1,0,0,0,0,0,0,0,0,,0,0,0,0,0,card-heavy-modern
html,html_13894.html,1111,1,0,0,0,0,0,0,1,0,0,0,0,0,1,0,0,,0,0,0,0,0,card-heavy-modern
html,html_6689.html,1760,1,0,0,0,0,1,0,1,0,0,0,0,0,1,0,0,,0,0,0,0,0,card-heavy-modern
html,html_9281.html,877,0,0,0,1,0,1,0,1,1,0,0,0,0,1,0,0,,0,0,0,0,0,card-heavy-modern
html,html_3675.html,2556,1,0,3,1,0,0,3,3,0,0,0,0,0,1,1,0,,0,0,0,0,0,card-heavy-modern
html,html_12857.html,1647,0,0,3,0,0,0,0,4,0,0,0,0,1,1,1,0,,0,0,0,0,0,form-focused
html,html_7720.html,1412,0,0,3,1,0,1,4,0,0,0,0,0,0,0,0,0,,0,0,0,0,0,card-heavy-modern
html,html_1325.html,2050,0,0,0,1,0,2,5,0,0,0,0,0,1,0,1,0,,0,0,0,0,0,form-focused
html,html_1316.html,1066,1,0,0,0,0,1,0,0,0,0,0,0,0,1,0,0,,0,0,0,0,0,card-heavy-modern
html,html_10088.html,2001,0,0,3,1,0,1,3,3,1,0,0,0,0,0,0,0,,0,0,0,0,0,card-heavy-modern
html,html_9236.html,1137,0,0,3,0,0,0,0,4,0,0,0,0,0,1,0,0,,0,0,0,0,0,card-heavy-modern
html,html_2083.html,1884,0,0,0,1,0,0,3,1,0,0,0,0,1,1,0,0,,0,0,0,0,0,form-focused
html,html_3317.html,906,0,0,1,0,0,0,0,1,0,0,0,0,1,0,0,0,,0,0,0,0,0,form-focused
html,html_10345.html,2426,0,0,0,1,0,1,3,1,0,0,0,0,1,0,0,0,,0,0,0,0,0,form-focused
html,html_13116.html,2029,2,0,0,0,1,0,0,2,0,0,0,0,0,0,0,0,,0,0,0,0,0,form-focused
html,html_1255.html,2484,0,0,0,0,0,0,0,0,0,0,0,0,0,1,0,0,,0,0,0,0,0,card-heavy-modern
html,html_13595.html,2170,0,0,4,1,0,1,4,4,0,0,1,0,0,1,0,1,#fea,0,0,0,0,0,card-heavy-modern
html,html_12666.html,1680,1,0,1,1,0,0,3,1,0,0,0,0,1,0,0,0,,0,0,0,0,0,form-focused
html,html_12465.html,2277,0,0,0,1,0,7,7,4,0,0,0,0,1,0,0,0,,0,0,0,0,0,form-focused
html,html_8921.html,1588,0,0,0,1,0,0,3,1,0,0,0,0,1,1,0,0,,0,0,0,0,0,form-focused
html,html_13662.html,1611,1,0,0,1,0,0,3,1,0,0,0,0,1,1,0,0,,0,0,0,0,0,form-focused
html,html_8886.html,1231,0,0,1,1,0,0,3,2,0,0,0,0,0,1,0,0,,0,0,0,0,0,card-heavy-modern
html,html_5110.html,1511,0,0,2,0,0,0,0,3,0,0,0,0,1,1,0,0,,0,0,0,0,0,form-focused
html,html_13679.html,1479,0,0,3,1,0,0,3,3,0,0,0,0,0,0,0,0,,0,0,0,0,0,card-heavy-modern
html,html_4298.html,1804,1,0,0,1,1,1,7,2,0,0,0,0,1,0,0,0,,0,0,0,0,0,form-focused
html,html_7219.html,2087,0,0,0,1,0,1,4,3,0,0,0,0,1,0,0,0,,0,0,0,0,0,form-focused
html,html_2146.html,1593,0,0,0,1,0,0,2,1,0,0,0,0,1,0,0,0,,0,0,0,0,0,form-focused
html,html_12950.html,2596,0,0,0,1,0,3,4,1,0,0,0,0,1,0,1,0,,0,0,0,0,0,form-focused
html,html_8440.html,2218,1,0,0,0,0,1,0,0,0,0,0,0,0,1,0,0,,0,0,0,0,0,card-heavy-modern
html,html_965.html,1636,0,0,0,1,0,1,4,2,0,0,0,0,1,0,0,0,,0,0,0,0,0,form-focused
html,html_2865.html,1146,0,0,0,0,0,1,1,1,0,0,0,0,1,1,0,0,,0,0,0,0,0,form-focused
html,html_46.html,1993,0,0,0,0,0,2,1,3,0,1,0,0,0,1,0,0,,0,0,0,0,0,card-heavy-modern
html,html_3005.html,1362,0,0,1,1,0,1,4,2,0,0,0,0,1,1,0,0,,0,0,0,0,0,form-focused
html,html_14111.html,1915,0,0,0,1,0,0,3,1,0,0,0,0,1,1,0,0,,0,0,0,0,0,form-focused
html,html_12312.html,2613,0,0,0,1,0,0,3,0,0,0,0,0,1,0,0,0,,0,0,0,0,0,form-focused
html,html_9895.html,1120,0,0,0,0,0,1,0,1,0,0,0,0,0,0,0,0,,0,0,0,0,0,card-heavy-modern
html,html_2417.html,1362,1,0,0,0,0,1,0,1,0,0,0,0,0,0,0,0,,0,0,0,0,0,card-heavy-modern
html,html_1984.html,1640,2,0,0,1,0,0,3,3,0,0,0,0,1,0,0,0,,0,0,0,0,0,form-focused
html,html_1359.html,2049,0,0,0,1,0,0,3,1,0,0,0,0,1,0,1,0,,0,0,0,0,0,form-focused
html,html_6408.html,1279,0,0,0,0,0,0,0,3,0,0,1,0,0,1,0,0,,0,0,0,0,0,card-heavy-modern
html,html_7615.html,1493,0,0,3,1,0,2,3,3,0,1,1,0,0,0,0,0,,0,0,0,0,0,card-heavy-modern
html,html_1046.html,1408,2,0,1,0,0,0,0,1,0,0,0,0,0,0,0,0,,0,0,0,0,0,card-heavy-modern
html,html_8606.html,2247,0,0,1,0,0,0,0,2,0,0,0,0,0,1,0,0,,0,0,0,0,0,card-heavy-modern
html,html_8269.html,836,0,0,0,1,0,0,4,1,0,0,0,0,1,1,0,0,,0,0,0,0,0,form-focused
html,html_7365.html,1936,0,0,0,0,0,2,4,5,0,0,1,0,1,0,0,0,,0,0,0,0,0,form-focused
html,html_9547.html,2663,1,0,3,1,0,0,8,3,0,0,0,0,1,1,0,0,,0,0,0,0,0,form-focused
html,html_11439.html,1283,0,0,0,1,0,1,3,1,0,0,0,0,1,0,0,0,,0,0,0,0,0,form-focused
html,html_12796.html,2072,0,0,0,0,0,0,0,1,0,0,0,0,0,1,0,0,,0,0,0,0,0,card-heavy-modern
html,html_13184.html,2124,2,0,0,1,0,0,3,2,0,0,0,0,1,0,0,0,,0,0,0,0,0,form-focused
html,html_7908.html,1864,0,0,3,0,0,0,1,7,0,0,1,0,1,1,0,0,,0,0,0,0,0,form-focused
html,html_9023.html,1618,0,0,0,1,0,2,4,1,0,0,0,0,1,1,0,0,,0,0,0,0,0,form-focused
html,html_9558.html,1868,1,0,0,0,0,0,0,1,0,0,1,0,1,1,0,0,,0,0,0,0,0,form-focused
html,html_10609.html,1939,0,0,0,1,0,0,3,3,0,0,0,0,0,1,0,0,,0,0,0,0,0,card-heavy-modern
html,html_7799.html,4215,0,0,0,1,0,1,10,1,0,0,0,0,1,0,0,0,,0,0,0,0,0,form-focused
html,html_4163.html,1595,0,0,0,0,0,0,0,3,0,0,0,0,0,0,0,0,,0,0,0,0,0,card-heavy-modern
html,html_10595.html,1619,2,0,0,0,0,1,0,1,0,0,0,0,0,0,0,0,,0,0,0,0,0,card-heavy-modern
html,html_11923.html,2761,0,0,0,1,0,1,5,1,0,0,0,0,1,1,0,0,,0,0,0,0,0,form-focused
html,html_9008.html,1601,1,0,0,0,0,1,0,0,0,0,0,0,0,0,0,0,,0,0,0,0,0,card-heavy-modern
html,html_3807.html,1305,0,0,4,1,0,0,0,5,0,1,1,0,1,1,0,0,,0,0,0,0,0,form-focused
html,html_12563.html,2027,0,0,0,1,0,1,6,1,0,0,0,0,1,0,0,0,,0,0,0,0,0,form-focused
html,html_4036.html,1259,0,0,0,0,0,0,1,3,0,0,1,0,0,0,0,0,,0,0,0,0,0,card-heavy-modern
html,html_4045.html,1365,0,0,4,0,0,1,3,4,0,0,0,0,0,0,0,0,,0,0,0,0,0,card-heavy-modern
html,html_5415.html,2145,1,0,2,1,0,0,3,4,0,0,1,0,1,1,1,0,,0,0,0,0,0,form-focused
html,html_4421.html,1429,1,0,0,1,0,0,4,1,0,0,1,0,1,1,0,0,,0,0,0,0,0,form-focused
html,html_8331.html,1535,0,0,0,1,0,1,4,0,0,0,1,0,0,0,0,0,,0,0,0,0,0,card-heavy-modern
html,html_851.html,2052,0,0,2,0,0,0,1,3,0,0,0,0,0,1,0,0,,0,0,0,0,0,card-heavy-modern
html,html_12412.html,1049,0,0,1,1,0,1,4,0,0,0,0,0,1,0,0,0,,0,0,0,0,0,form-focused
html,html_8078.html,759,0,0,0,0,0,0,0,1,0,0,0,0,0,1,0,0,,0,0,0,0,0,card-heavy-modern
html,html_14711.html,1984,0,0,0,0,0,0,0,0,0,0,0,0,0,0,0,0,,0,0,0,0,0,card-heavy-modern
html,html_4386.html,3798,2,0,4,1,1,0,4,5,0,0,1,0,1,1,0,1,#fea,0,0,0,0,0,form-focused
html,html_8724.html,1509,0,0,2,0,0,0,0,3,0,0,0,0,0,1,0,0,,0,0,0,0,0,card-heavy-modern
html,html_9694.html,1841,1,0,0,1,0,0,4,1,0,0,0,0,1,0,0,0,,0,0,0,0,0,form-focused
html,html_8272.html,1352,1,0,0,1,0,0,0,1,0,0,0,0,0,1,0,0,,0,0,0,0,0,card-heavy-modern
html,html_6518.html,2148,0,0,0,0,0,0,0,0,0,0,0,0,0,1,0,0,,0,0,0,0,0,card-heavy-modern
html,html_9968.html,1650,0,0,0,1,0,1,4,1,0,0,0,0,1,0,0,0,,0,0,0,0,0,form-focused
html,html_14137.html,1380,0,0,0,1,0,1,4,1,0,0,0,0,1,1,0,0,,0,0,0,0,0,form-focused
html,html_3728.html,2069,0,0,0,1,0,2,10,0,1,0,0,0,1,1,0,0,,0,0,0,0,0,form-focused
html,html_9613.html,1335,1,0,0,0,0,2,0,1,0,0,0,0,0,0,0,0,,0,0,0,0,0,card-heavy-modern
html,html_13005.html,1786,0,0,0,1,0,0,4,1,0,0,0,0,1,0,1,0,,0,0,0,0,0,form-focused
html,html_12038.html,1125,1,0,1,1,0,0,0,1,1,0,0,0,0,0,0,0,,0,0,0,0,0,card-heavy-modern
html,html_1527.html,1204,0,0,0,0,0,1,0,2,0,0,0,1,0,1,0,0,,0,0,0,0,0,card-heavy-modern
html,html_5276.html,1668,1,0,0,0,0,3,0,2,0,0,0,0,0,0,0,0,,0,0,0,0,0,card-heavy-modern
html,html_8510.html,1306,0,0,2,1,0,1,4,2,0,0,0,0,1,0,0,0,,0,0,0,0,0,form-focused
html,html_13167.html,1427,0,0,0,0,0,1,3,2,0,0,0,0,0,0,0,0,,0,0,0,0,0,card-heavy-modern
html,html_11422.html,1239,0,0,0,0,0,1,0,1,0,0,0,0,0,1,0,0,,0,0,0,0,0,card-heavy-modern
html,html_4459.html,1176,0,0,0,0,0,4,0,0,0,1,0,0,0,0,0,0,,0,0,0,0,0,card-heavy-modern
html,html_3895.html,1836,0,0,0,1,0,0,4,6,0,0,1,0,1,0,0,0,,0,0,0,0,0,form-focused
html,html_8761.html,806,1,0,0,0,0,0,0,1,0,0,0,0,0,1,0,0,,0,0,0,0,0,card-heavy-modern
html,html_3194.html,2107,0,0,0,0,0,0,0,0,0,0,0,0,0,1,0,0,,0,0,0,0,0,card-heavy-modern
html,html_12065.html,1437,0,0,0,0,0,0,0,3,0,0,0,0,0,0,0,0,,0,0,0,0,0,card-heavy-modern
html,html_2175.html,1314,0,0,0,1,0,0,4,2,0,0,0,0,1,0,0,0,,0,0,0,0,0,form-focused
html,html_2284.html,1622,0,0,3,0,0,0,2,4,0,0,0,0,0,0,0,0,,0,0,0,0,0,card-heavy-modern
html,html_8389.html,1932,0,0,2,0,0,0,0,3,0,0,0,0,1,1,0,0,,0,0,0,0,0,form-focused
html,html_537.html,1122,0,0,0,1,0,0,4,1,0,0,0,0,1,1,0,0,,0,0,0,0,0,form-focused
html,html_13574.html,1356,0,0,0,0,0,0,3,2,0,0,0,0,1,0,0,0,,0,0,0,0,0,form-focused
html,html_13895.html,1777,1,0,0,1,0,1,4,1,0,0,0,0,1,0,0,0,,0,0,0,0,0,form-focused
html,html_6536.html,1261,0,0,0,0,0,0,0,4,0,0,0,0,0,0,0,0,,0,0,0,0,0,card-heavy-modern
html,html_9266.html,1163,0,0,0,0,0,1,0,3,0,0,0,0,0,0,0,0,,0,0,0,0,0,card-heavy-modern
html,html_5264.html,1508,0,0,0,0,0,1,0,3,0,0,0,0,0,1,0,0,,0,0,0,0,0,card-heavy-modern
html,html_6821.html,2494,0,0,1,0,0,2,4,2,0,0,1,0,1,1,0,0,,0,0,0,0,0,form-focused
html,html_4116.html,2295,0,0,3,1,0,3,3,4,0,0,0,0,1,1,0,0,,0,0,0,0,0,form-focused
html,html_11936.html,1632,0,0,1,1,0,1,4,1,0,0,0,0,1,1,0,0,,0,0,0,0,0,form-focused
html,html_343.html,1448,0,0,1,0,0,0,0,3,0,0,0,0,0,1,0,0,,0,0,0,0,0,card-heavy-modern
html,html_11345.html,1374,0,0,2,0,0,1,0,6,0,0,0,0,0,1,0,0,,0,0,0,0,0,card-heavy-modern
html,html_14619.html,2748,1,0,3,1,0,0,4,3,0,0,0,0,1,0,0,0,,0,0,0,0,0,form-focused
html,html_3549.html,1589,0,0,0,1,0,1,4,1,0,0,0,0,1,0,1,0,,0,0,0,0,0,form-focused
html,html_13988.html,1792,0,0,0,0,0,3,0,1,0,0,0,0,0,1,0,0,,0,0,0,0,0,card-heavy-modern
html,html_9072.html,1007,2,0,0,0,0,0,0,1,0,0,0,0,0,0,0,0,,0,0,0,0,0,card-heavy-modern
html,html_6038.html,2041,0,0,0,0,0,1,3,2,0,0,0,0,1,0,0,0,,0,0,0,0,0,form-focused
html,html_61.html,958,0,0,0,0,0,0,0,0,0,0,0,0,0,0,1,0,,0,0,0,0,0,card-heavy-modern
html,html_188.html,1493,1,0,2,1,0,0,4,3,0,0,0,0,1,1,0,0,,0,0,0,0,0,form-focused
html,html_6793.html,1104,1,0,0,1,0,0,3,2,0,0,0,0,1,1,0,0,,0,0,0,0,0,form-focused
html,html_12520.html,1295,0,0,0,0,0,0,0,3,0,0,0,0,0,1,0,0,,0,0,0,0,0,card-heavy-modern
html,html_3846.html,2171,0,0,3,1,0,1,3,3,0,0,0,1,1,0,0,0,,0,0,0,0,0,form-focused
html,html_12044.html,964,0,0,0,0,0,3,0,1,0,0,0,0,0,0,1,0,,0,0,0,0,0,image-rich-gallery
html,html_6756.html,1169,1,0,3,0,0,3,0,3,0,0,0,0,0,1,0,0,,0,0,0,0,0,card-heavy-modern
html,html_5833.html,2446,0,0,0,1,0,7,4,4,0,0,0,0,1,0,0,0,,0,0,0,0,0,form-focused
html,html_714.html,2405,0,0,4,1,0,0,7,4,0,0,0,0,1,1,0,0,,0,0,0,0,0,form-focused
html,html_10629.html,993,0,0,0,1,0,2,0,1,0,0,0,0,0,1,0,0,,0,0,0,0,0,card-heavy-modern
html,html_4197.html,2116,0,0,2,0,0,1,0,6,0,0,0,0,0,1,0,0,,0,0,0,0,0,card-heavy-modern
html,html_14498.html,2250,0,0,2,1,0,3,6,5,0,0,0,0,1,1,0,0,,0,0,0,0,0,form-focused
html,html_6601.html,988,1,0,0,0,0,1,0,1,0,0,0,0,0,0,0,0,,0,0,0,0,0,card-heavy-modern
html,html_5735.html,1771,1,0,0,1,0,2,4,2,0,0,0,0,1,0,0,0,,0,0,0,0,0,form-focused
html,html_13278.html,1674,0,1,2,1,0,1,4,2,0,0,0,0,1,0,0,0,,0,0,0,0,0,form-focused
html,html_5983.html,1472,2,0,0,0,0,0,0,2,0,0,0,1,0,1,0,0,,0,0,0,0,0,card-heavy-modern
html,html_8406.html,2150,0,0,0,1,0,1,4,2,0,0,0,0,1,1,0,0,,0,0,0,0,0,form-focused
html,html_13576.html,2613,0,0,1,1,0,0,3,1,0,0,0,0,1,0,0,0,,0,0,0,0,0,form-focused
html,html_6686.html,2514,1,0,3,1,0,0,3,3,0,0,0,0,1,1,0,0,,0,0,0,0,0,form-focused
html,html_3095.html,2058,0,0,3,1,0,1,6,3,0,0,1,0,1,1,0,0,,0,0,0,0,0,form-focused
html,html_8404.html,1044,0,0,0,0,0,1,0,1,0,0,0,0,0,0,0,0,,0,0,0,0,0,card-heavy-modern
html,html_5967.html,2056,0,0,4,1,0,1,3,3,1,0,0,0,0,1,1,0,,0,0,0,0,0,image-rich-gallery
html,html_670.html,1436,0,0,0,0,0,2,0,0,0,0,0,0,0,0,0,0,,0,0,0,0,0,card-heavy-modern
html,html_14415.html,1722,0,0,1,1,0,1,4,1,0,0,0,0,1,1,0,0,,0,0,0,0,0,form-focused
html,html_1639.html,1716,0,2,2,1,0,1,4,2,0,0,0,0,1,1,0,0,,0,0,0,0,0,form-focused
html,html_9592.html,1853,1,0,0,1,0,1,4,2,0,0,0,0,1,0,0,0,,0,0,0,0,0,form-focused
html,html_623.html,1585,0,0,4,1,0,1,4,4,1,0,1,0,0,0,0,0,,0,0,0,0,0,card-heavy-modern
html,html_10827.html,1968,0,0,0,0,0,0,0,1,0,0,0,0,1,1,0,0,,0,0,0,0,0,form-focused
html,html_12861.html,1094,0,0,0,0,0,1,0,3,0,0,1,0,0,0,0,0,,0,0,0,0,0,card-heavy-modern
html,html_10859.html,2558,0,0,0,1,0,0,3,5,0,0,1,0,0,1,0,0,,0,0,0,0,0,card-heavy-modern
html,html_7154.html,2626,0,0,0,1,1,0,3,0,0,0,0,0,1,1,0,0,,0,0,0,0,0,form-focused
html,html_6930.html,1791,0,0,0,1,0,1,3,3,0,0,0,0,0,1,0,0,,0,0,0,0,0,card-heavy-modern
html,html_6967.html,1682,0,0,2,1,0,1,6,2,0,0,0,0,1,1,0,0,,0,0,0,0,0,form-focused
html,html_8103.html,1475,0,0,0,0,0,0,4,5,0,1,1,0,0,0,0,0,,0,0,0,0,0,card-heavy-modern
html,html_13261.html,1924,0,0,0,1,0,1,3,2,0,0,0,0,0,0,0,0,,0,0,0,0,0,card-heavy-modern
html,html_13458.html,1719,0,0,0,1,0,0,3,6,0,0,1,0,0,0,0,0,,0,0,0,0,0,card-heavy-modern
html,html_9755.html,2066,0,0,0,0,0,2,0,6,0,0,1,0,1,0,0,0,,0,0,0,0,0,form-focused
html,html_10951.html,1845,0,0,0,1,0,0,4,1,0,0,0,0,1,0,0,0,,0,0,0,0,0,form-focused
html,html_6267.html,1530,0,0,0,0,0,0,0,3,0,0,0,1,1,1,0,0,,0,0,0,0,0,form-focused
html,html_5141.html,1615,0,0,0,1,0,0,4,1,0,0,0,0,1,0,0,0,,0,0,0,0,0,form-focused
html,html_2994.html,2261,0,0,2,1,0,1,4,2,0,0,0,0,1,1,0,0,,0,0,0,0,0,form-focused
html,html_1704.html,1465,0,0,1,1,0,1,4,3,0,0,0,0,1,0,1,0,,0,0,0,0,0,form-focused
html,html_9820.html,1756,0,0,4,1,0,0,4,4,0,0,0,0,1,1,0,0,,0,0,0,0,0,form-focused
html,html_12929.html,1634,1,0,0,0,0,2,0,1,0,0,0,0,0,0,0,0,,0,0,0,0,0,card-heavy-modern
html,html_12962.html,2850,0,0,0,1,0,1,6,2,1,0,0,0,1,1,0,0,,0,0,0,0,0,form-focused
html,html_5930.html,1406,0,0,0,1,0,1,4,1,0,0,0,0,1,1,0,0,,0,0,0,0,0,form-focused
html,html_12978.html,2310,0,0,0,0,0,2,4,3,0,0,0,0,1,1,0,0,,0,0,0,0,0,form-focused
html,html_4489.html,1170,0,0,0,0,0,0,0,3,0,0,0,0,0,0,0,0,,0,0,0,0,0,card-heavy-modern
html,html_609.html,1730,0,0,0,0,0,6,0,2,0,0,0,0,0,0,1,0,,0,0,0,0,0,image-rich-gallery
html,html_6138.html,1560,0,0,0,1,0,0,4,1,0,0,0,1,1,1,0,0,,0,0,0,0,0,form-focused
html,html_2465.html,1505,0,0,0,1,0,1,4,1,0,0,0,0,1,1,0,0,,0,0,0,0,0,form-focused
html,html_3487.html,1784,0,0,2,1,0,1,3,3,0,0,0,0,1,0,0,0,,0,0,0,0,0,form-focused
html,html_4368.html,2133,1,0,0,1,0,1,3,0,0,0,0,0,1,1,0,0,,0,0,0,0,0,form-focused
html,html_2550.html,1505,0,0,2,0,0,0,0,3,0,0,0,0,0,1,0,0,,0,0,0,0,0,card-heavy-modern
html,html_2020.html,1826,0,0,0,1,0,1,6,1,0,0,1,0,1,0,0,0,,0,0,0,0,0,form-focused
html,html_11589.html,2940,1,0,0,1,0,0,3,1,0,0,0,0,1,0,0,0,,0,0,0,0,0,form-focused
html,html_6952.html,2355,1,0,1,1,1,0,7,1,0,0,0,0,1,1,0,0,,0,0,0,0,0,form-focused
html,html_1333.html,2613,1,0,0,1,1,0,4,4,0,0,1,0,0,1,0,0,,0,0,0,0,0,form-focused
html,html_7549.html,1466,1,0,0,0,0,0,4,2,0,0,0,0,1,0,0,0,,0,0,0,0,0,form-focused
html,html_733.html,1146,1,0,0,0,0,1,0,1,0,1,0,0,0,0,0,0,,0,0,0,0,0,card-heavy-modern
html,html_9485.html,1283,0,1,2,1,0,0,7,2,0,0,0,0,1,0,0,0,,0,0,0,0,0,form-focused
html,html_5195.html,2586,1,0,0,0,1,1,4,1,0,0,0,0,0,0,0,0,,0,0,0,0,0,form-focused
html,html_3301.html,2106,0,0,0,1,0,0,3,4,0,0,0,0,1,1,0,0,,0,0,0,0,0,form-focused
html,html_9514.html,2134,0,0,0,0,0,1,0,5,0,0,0,0,0,0,0,0,,0,0,0,0,0,card-heavy-modern
html,html_1240.html,1389,0,0,0,1,0,0,5,1,0,0,0,0,1,1,0,0,,0,0,0,0,0,form-focused
html,html_13604.html,2234,0,0,3,1,0,0,4,3,0,0,0,0,1,1,0,0,,0,0,0,0,0,form-focused
html,html_638.html,1706,1,1,1,1,1,0,4,0,0,0,0,0,1,0,0,0,,0,0,0,0,0,form-focused
html,html_7046.html,1481,0,0,0,1,0,1,6,2,0,0,0,0,0,0,1,0,,0,0,0,0,0,image-rich-gallery
html,html_7677.html,2001,1,0,0,0,0,0,3,2,0,0,0,0,0,0,0,0,,0,0,0,0,0,card-heavy-modern
html,html_1397.html,1055,0,0,0,0,0,0,0,1,0,0,1,0,0,1,1,0,,0,0,0,0,0,card-heavy-modern
html,html_10028.html,1176,0,0,2,0,0,0,0,3,0,0,0,0,0,0,0,0,,0,0,0,0,0,card-heavy-modern
html,html_8024.html,1704,1,0,1,1,0,0,7,2,0,0,1,0,1,1,0,0,,0,0,0,0,0,form-focused
html,html_6767.html,2284,1,0,0,0,0,3,3,4,0,0,1,0,0,1,0,0,,0,0,0,0,0,card-heavy-modern
html,html_13529.html,1987,0,0,0,1,0,0,2,1,0,0,0,0,1,0,0,0,,0,0,0,0,0,form-focused
html,html_12638.html,1882,1,0,0,1,1,0,3,1,0,0,0,0,1,1,0,0,,0,0,0,0,0,form-focused
html,html_8884.html,1456,0,0,1,0,0,1,0,3,0,0,0,0,0,0,0,0,,0,0,0,0,0,card-heavy-modern
html,html_5261.html,1696,0,0,0,1,0,0,3,1,0,0,0,0,1,1,0,0,,0,0,0,0,0,form-focused
html,html_11270.html,1541,0,0,0,0,0,1,2,2,0,0,0,0,0,0,0,0,,0,0,0,0,0,card-heavy-modern
html,html_8898.html,2253,0,0,0,1,0,0,5,4,0,0,0,0,1,0,1,0,,0,0,0,0,0,form-focused
html,html_5370.html,1821,0,0,0,0,0,1,0,6,1,0,0,0,1,0,0,0,,0,0,0,0,0,form-focused
html,html_7116.html,2287,1,0,0,1,1,2,4,3,0,0,0,0,1,1,0,0,,0,0,0,0,0,form-focused
html,html_13244.html,1932,1,0,1,1,0,0,3,1,0,0,0,0,1,1,0,0,,0,0,0,0,0,form-focused
html,html_5083.html,1615,0,0,3,0,0,3,0,4,0,0,0,0,0,0,0,0,,0,0,0,0,0,card-heavy-modern
html,html_13738.html,2171,0,0,0,0,0,1,4,2,0,0,0,0,1,1,0,0,,0,0,0,0,0,form-focused
html,html_2817.html,1244,1,0,0,0,0,1,0,1,0,0,0,0,1,1,0,0,,0,0,0,0,0,form-focused
html,html_12450.html,920,1,0,0,1,0,0,3,1,0,0,0,0,1,1,0,0,,0,0,0,0,0,form-focused
html,html_7254.html,1659,0,0,0,0,0,1,3,2,0,0,0,0,0,1,0,0,,0,0,0,0,0,card-heavy-modern
html,html_2971.html,903,1,0,1,0,0,0,0,2,0,0,0,0,0,1,0,0,,0,0,0,0,0,card-heavy-modern
html,html_7630.html,1726,0,0,0,0,0,2,0,1,0,1,0,0,0,0,0,0,,0,0,0,0,0,card-heavy-modern
html,html_13757.html,2043,0,0,3,1,0,3,3,4,0,0,0,0,1,1,0,0,,0,0,0,0,0,form-focused
html,html_11961.html,2080,0,0,0,1,0,0,4,1,0,0,0,0,1,1,0,0,,0,0,0,0,0,form-focused
html,html_12407.html,1283,0,0,0,0,0,0,0,1,0,0,0,0,0,0,0,0,,0,0,0,0,0,card-heavy-modern
html,html_365.html,1978,0,0,0,1,0,1,4,1,0,0,0,0,1,1,0,0,,0,0,0,0,0,form-focused
html,html_12905.html,1104,1,0,0,0,0,0,0,1,0,0,0,0,0,0,0,0,,0,0,0,0,0,card-heavy-modern
html,html_11790.html,1410,0,0,4,1,0,2,4,3,1,0,0,0,1,0,1,0,,0,0,0,0,0,form-focused
html,html_3476.html,818,0,0,0,0,0,0,0,1,0,0,0,0,0,0,0,0,,0,0,0,0,0,card-heavy-modern
html,html_1957.html,2840,1,0,1,1,0,2,7,1,0,0,0,0,1,0,0,0,,0,0,0,0,0,form-focused
html,html_10010.html,2051,0,0,0,1,0,1,4,1,0,1,0,0,1,0,0,0,,0,0,0,0,0,form-focused
html,html_3540.html,2193,0,0,4,1,0,1,7,4,0,0,0,0,0,0,0,1,#fac,0,0,0,0,0,card-heavy-modern
html,html_2856.html,1435,0,0,0,1,0,0,4,1,0,0,0,0,1,0,0,0,,0,0,0,0,0,form-focused
html,html_13273.html,2428,0,0,0,0,0,0,1,2,0,0,0,1,1,1,0,0,,0,0,0,0,0,form-focused
html,html_9177.html,2499,0,0,0,1,0,2,3,1,0,0,0,0,1,1,0,0,,0,0,0,0,0,form-focused
html,html_9971.html,2182,0,0,0,1,0,0,3,1,0,0,0,0,1,1,1,0,,0,0,0,0,0,form-focused
html,html_11615.html,2117,0,0,0,1,0,0,3,1,0,0,0,0,1,1,0,0,,0,0,0,0,0,form-focused
html,html_5800.html,2500,0,0,0,1,0,2,9,1,0,0,0,0,1,1,0,0,,0,0,0,0,0,form-focused
html,html_582.html,1273,0,0,0,1,0,0,3,1,0,0,0,0,1,1,0,0,,0,0,0,0,0,form-focused
html,html_9094.html,2071,0,0,3,1,0,1,5,3,0,0,1,0,1,0,0,0,,0,0,0,0,0,form-focused
html,html_13567.html,2582,0,0,0,1,0,3,4,1,0,0,0,0,1,0,0,0,,0,0,0,0,0,form-focused
html,html_7909.html,1864,0,0,0,0,0,1,0,0,0,0,0,0,1,0,0,0,,0,0,0,0,0,form-focused
html,html_4185.html,1450,0,0,0,0,0,2,0,3,0,0,0,0,0,0,0,0,,0,0,0,0,0,card-heavy-modern
html,html_3090.html,1436,1,0,0,0,0,2,0,2,0,1,1,0,1,0,0,0,,0,0,0,0,0,form-focused
html,html_2777.html,2093,0,0,1,1,0,2,4,1,0,0,0,0,1,0,0,0,,0,0,0,0,0,form-focused
html,html_12167.html,3699,1,0,0,1,1,3,6,3,0,0,0,0,1,1,0,0,,0,0,0,0,0,form-focused
html,html_11142.html,1541,0,0,0,1,0,0,3,1,0,0,0,0,0,1,0,0,,0,0,0,0,0,card-heavy-modern
html,html_3575.html,1332,0,0,0,1,0,1,0,1,0,0,0,0,0,0,0,0,,0,0,0,0,0,card-heavy-modern
html,html_12191.html,1785,0,0,2,1,0,2,4,2,1,0,0,0,1,0,0,0,,0,0,0,0,0,form-focused
html,html_2239.html,1797,0,0,0,1,0,2,5,2,0,0,0,0,1,0,1,0,,0,0,0,0,0,form-focused
html,html_11524.html,1055,0,0,0,0,0,0,0,1,0,0,0,0,0,0,0,0,,0,0,0,0,0,card-heavy-modern
html,html_5190.html,1786,0,0,2,1,0,0,2,2,0,0,0,0,0,1,0,0,,0,0,0,0,0,card-heavy-modern
html,html_7886.html,2048,1,0,0,1,0,0,3,1,0,0,0,0,1,0,0,0,,0,0,0,0,0,form-focused
html,html_14478.html,1903,0,0,0,0,0,2,0,1,0,0,0,0,0,0,1,0,,0,0,0,0,0,image-rich-gallery
html,html_14770.html,2040,1,0,0,1,1,1,7,1,0,0,0,0,1,0,0,0,,0,0,0,0,0,form-focused
html,html_13976.html,2358,1,0,1,1,1,2,4,5,0,0,0,0,1,1,0,0,,0,0,0,0,0,form-focused
html,html_8298.html,1565,0,0,0,0,0,1,0,4,0,0,0,0,1,0,1,0,,0,0,0,0,0,form-focused
html,html_5905.html,1604,0,0,2,1,0,1,11,2,0,0,0,0,1,0,0,0,,0,0,0,0,0,form-focused
html,html_8569.html,1520,0,0,0,1,0,1,5,1,0,0,0,0,1,1,0,0,,0,0,0,0,0,form-focused
html,html_11302.html,1316,1,0,6,0,0,0,0,7,0,0,0,0,0,0,0,0,,0,0,0,0,0,card-heavy-modern
html,html_13898.html,2337,1,0,0,0,0,4,0,4,0,0,0,0,0,1,0,0,,0,0,0,0,0,card-heavy-modern
html,html_7412.html,1503,0,0,2,1,0,1,4,2,0,0,1,0,1,1,0,0,,0,0,0,0,0,form-focused
html,html_5725.html,1999,0,0,0,1,0,0,5,5,0,1,1,0,1,1,0,0,,0,0,0,0,0,form-focused
html,html_2358.html,2066,0,0,0,1,0,0,5,1,0,0,0,0,1,1,0,0,,0,0,0,0,0,form-focused
html,html_11645.html,1949,0,0,0,1,0,0,4,1,0,0,0,0,1,0,0,0,,0,0,0,0,0,form-focused
html,html_13606.html,1807,0,0,4,1,0,1,4,4,0,1,0,0,0,1,0,0,,0,0,0,0,0,card-heavy-modern
html,html_2825.html,1193,0,0,0,1,0,2,3,1,1,0,0,0,1,0,0,0,,0,0,0,0,0,form-focused
html,html_4911.html,1364,0,0,4,0,0,0,0,5,0,0,1,0,0,0,0,0,,0,0,0,0,0,card-heavy-modern
html,html_5743.html,1499,0,0,0,0,0,0,0,0,0,0,0,0,0,1,0,0,,0,0,0,0,0,card-heavy-modern
html,html_1496.html,987,0,0,0,0,0,1,0,2,0,0,0,0,0,0,0,0,,0,0,0,0,0,card-heavy-modern
html,html_11159.html,1648,0,0,0,1,0,0,4,1,0,0,0,0,0,0,1,0,,0,0,0,0,0,card-heavy-modern
html,html_5616.html,1470,1,0,0,1,0,1,4,1,0,0,0,0,1,0,0,0,,0,0,0,0,0,form-focused
html,html_11548.html,1085,0,0,0,1,0,0,5,1,0,0,0,0,1,1,0,0,,0,0,0,0,0,form-focused
html,html_14149.html,1435,1,0,1,1,0,0,1,3,0,0,0,0,0,1,0,0,,0,0,0,0,0,card-heavy-modern
html,html_3512.html,1084,1,0,0,1,0,1,0,1,0,0,0,0,0,0,0,0,,0,0,0,0,0,card-heavy-modern
html,html_10036.html,1829,1,0,0,0,1,0,0,2,0,0,0,0,0,0,0,0,,0,0,0,0,0,form-focused
html,html_9355.html,1275,0,0,0,1,0,1,4,1,0,0,0,0,1,1,0,0,,0,0,0,0,0,form-focused
html,html_11287.html,1299,1,0,3,0,0,1,0,4,0,0,0,0,0,0,0,0,,0,0,0,0,0,card-heavy-modern
html,html_12958.html,2014,0,0,0,1,0,0,3,2,0,0,0,0,1,0,0,0,,0,0,0,0,0,form-focused
html,html_11026.html,2008,1,0,0,1,1,0,3,2,0,0,0,0,1,0,0,0,,0,0,0,0,0,form-focused
html,html_13711.html,2494,0,0,0,1,0,0,6,3,0,0,0,0,1,0,0,0,,0,0,0,0,0,form-focused
html,html_14761.html,1483,0,0,0,0,0,1,0,1,0,0,0,0,0,0,0,0,,0,0,0,0,0,card-heavy-modern
html,html_13945.html,1083,0,0,0,0,0,1,0,1,0,0,1,0,0,0,0,0,,0,0,0,0,0,card-heavy-modern
html,html_3248.html,1488,0,0,3,1,0,1,3,3,0,0,0,0,1,0,1,0,,0,0,0,0,0,form-focused
html,html_14861.html,2428,1,0,0,1,1,4,7,4,0,0,0,0,1,0,0,0,,0,0,0,0,0,form-focused
html,html_5525.html,2224,1,0,0,0,1,0,0,5,0,0,0,0,1,0,0,0,,0,0,0,0,0,form-focused
html,html_1215.html,2586,4,0,0,0,1,0,0,4,0,0,0,0,0,0,0,0,,0,0,0,0,0,form-focused
html,html_11648.html,1818,0,0,3,1,0,0,3,3,0,0,0,0,0,0,1,1,#fea,0,0,0,0,0,card-heavy-modern
html,html_14339.html,1824,1,0,3,0,0,0,0,4,0,0,0,1,1,1,0,0,,0,0,0,0,0,form-focused
html,html_1372.html,2403,0,0,0,1,0,0,3,0,0,0,0,0,1,1,0,0,,0,0,0,0,0,form-focused
html,html_8857.html,985,0,0,0,0,0,0,0,1,0,0,0,0,0,1,0,0,,0,0,0,0,0,card-heavy-modern
html,html_1117.html,4656,1,0,0,1,0,1,13,1,0,0,0,0,1,0,0,0,,0,0,0,0,0,form-focused
html,html_11155.html,1219,0,0,0,0,0,1,0,1,0,1,0,0,0,0,0,0,,0,0,0,0,0,card-heavy-modern
html,html_1222.html,1116,0,0,1,1,0,2,4,1,0,0,0,0,0,0,0,0,,0,0,0,0,0,card-heavy-modern
html,html_9128.html,1049,0,0,0,0,0,1,0,1,0,0,0,0,0,0,0,0,,0,0,0,0,0,card-heavy-modern
html,html_1035.html,1929,0,0,3,1,0,4,3,3,0,0,0,0,0,0,0,0,,0,0,0,0,0,card-heavy-modern
html,html_2479.html,1191,0,0,0,0,0,1,0,1,0,0,0,0,0,0,1,0,,0,0,0,0,0,image-rich-gallery
html,html_7089.html,1778,0,0,0,0,0,1,0,4,0,0,0,0,0,1,0,0,,0,0,0,0,0,card-heavy-modern
html,html_12490.html,1725,0,0,3,1,0,0,3,4,0,0,0,0,0,1,0,0,,0,0,0,0,0,card-heavy-modern
html,html_8288.html,913,0,0,2,0,0,0,0,3,0,0,1,0,0,1,0,0,,0,0,0,0,0,card-heavy-modern
html,html_559.html,1301,0,0,0,1,0,1,4,2,0,0,0,0,1,0,0,0,,0,0,0,0,0,form-focused
html,html_3517.html,1873,1,0,1,1,0,1,7,3,0,0,1,0,1,1,0,0,,0,0,0,0,0,form-focused
html,html_6302.html,1156,1,0,0,0,0,0,0,1,0,0,0,0,0,1,0,0,,0,0,0,0,0,card-heavy-modern
html,html_8160.html,1062,1,0,0,0,0,1,0,1,0,0,0,0,0,1,0,0,,0,0,0,0,0,card-heavy-modern
html,html_11286.html,2180,1,0,0,1,0,1,3,1,0,0,0,0,1,1,0,0,,0,0,0,0,0,form-focused
html,html_13754.html,1940,1,0,0,1,0,0,1,1,0,0,0,0,0,1,0,0,,0,0,0,0,0,card-heavy-modern
html,html_7609.html,1704,0,0,0,1,0,3,3,2,1,0,0,0,1,0,0,0,,0,0,0,0,0,form-focused
html,html_8736.html,1916,0,0,0,1,0,1,5,2,0,0,0,0,1,0,0,0,,0,0,0,0,0,form-focused
html,html_14726.html,1476,0,0,0,1,0,0,4,1,0,0,0,0,1,1,0,0,,0,0,0,0,0,form-focused
html,html_7920.html,1258,0,0,0,1,0,1,6,1,0,0,0,0,1,0,0,0,,0,0,0,0,0,form-focused
html,html_13403.html,1255,1,0,0,1,0,0,4,1,0,0,0,0,1,1,0,0,,0,0,0,0,0,form-focused
html,html_6428.html,1256,1,0,3,0,0,1,0,3,0,0,1,0,0,0,0,0,,0,0,0,0,0,card-heavy-modern
html,html_13026.html,2375,0,0,0,1,0,0,3,1,0,0,0,0,1,1,0,0,,0,0,0,0,0,form-focused
html,html_3677.html,2093,0,0,1,1,0,1,3,1,0,0,0,0,1,0,0,0,,0,0,0,0,0,form-focused
html,html_5196.html,1281,0,1,2,0,0,1,0,2,0,0,0,0,0,0,0,0,,0,0,0,0,0,card-heavy-modern
html,html_12955.html,2594,1,0,0,0,0,1,1,3,0,0,0,0,0,1,0,0,,0,0,0,0,0,card-heavy-modern
html,html_91.html,1375,0,0,0,1,0,1,7,0,0,0,0,0,1,0,0,0,,0,0,0,0,0,form-focused
html,html_10644.html,1116,1,0,0,0,0,2,0,1,0,0,0,0,0,1,0,0,,0,0,0,0,0,card-heavy-modern
html,html_6870.html,1947,1,0,0,0,0,4,0,4,0,0,0,0,0,0,0,0,,0,0,0,0,0,card-heavy-modern
html,html_4477.html,1461,0,0,0,0,0,0,3,6,0,0,1,0,0,0,0,0,,0,0,0,0,0,card-heavy-modern
html,html_10044.html,966,1,0,0,0,0,2,0,1,0,0,0,0,0,0,0,0,,0,0,0,0,0,card-heavy-modern
html,html_3504.html,2312,0,0,0,1,0,1,5,0,0,0,0,0,0,1,0,0,,0,0,0,0,0,card-heavy-modern
html,html_6336.html,2098,0,0,1,1,0,1,5,1,0,0,0,0,1,0,0,0,,0,0,0,0,0,form-focused
html,html_14705.html,2141,0,0,0,1,0,3,4,2,1,0,0,0,1,0,0,0,,0,0,0,0,0,form-focused
html,html_9364.html,1481,0,0,3,1,0,0,4,4,0,0,1,0,1,0,0,0,,0,0,0,0,0,form-focused
html,html_14458.html,2128,1,0,1,0,1,0,0,2,0,0,0,0,0,0,0,0,,0,0,0,0,0,form-focused
html,html_14546.html,2332,1,0,7,0,0,0,0,8,0,0,0,0,0,1,0,0,,0,0,0,0,0,card-heavy-modern
html,html_5666.html,2605,0,0,0,1,0,0,3,1,0,0,0,0,0,0,0,0,,0,0,0,0,0,card-heavy-modern
html,html_782.html,2671,0,0,1,1,0,0,8,3,0,0,1,0,1,0,0,1,#faceb,0,0,0,0,0,form-focused
html,html_10045.html,1566,0,0,0,1,0,0,3,2,0,0,0,0,0,1,0,0,,0,0,0,0,0,card-heavy-modern
html,html_10635.html,1084,0,0,0,0,0,2,0,0,0,0,0,0,0,0,0,0,,0,0,0,0,0,card-heavy-modern
html,html_11401.html,2478,0,0,1,1,0,6,7,2,1,0,0,0,1,1,0,0,,0,0,0,0,0,form-focused
html,html_13617.html,1985,0,0,0,1,0,1,3,1,0,0,0,0,1,0,0,0,,0,0,0,0,0,form-focused
html,html_14410.html,2990,0,0,0,1,0,0,8,1,0,0,0,0,1,0,0,0,,0,0,0,0,0,form-focused
html,html_2595.html,1928,0,0,1,1,0,1,3,1,0,0,1,0,0,0,0,0,,0,0,0,0,0,card-heavy-modern
html,html_388.html,1009,0,0,0,0,0,0,0,0,0,0,0,0,0,0,0,0,,0,0,0,0,0,card-heavy-modern
html,html_1371.html,2131,0,0,0,0,0,1,0,0,0,0,0,0,0,1,0,0,,0,0,0,0,0,card-heavy-modern
html,html_6479.html,892,0,0,0,0,0,0,0,1,0,0,0,0,0,0,1,0,,0,0,0,0,0,card-heavy-modern
html,html_10009.html,2163,1,0,1,1,0,1,3,1,0,0,0,0,1,1,0,0,,0,0,0,0,0,form-focused
html,html_5804.html,1658,0,0,0,1,0,1,5,4,1,0,0,0,1,0,0,0,,0,0,0,0,0,form-focused
html,html_750.html,2334,0,0,0,0,0,0,4,0,0,0,0,0,0,1,0,0,,0,0,0,0,0,card-heavy-modern
html,html_7965.html,2403,1,0,5,1,1,1,4,5,1,0,1,0,1,0,1,0,,0,0,0,0,0,form-focused
html,html_2621.html,980,0,0,0,0,0,0,0,0,0,0,0,0,0,0,0,0,,0,0,0,0,0,card-heavy-modern
html,html_12482.html,2015,0,0,4,1,0,0,5,5,0,0,1,0,1,1,0,0,,0,0,0,0,0,form-focused
html,html_9471.html,1606,0,0,0,1,0,1,3,1,0,0,0,0,1,0,0,0,,0,0,0,0,0,form-focused
html,html_4431.html,1450,0,0,1,1,0,0,3,1,0,0,0,0,1,1,0,0,,0,0,0,0,0,form-focused
html,html_3325.html,2428,0,0,2,1,0,0,9,2,1,0,0,0,1,1,0,0,,0,0,0,0,0,form-focused
html,html_8433.html,1194,1,0,2,1,0,0,3,2,0,1,1,0,0,0,0,0,,0,0,0,0,0,card-heavy-modern
html,html_10748.html,1932,0,0,0,1,0,0,4,1,0,0,0,0,1,1,0,0,,0,0,0,0,0,form-focused
html,html_281.html,1270,1,0,1,0,0,0,0,2,0,0,0,0,0,0,0,0,,0,0,0,0,0,card-heavy-modern
html,html_10243.html,1335,3,0,3,1,0,1,3,3,0,0,0,0,1,0,0,0,,0,0,0,0,0,form-focused
html,html_7131.html,1531,0,0,2,1,0,2,3,1,0,0,0,0,1,0,0,0,,0,0,0,0,0,form-focused
html,html_4415.html,1449,0,0,0,0,0,1,0,1,0,0,0,0,0,1,0,0,,0,0,0,0,0,card-heavy-modern
html,html_13963.html,1685,0,0,0,0,0,1,0,0,0,0,0,0,1,1,0,0,,0,0,0,0,0,form-focused
html,html_901.html,1965,0,0,3,1,0,1,3,3,0,0,0,0,1,0,0,0,,0,0,0,0,0,form-focused
html,html_9064.html,2174,0,0,0,1,0,1,4,1,0,0,0,0,1,1,1,0,,0,0,0,0,0,form-focused
html,html_10145.html,1725,0,0,0,0,0,1,0,4,0,0,0,0,1,1,0,0,,0,0,0,0,0,form-focused
html,html_11323.html,1513,0,0,0,1,0,2,5,1,0,0,0,0,1,0,0,0,,0,0,0,0,0,form-focused
html,html_5169.html,1468,0,0,1,1,0,1,3,1,0,0,0,0,1,0,0,0,,0,0,0,0,0,form-focused
html,html_8384.html,1985,2,0,1,1,1,1,2,4,0,0,1,0,1,1,0,0,,0,0,0,0,0,form-focused
html,html_3843.html,1474,1,0,1,1,0,0,5,1,0,0,0,0,1,1,0,0,,0,0,0,0,0,form-focused
html,html_8879.html,2819,0,0,4,1,0,0,4,4,0,0,0,0,0,0,0,0,,0,0,0,0,0,card-heavy-modern
html,html_14689.html,1632,0,0,0,1,0,1,4,3,0,0,0,0,1,0,0,0,,0,0,0,0,0,form-focused
html,html_8718.html,1592,0,0,0,0,0,1,0,2,0,0,0,0,0,1,0,0,,0,0,0,0,0,card-heavy-modern
html,html_3150.html,1454,0,0,0,0,0,0,0,4,0,0,1,0,0,0,0,0,,0,0,0,0,0,card-heavy-modern
html,html_8652.html,1556,1,0,1,0,1,1,0,5,0,0,0,0,1,0,0,0,,0,0,0,0,0,form-focused
html,html_5966.html,2106,0,0,3,1,0,0,3,3,0,0,0,0,0,0,0,0,,0,0,0,0,0,card-heavy-modern
html,html_12612.html,1739,0,0,1,1,0,1,5,1,0,0,0,0,1,1,0,0,,0,0,0,0,0,form-focused
html,html_12206.html,1188,0,0,0,0,0,0,0,2,0,0,0,0,0,1,0,0,,0,0,0,0,0,card-heavy-modern
html,html_6517.html,2328,1,0,0,1,0,0,4,0,0,0,0,0,1,0,0,0,,0,0,0,0,0,form-focused
html,html_575.html,1313,0,0,0,1,0,2,4,1,1,0,0,0,1,0,0,0,,0,0,0,0,0,form-focused
html,html_11223.html,1247,1,0,0,0,0,1,0,4,0,0,1,0,0,1,0,0,,0,0,0,0,0,card-heavy-modern
html,html_1692.html,884,0,0,0,1,0,1,4,0,0,0,0,0,1,0,0,0,,0,0,0,0,0,form-focused
html,html_9832.html,1824,0,0,0,0,0,0,0,4,0,0,0,0,1,1,0,0,,0,0,0,0,0,form-focused
html,html_12076.html,1221,0,0,0,0,0,1,0,4,0,0,1,0,0,0,0,0,,0,0,0,0,0,card-heavy-modern
html,html_14777.html,1800,0,0,0,0,0,0,4,4,0,0,0,0,1,1,0,0,,0,0,0,0,0,form-focused
html,html_2437.html,1909,0,0,0,1,0,2,6,1,0,0,0,0,1,0,0,0,,0,0,0,0,0,form-focused
html,html_7768.html,2137,0,0,1,1,0,3,8,2,0,0,0,0,1,1,0,0,,0,0,0,0,0,form-focused
html,html_8760.html,1783,0,0,3,1,0,1,3,3,0,0,0,0,0,0,0,0,,0,0,0,0,0,card-heavy-modern
html,html_9425.html,1736,0,0,1,1,0,1,4,4,0,0,1,0,1,0,0,0,,0,0,0,0,0,form-focused
html,html_13915.html,1005,0,0,0,0,0,0,0,2,0,0,0,0,0,1,0,0,,0,0,0,0,0,card-heavy-modern
html,html_6154.html,1223,0,0,0,0,0,1,4,4,0,0,0,0,1,1,0,0,,0,0,0,0,0,form-focused
html,html_2314.html,1064,0,0,3,0,0,1,0,4,0,0,1,0,0,1,0,0,,0,0,0,0,0,card-heavy-modern
html,html_9000.html,1569,0,0,0,1,0,1,4,3,0,0,0,0,1,0,0,0,,0,0,0,0,0,form-focused
html,html_10612.html,1477,0,0,0,0,0,6,0,1,0,0,0,0,0,0,1,0,,0,0,0,0,0,image-rich-gallery
html,html_13818.html,1596,0,0,0,0,0,0,2,3,0,0,0,0,0,1,0,0,,0,0,0,0,0,card-heavy-modern
html,html_1054.html,1622,0,0,0,1,0,1,3,1,0,0,0,0,1,0,0,0,,0,0,0,0,0,form-focused
html,html_8484.html,1476,0,0,0,1,0,0,4,2,0,0,0,0,1,1,0,0,,0,0,0,0,0,form-focused
html,html_560.html,1623,1,0,0,1,0,0,4,1,0,0,0,0,1,1,0,0,,0,0,0,0,0,form-focused
html,html_3884.html,1065,1,0,0,0,0,1,0,1,0,0,0,0,0,0,0,0,,0,0,0,0,0,card-heavy-modern
html,html_12869.html,1661,1,0,0,1,0,1,4,1,0,0,1,0,1,1,0,0,,0,0,0,0,0,form-focused
html,html_8060.html,2020,1,0,2,1,0,1,4,2,0,0,0,0,1,1,0,0,,0,0,0,0,0,form-focused
html,html_13.html,1640,1,0,3,1,1,0,4,4,0,0,0,0,1,0,0,0,,0,0,0,0,0,form-focused
html,html_12639.html,1133,0,0,0,1,0,1,0,1,0,0,0,0,0,1,0,0,,0,0,0,0,0,card-heavy-modern
html,html_13430.html,1059,0,0,2,1,0,1,0,2,0,0,1,0,1,1,0,0,,0,0,0,0,0,form-focused
html,html_8565.html,1404,1,0,0,1,0,0,4,2,0,0,0,0,1,1,0,0,,0,0,0,0,0,form-focused
html,html_10368.html,2453,1,0,0,1,0,1,4,4,0,0,1,0,0,0,0,0,,0,0,0,0,0,card-heavy-modern
html,html_5156.html,1728,0,0,0,1,0,1,4,5,0,1,0,0,1,0,0,0,,0,0,0,0,0,form-focused
html,html_4541.html,1166,1,0,1,0,0,1,0,2,0,0,0,0,0,0,0,0,,0,0,0,0,0,card-heavy-modern
html,html_1615.html,2156,0,0,1,1,0,1,7,1,0,0,0,0,1,0,0,0,,0,0,0,0,0,form-focused
html,html_11582.html,1428,0,0,0,0,0,0,0,5,0,0,0,0,0,0,0,0,,0,0,0,0,0,card-heavy-modern
html,html_445.html,952,0,0,0,0,0,0,0,1,0,0,0,0,0,0,0,0,,0,0,0,0,0,card-heavy-modern
html,html_2458.html,1270,0,0,0,0,0,3,0,2,0,0,0,0,0,0,0,0,,0,0,0,0,0,card-heavy-modern
html,html_1670.html,1353,1,0,4,0,0,0,0,5,0,0,1,0,0,0,0,0,,0,0,0,0,0,card-heavy-modern
html,html_10637.html,2073,0,0,1,1,0,2,7,2,1,0,0,0,1,1,0,0,,0,0,0,0,0,form-focused
html,html_10902.html,1554,0,0,0,1,0,1,4,1,0,0,1,0,0,0,0,0,,0,0,0,0,0,card-heavy-modern
html,html_6179.html,697,0,0,0,0,0,1,0,1,0,0,0,0,0,0,0,0,,0,0,0,0,0,card-heavy-modern
html,html_7624.html,1834,0,0,0,0,0,0,0,0,0,0,0,0,0,1,0,0,,0,0,0,0,0,card-heavy-modern
html,html_9836.html,1453,0,0,2,0,0,1,0,2,0,0,0,0,0,0,0,0,,0,0,0,0,0,card-heavy-modern
html,html_1659.html,2117,0,0,3,2,0,1,6,3,0,0,1,0,1,1,0,0,,0,0,0,0,0,form-focused
html,html_13663.html,1389,0,0,3,0,0,0,0,4,0,0,0,0,1,1,0,0,,0,0,0,0,0,form-focused
html,html_3994.html,1775,1,0,4,1,0,0,4,5,0,0,0,0,1,1,0,0,,0,0,0,0,0,form-focused
html,html_14962.html,1358,0,0,2,1,0,1,4,2,0,0,1,0,1,1,0,2,"#fdfbfb,#ebedee",0,0,0,0,0,form-focused
html,html_14019.html,1906,0,0,0,1,0,1,4,0,0,0,0,0,1,1,0,0,,0,0,0,0,0,form-focused
html,html_6829.html,1661,1,0,1,0,0,0,0,5,0,0,1,0,1,0,0,0,,0,0,0,0,0,form-focused
html,html_7592.html,1792,0,0,3,1,0,1,4,3,0,0,0,0,1,0,1,0,,0,0,0,0,0,form-focused
html,html_3961.html,2360,0,0,1,1,0,0,3,1,0,0,0,0,1,0,1,0,,0,0,0,0,0,form-focused
html,html_10813.html,1498,0,0,0,1,0,1,3,1,1,0,0,0,1,0,0,0,,0,0,0,0,0,form-focused
html,html_4138.html,965,1,0,0,0,0,0,0,1,0,0,0,0,1,1,0,0,,0,0,0,0,0,form-focused
html,html_10815.html,2562,0,0,0,1,0,1,8,1,0,0,1,0,1,0,0,0,,0,0,0,0,0,form-focused
html,html_9505.html,1271,0,0,0,0,0,0,2,1,0,0,0,0,0,0,0,0,,0,0,0,0,0,card-heavy-modern
html,html_4322.html,1484,0,0,3,1,0,1,0,6,0,0,1,0,1,1,0,0,,0,0,0,0,0,form-focused
html,html_25.html,1696,1,0,0,0,0,1,0,1,0,0,0,0,0,0,0,0,,0,0,0,0,0,card-heavy-modern
html,html_3293.html,1598,1,0,1,0,0,1,0,1,0,0,0,0,0,1,0,0,,0,0,0,0,0,card-heavy-modern
html,html_6880.html,2252,0,0,3,1,0,4,3,3,0,0,0,0,0,0,0,1,#dea,0,0,0,0,0,card-heavy-modern
html,html_10332.html,2532,0,0,0,1,0,0,3,1,0,0,0,0,1,0,0,0,,0,0,0,0,0,form-focused
html,html_9902.html,2036,0,0,0,1,0,0,5,0,0,1,0,0,1,1,0,0,,0,0,0,0,0,form-focused
html,html_5519.html,2695,0,0,0,1,0,0,4,0,0,0,0,0,1,0,0,0,,0,0,0,0,0,form-focused
html,html_6335.html,1850,0,0,0,0,0,4,1,5,0,0,0,0,1,0,0,0,,0,0,0,0,0,form-focused
html,html_10643.html,1782,0,0,1,1,0,2,4,2,0,0,0,0,1,1,0,0,,0,0,0,0,0,form-focused
html,html_7446.html,1237,0,0,0,0,0,0,0,0,0,0,0,1,0,1,0,0,,0,0,0,0,0,card-heavy-modern
html,html_8533.html,1138,0,0,0,0,0,1,3,2,0,0,1,0,0,0,0,0,,0,0,0,0,0,card-heavy-modern
html,html_6046.html,2478,0,0,1,1,0,0,3,1,0,0,0,0,1,1,0,0,,0,0,0,0,0,form-focused
html,html_11205.html,1394,0,0,0,0,0,3,0,1,1,0,0,0,0,0,0,0,,0,0,0,0,0,card-heavy-modern
html,html_11899.html,2450,1,0,0,1,0,1,3,2,0,0,0,0,1,1,0,0,,0,0,0,0,0,form-focused
html,html_14902.html,2281,0,0,3,1,0,1,5,3,0,0,0,1,1,0,0,0,,0,0,0,0,0,form-focused
html,html_1264.html,1197,0,0,1,0,0,2,0,1,0,0,0,0,0,0,1,0,,0,0,0,0,0,image-rich-gallery
html,html_8180.html,1981,0,0,0,1,0,1,3,1,0,0,0,0,1,1,0,0,,0,0,0,0,0,form-focused
html,html_5048.html,2249,0,0,0,0,0,1,0,3,0,0,0,0,0,0,0,0,,0,0,0,0,0,card-heavy-modern
html,html_10985.html,1041,0,0,0,0,0,1,0,4,0,0,0,0,0,0,0,0,,0,0,0,0,0,card-heavy-modern
html,html_9806.html,1449,0,0,0,0,0,1,4,2,0,0,0,0,1,1,0,0,,0,0,0,0,0,form-focused
html,html_3483.html,1830,1,0,0,1,1,0,6,1,0,0,0,0,1,0,0,0,,0,0,0,0,0,form-focused
html,html_8295.html,1742,0,0,0,0,0,0,0,0,0,0,0,0,0,0,0,0,,0,0,0,0,0,card-heavy-modern
html,html_5629.html,1281,1,0,0,0,0,2,0,0,1,0,0,0,0,0,0,0,,0,0,0,0,0,card-heavy-modern
html,html_14461.html,1868,1,0,1,1,1,0,4,3,0,0,1,0,1,1,0,0,,0,0,0,0,0,form-focused
html,html_4940.html,1439,2,0,1,1,0,1,4,1,0,0,0,0,1,0,0,0,,0,0,0,0,0,form-focused
html,html_12969.html,2293,0,0,0,0,0,0,1,3,0,0,0,0,1,1,0,0,,0,0,0,0,0,form-focused
html,html_622.html,1368,0,0,2,0,0,0,0,3,0,0,0,0,0,0,0,0,,0,0,0,0,0,card-heavy-modern
html,html_13780.html,2431,0,0,0,1,0,2,3,5,1,0,0,0,0,0,0,0,,0,0,0,0,0,card-heavy-modern
html,html_8287.html,2064,0,0,4,1,0,1,4,4,0,0,0,0,1,0,0,1,#acade,0,0,0,0,0,form-focused
html,html_6679.html,1861,0,0,0,0,0,1,4,1,0,0,0,0,1,1,0,0,,0,0,0,0,0,form-focused
html,html_8379.html,2022,0,0,0,1,0,1,4,3,0,0,0,0,1,1,0,0,,0,0,0,0,0,form-focused
html,html_7091.html,1406,0,0,0,0,0,0,0,0,0,1,0,0,0,1,0,0,,0,0,0,0,0,card-heavy-modern
html,html_13260.html,1574,0,0,3,1,0,1,3,3,0,0,0,0,0,0,1,0,,0,0,0,0,0,image-rich-gallery
html,html_14141.html,1996,0,0,3,1,0,1,3,3,0,0,0,0,1,1,0,0,,0,0,0,0,0,form-focused
html,html_11480.html,2664,1,0,0,1,0,0,4,5,0,0,0,0,0,0,0,1,#fac,0,0,0,0,0,card-heavy-modern
html,html_8002.html,1929,0,0,0,1,0,1,3,0,0,0,0,0,1,0,0,0,,0,0,0,0,0,form-focused
html,html_5462.html,1365,1,0,0,1,0,2,5,1,0,0,0,0,0,1,0,0,,0,0,0,0,0,card-heavy-modern
html,html_2699.html,1568,0,0,0,1,0,2,4,1,1,0,0,0,1,0,1,0,,0,0,0,0,0,form-focused
html,html_11294.html,1517,0,0,2,0,0,3,0,2,1,0,0,0,0,0,0,0,,0,0,0,0,0,card-heavy-modern
html,html_14119.html,1282,0,1,1,1,0,0,4,2,0,0,0,0,1,1,0,0,,0,0,0,0,0,form-focused
html,html_10688.html,1127,0,0,2,0,0,0,0,2,0,0,0,0,0,0,0,0,,0,0,0,0,0,card-heavy-modern
html,html_2368.html,963,0,0,2,0,0,1,0,1,0,0,0,0,1,0,1,0,,0,0,0,0,0,form-focused
html,html_14051.html,1834,0,0,0,0,0,0,0,0,0,0,0,0,0,0,0,0,,0,0,0,0,0,card-heavy-modern
html,html_13330.html,1004,0,0,0,0,0,0,0,1,0,0,0,0,0,0,0,0,,0,0,0,0,0,card-heavy-modern
html,html_4114.html,1319,1,0,0,0,0,1,0,1,0,0,0,0,0,0,0,0,,0,0,0,0,0,card-heavy-modern
html,html_10260.html,1348,0,0,1,0,0,0,0,3,0,0,0,0,0,0,0,0,,0,0,0,0,0,card-heavy-modern
html,html_886.html,2129,0,0,0,1,0,4,6,2,0,0,0,0,1,0,0,0,,0,0,0,0,0,form-focused
html,html_654.html,1716,0,0,2,1,0,0,4,3,0,0,0,0,1,1,0,0,,0,0,0,0,0,form-focused
html,html_7324.html,2359,0,0,0,1,0,0,3,1,0,0,0,0,1,1,0,0,,0,0,0,0,0,form-focused
html,html_13220.html,946,1,0,0,0,0,1,0,1,0,0,0,0,0,0,0,0,,0,0,0,0,0,card-heavy-modern
html,html_6420.html,2549,0,0,2,1,0,1,4,6,0,0,1,0,0,0,0,0,,0,0,0,0,0,card-heavy-modern
html,html_13660.html,1006,0,0,2,1,0,0,2,3,0,0,1,0,0,1,0,0,,0,0,0,0,0,card-heavy-modern
html,html_5682.html,794,0,0,0,0,0,1,0,1,0,0,0,0,0,0,1,0,,0,0,0,0,0,image-rich-gallery
html,html_8977.html,1622,1,0,2,1,0,3,4,2,0,0,0,0,1,1,0,0,,0,0,0,0,0,form-focused
html,html_755.html,2308,1,0,0,1,0,4,6,2,0,0,0,0,1,1,0,0,,0,0,0,0,0,form-focused
html,html_7418.html,1815,0,0,4,1,0,0,4,4,0,0,0,0,1,0,0,1,#acade,0,0,0,0,0,form-focused
html,html_9936.html,1936,0,0,4,1,0,0,3,4,0,0,0,0,1,1,0,0,,0,0,0,0,0,form-focused
html,html_8.html,1301,0,0,1,1,0,1,5,0,0,0,0,0,1,1,0,0,,0,0,0,0,0,form-focused
html,html_6988.html,1454,0,0,0,0,0,4,1,1,0,0,0,0,0,0,0,0,,0,0,0,0,0,card-heavy-modern
html,html_2234.html,2189,1,0,1,1,1,0,3,5,0,0,0,0,1,0,0,0,,0,0,0,0,0,form-focused
html,html_1121.html,1275,0,0,0,0,0,0,0,0,0,0,0,0,1,0,0,0,,0,0,0,0,0,form-focused
html,html_3120.html,1952,0,0,0,1,0,0,3,1,0,0,0,0,1,0,0,0,,0,0,0,0,0,form-focused
html,html_6000.html,1336,1,0,0,0,0,0,0,1,0,0,0,0,0,1,0,0,,0,0,0,0,0,card-heavy-modern
html,html_9833.html,2050,0,0,1,1,0,1,3,1,0,0,0,0,1,0,0,0,,0,0,0,0,0,form-focused
html,html_10524.html,2283,0,0,0,1,0,1,6,4,0,0,0,0,1,1,0,0,,0,0,0,0,0,form-focused
html,html_11090.html,2234,0,0,0,1,0,4,4,4,0,0,0,0,1,1,0,0,,0,0,0,0,0,form-focused
html,html_11558.html,2405,0,0,3,2,0,1,6,3,0,0,1,0,1,0,0,0,,0,0,0,0,0,form-focused
html,html_7912.html,1513,0,0,0,0,0,2,0,0,0,0,0,0,1,1,0,0,,0,0,0,0,0,form-focused
html,html_867.html,1833,0,0,2,1,0,0,3,3,0,0,0,0,0,1,0,0,,0,0,0,0,0,card-heavy-modern
html,html_11218.html,2229,1,0,2,1,0,1,3,3,0,0,0,0,1,1,0,0,,0,0,0,0,0,form-focused
html,html_14397.html,2397,1,0,2,0,0,0,0,9,0,0,0,0,1,1,0,0,,0,0,0,0,0,form-focused
html,html_13969.html,1316,0,0,0,0,0,2,0,2,0,0,0,0,0,0,0,0,,0,0,0,0,0,card-heavy-modern
html,html_3399.html,2697,0,0,0,1,0,0,4,0,0,0,0,0,1,1,0,0,,0,0,0,0,0,form-focused
html,html_8717.html,1695,0,0,0,1,0,4,4,1,0,1,0,0,1,1,0,0,,0,0,0,0,0,form-focused
html,html_4710.html,1102,1,0,0,1,0,1,0,1,0,0,0,0,0,0,0,0,,0,0,0,0,0,card-heavy-modern
html,html_103.html,966,0,0,0,1,0,1,4,1,0,0,0,0,1,1,0,0,,0,0,0,0,0,form-focused
html,html_7655.html,1763,1,0,0,0,0,1,0,1,0,0,0,0,0,1,0,0,,0,0,0,0,0,card-heavy-modern
html,html_5278.html,1556,1,0,3,0,0,0,0,4,0,0,0,1,1,1,0,0,,0,0,0,0,0,form-focused
html,html_9668.html,2714,1,0,0,0,0,1,6,0,0,0,0,0,1,0,0,0,,0,0,0,0,0,form-focused
html,html_2411.html,1376,0,0,0,0,0,0,0,0,0,0,0,1,0,1,0,0,,0,0,0,0,0,card-heavy-modern
html,html_14164.html,1023,0,0,0,0,0,1,0,3,0,0,0,0,0,1,0,0,,0,0,0,0,0,card-heavy-modern
html,html_2096.html,1744,0,0,0,1,0,1,4,3,0,0,1,0,1,0,0,0,,0,0,0,0,0,form-focused
html,html_9012.html,1546,0,0,2,0,0,2,0,3,0,1,0,0,0,0,0,0,,0,0,0,0,0,card-heavy-modern
html,html_10374.html,1674,0,0,2,0,0,0,3,3,0,0,0,0,1,1,0,0,,0,0,0,0,0,form-focused
html,html_11030.html,1464,2,0,0,0,0,1,0,2,0,0,0,0,0,0,0,0,,0,0,0,0,0,card-heavy-modern
html,html_104.html,2217,0,0,0,1,0,0,3,1,0,0,0,0,0,1,0,0,,0,0,0,0,0,card-heavy-modern
html,html_6309.html,1294,0,0,3,1,0,0,3,5,0,0,1,0,1,0,0,0,,0,0,0,0,0,form-focused
html,html_10539.html,1491,0,0,1,0,0,1,0,6,1,0,0,0,0,0,0,0,,0,0,0,0,0,card-heavy-modern
html,html_13632.html,1851,0,0,0,1,0,1,5,1,0,0,0,0,1,1,0,0,,0,0,0,0,0,form-focused
html,html_8627.html,1945,0,0,0,1,0,0,4,2,0,0,0,0,1,1,0,0,,0,0,0,0,0,form-focused
html,html_709.html,1851,0,0,0,1,0,0,9,1,0,0,0,0,1,1,0,0,,0,0,0,0,0,form-focused
html,html_11283.html,1340,1,0,1,0,0,3,0,5,0,0,0,0,0,0,0,0,,0,0,0,0,0,card-heavy-modern
html,html_9537.html,984,1,0,2,0,0,1,0,3,0,0,0,0,0,0,0,0,,0,0,0,0,0,card-heavy-modern
html,html_14302.html,804,1,0,0,0,0,0,0,2,1,0,0,0,0,0,1,0,,0,0,0,0,0,card-heavy-modern
html,html_4510.html,2605,1,0,1,1,1,0,9,5,0,0,1,0,1,0,0,0,,0,0,0,0,0,form-focused
html,html_210.html,1593,0,0,0,0,0,1,3,1,0,0,0,1,1,0,0,0,,0,0,0,0,0,form-focused
html,html_4007.html,1359,0,0,0,0,0,0,0,2,0,0,0,0,0,1,0,0,,0,0,0,0,0,card-heavy-modern
html,html_4642.html,1316,1,0,0,0,0,1,0,0,0,0,0,0,0,0,0,0,,0,0,0,0,0,card-heavy-modern
html,html_4331.html,1684,0,0,4,1,0,1,4,4,0,0,0,0,1,0,0,0,,0,0,0,0,0,form-focused
html,html_14090.html,1057,0,0,0,1,0,1,4,1,1,0,0,0,1,0,0,0,,0,0,0,0,0,form-focused
html,html_865.html,1957,1,0,4,1,0,1,4,5,0,0,0,0,1,0,0,0,,0,0,0,0,0,form-focused
html,html_8771.html,1565,0,0,2,1,0,1,6,2,0,0,0,0,1,1,0,0,,0,0,0,0,0,form-focused
html,html_5537.html,1675,0,0,2,1,0,1,4,2,0,0,0,0,1,1,0,0,,0,0,0,0,0,form-focused
html,html_2421.html,1292,0,0,3,0,1,0,0,4,0,0,0,0,0,0,0,0,,0,0,0,0,0,form-focused
html,html_9182.html,1236,1,0,0,1,0,0,5,2,0,0,0,0,1,1,0,0,,0,0,0,0,0,form-focused
html,html_8891.html,1907,0,0,3,1,0,0,3,3,0,0,0,0,1,1,0,0,,0,0,0,0,0,form-focused
html,html_5649.html,1543,1,0,0,1,1,1,10,3,0,0,0,0,1,1,0,0,,0,0,0,0,0,form-focused
html,html_9075.html,891,0,0,0,0,0,0,0,1,0,0,0,0,0,0,0,0,,0,0,0,0,0,card-heavy-modern
html,html_6253.html,1389,0,0,0,0,0,2,0,2,0,0,0,0,0,0,0,0,,0,0,0,0,0,card-heavy-modern
html,html_2653.html,1804,0,0,4,1,0,1,4,4,0,1,0,0,0,0,0,0,,0,0,0,0,0,card-heavy-modern
html,html_2159.html,2069,0,1,3,1,0,0,4,3,0,0,0,0,1,1,0,0,,0,0,0,0,0,form-focused
html,html_461.html,1429,0,0,0,0,0,1,3,2,0,0,0,0,0,0,0,0,,0,0,0,0,0,card-heavy-modern
html,html_1696.html,980,0,0,0,0,0,0,0,3,0,0,0,0,0,0,0,0,,0,0,0,0,0,card-heavy-modern
html,html_10798.html,1062,0,0,3,0,0,0,0,4,0,0,0,0,1,1,0,0,,0,0,0,0,0,form-focused
html,html_219.html,2029,3,0,3,1,0,0,3,3,0,0,0,0,0,1,0,0,,0,0,0,0,0,card-heavy-modern
html,html_5418.html,931,0,0,0,0,0,0,0,1,0,0,0,0,0,0,0,0,,0,0,0,0,0,card-heavy-modern
html,html_1595.html,1801,0,0,0,1,0,0,3,1,0,0,0,0,1,0,0,0,,0,0,0,0,0,form-focused
html,html_14269.html,1720,2,0,0,0,0,0,0,2,0,0,0,0,1,1,0,0,,0,0,0,0,0,form-focused
html,html_5960.html,1397,1,0,1,1,0,1,3,1,0,0,0,0,1,0,0,0,,0,0,0,0,0,form-focused
html,html_9658.html,2335,1,0,0,1,1,0,6,3,1,0,0,0,0,0,0,0,,0,0,0,0,0,form-focused
html,html_14011.html,2106,0,0,3,1,0,0,3,4,0,0,0,0,0,0,0,0,,0,0,0,0,0,card-heavy-modern
html,html_14081.html,1142,0,0,0,0,0,0,0,5,0,0,0,0,1,0,0,0,,0,0,0,0,0,form-focused
html,html_9286.html,1442,0,0,4,0,0,0,0,5,0,0,1,0,0,1,1,0,,0,0,0,0,0,card-heavy-modern
html,html_1642.html,1196,1,0,0,0,0,1,0,0,0,0,0,0,0,0,1,0,,0,0,0,0,0,image-rich-gallery
html,html_2326.html,1652,0,0,0,1,0,0,4,1,0,0,0,0,1,0,0,0,,0,0,0,0,0,form-focused
html,html_13714.html,1285,0,0,2,0,0,1,0,4,0,0,1,0,1,0,0,0,,0,0,0,0,0,form-focused
html,html_1505.html,1226,0,0,0,0,0,2,0,1,0,0,0,0,0,0,0,0,,0,0,0,0,0,card-heavy-modern
html,html_9742.html,2079,0,0,0,1,0,0,3,1,0,0,0,0,1,1,0,0,,0,0,0,0,0,form-focused
html,html_13112.html,856,1,0,0,0,0,0,0,1,0,0,0,0,0,1,0,0,,0,0,0,0,0,card-heavy-modern
html,html_12071.html,2521,0,0,2,1,0,1,4,5,0,0,0,0,1,1,0,0,,0,0,0,0,0,form-focused
html,html_5756.html,1126,0,0,0,0,0,1,0,1,0,0,0,0,0,1,0,0,,0,0,0,0,0,card-heavy-modern
html,html_9319.html,1585,0,0,2,1,0,2,3,1,1,1,0,0,0,0,0,0,,0,0,0,0,0,card-heavy-modern
html,html_2123.html,1778,0,0,0,2,0,0,6,2,0,0,0,0,1,1,0,0,,0,0,0,0,0,form-focused
html,html_8344.html,1537,0,0,1,1,0,1,0,1,0,1,0,0,1,1,0,0,,0,0,0,0,0,form-focused
html,html_11146.html,912,0,0,0,0,0,0,0,1,0,0,0,0,0,1,0,0,,0,0,0,0,0,card-heavy-modern
html,html_4696.html,1917,1,0,2,0,0,0,3,7,0,0,0,0,0,0,0,0,,0,0,0,0,0,card-heavy-modern
html,html_11575.html,990,0,0,0,0,0,1,0,1,0,0,0,0,0,0,0,0,,0,0,0,0,0,card-heavy-modern
html,html_11937.html,2181,0,0,0,1,0,1,3,1,0,0,0,0,1,1,0,0,,0,0,0,0,0,form-focused
html,html_5811.html,1330,0,0,3,0,0,0,0,1,1,0,0,0,0,0,0,0,,0,0,0,0,0,card-heavy-modern
html,html_8286.html,1607,0,0,0,1,0,2,4,1,0,0,0,0,1,0,0,0,,0,0,0,0,0,form-focused
html,html_14325.html,2063,0,0,1,1,0,1,3,1,0,0,0,0,0,0,0,0,,0,0,0,0,0,card-heavy-modern
html,html_9435.html,3273,1,0,0,1,0,5,6,0,0,0,0,0,1,0,0,0,,0,0,0,0,0,form-focused
html,html_8007.html,1694,0,0,0,0,0,0,0,0,0,0,0,0,0,0,1,0,,0,0,0,0,0,card-heavy-modern
html,html_13013.html,929,0,0,0,0,0,1,1,2,0,0,0,0,0,0,0,0,,0,0,0,0,0,card-heavy-modern
html,html_4424.html,1584,0,0,0,0,0,0,0,1,0,0,0,1,0,1,0,0,,0,0,0,0,0,card-heavy-modern
html,html_12223.html,1724,0,0,3,1,0,1,0,4,0,0,0,1,1,0,0,0,,0,0,0,0,0,form-focused
html,html_11858.html,1444,0,0,0,0,0,0,0,1,0,0,0,0,0,0,0,0,,0,0,0,0,0,card-heavy-modern
html,html_12956.html,1717,0,0,0,1,0,1,4,1,0,0,0,0,1,0,0,0,,0,0,0,0,0,form-focused
html,html_1992.html,1265,1,0,0,0,0,1,0,1,0,0,0,0,0,0,0,0,,0,0,0,0,0,card-heavy-modern
html,html_1606.html,1941,2,0,0,0,1,4,0,3,0,0,0,0,1,0,0,0,,0,0,0,0,0,form-focused
html,html_14429.html,1074,0,0,1,0,0,0,0,7,0,0,0,0,0,0,0,0,,0,0,0,0,0,card-heavy-modern
html,html_2047.html,1780,0,0,3,0,0,1,3,3,0,0,0,0,0,0,0,0,,0,0,0,0,0,card-heavy-modern
html,html_726.html,1515,0,0,0,1,0,0,4,1,0,0,0,0,1,0,0,0,,0,0,0,0,0,form-focused
html,html_11352.html,1787,0,0,0,1,0,1,5,1,0,0,0,0,1,1,0,0,,0,0,0,0,0,form-focused
html,html_13416.html,1514,1,0,4,1,0,0,0,4,0,0,0,0,0,0,0,0,,0,0,0,0,0,card-heavy-modern
html,html_14037.html,2071,0,0,5,1,0,0,5,6,0,0,0,0,1,1,0,0,,0,0,0,0,0,form-focused
html,html_5187.html,2111,0,0,1,1,0,1,4,1,0,0,0,0,1,0,0,0,,0,0,0,0,0,form-focused
html,html_3975.html,1415,2,0,1,0,1,0,0,2,0,1,0,0,0,1,0,0,,0,0,0,0,0,form-focused
html,html_10448.html,2164,1,0,0,1,0,0,3,1,0,0,0,0,1,0,0,0,,0,0,0,0,0,form-focused
html,html_2498.html,2036,0,0,1,1,0,0,3,1,0,0,0,0,1,1,0,0,,0,0,0,0,0,form-focused
html,html_11335.html,1512,0,0,0,0,0,0,0,4,0,0,0,0,0,1,0,0,,0,0,0,0,0,card-heavy-modern
html,html_9242.html,1810,1,0,0,1,0,1,0,1,0,0,0,0,0,1,0,0,,0,0,0,0,0,card-heavy-modern
html,html_11832.html,1841,0,0,3,0,0,1,0,4,0,0,0,0,0,0,0,0,,0,0,0,0,0,card-heavy-modern
html,html_1650.html,1438,0,0,0,1,0,1,6,1,0,0,0,0,1,0,0,0,,0,0,0,0,0,form-focused
html,html_423.html,2254,0,0,0,1,0,0,4,0,0,0,1,0,0,1,0,0,,0,0,0,0,0,card-heavy-modern
html,html_6352.html,2775,0,0,3,1,0,0,3,3,0,0,0,0,1,1,0,0,,0,0,0,0,0,form-focused
html,html_6620.html,958,0,0,2,0,0,0,0,5,0,0,0,0,0,0,0,0,,0,0,0,0,0,card-heavy-modern
html,html_4794.html,1473,0,0,0,1,0,0,3,1,0,0,0,0,1,0,0,0,,0,0,0,0,0,form-focused
html,html_1127.html,1822,0,0,0,1,0,1,4,1,0,0,0,0,1,1,0,0,,0,0,0,0,0,form-focused
html,html_1387.html,1592,0,0,0,1,0,0,4,1,0,0,0,0,1,0,0,0,,0,0,0,0,0,form-focused
html,html_3229.html,1407,1,0,0,1,0,1,4,1,0,1,0,0,1,0,0,0,,0,0,0,0,0,form-focused
html,html_3759.html,1844,0,0,0,1,0,0,3,1,0,0,0,0,1,1,0,0,,0,0,0,0,0,form-focused
html,html_10319.html,1100,1,0,0,1,0,1,4,1,0,0,0,0,1,1,0,0,,0,0,0,0,0,form-focused
html,html_10343.html,1767,0,1,0,1,0,1,5,4,0,0,0,0,1,1,0,0,,0,0,0,0,0,form-focused
html,html_7693.html,1852,0,0,0,1,0,1,5,1,0,0,0,0,1,1,0,0,,0,0,0,0,0,form-focused
html,html_4128.html,1387,0,0,1,1,0,0,4,3,0,0,1,0,1,0,0,0,,0,0,0,0,0,form-focused
html,html_13528.html,2294,0,0,3,1,0,1,4,3,0,0,0,0,1,1,0,0,,0,0,0,0,0,form-focused
html,html_4882.html,1871,1,0,0,0,1,1,0,2,0,0,0,0,0,0,0,0,,0,0,0,0,0,form-focused
html,html_6045.html,1779,0,0,0,1,0,1,4,2,0,0,0,0,1,1,0,0,,0,0,0,0,0,form-focused
html,html_8038.html,2135,0,0,0,1,0,0,3,0,0,1,0,0,0,0,0,0,,0,0,0,0,0,card-heavy-modern
html,html_9371.html,1414,0,0,0,1,0,1,5,2,0,0,0,0,0,1,0,0,,0,0,0,0,0,card-heavy-modern
html,html_3143.html,1330,0,0,3,0,0,0,3,4,0,0,0,0,0,0,0,0,,0,0,0,0,0,card-heavy-modern
html,html_6888.html,985,0,0,0,1,0,0,3,1,0,0,0,0,0,0,0,0,,0,0,0,0,0,card-heavy-modern
html,html_4362.html,1841,0,0,2,1,0,0,2,2,0,0,0,0,0,1,0,0,,0,0,0,0,0,card-heavy-modern
html,html_9218.html,1632,1,0,0,1,0,0,4,1,0,0,0,0,1,1,0,0,,0,0,0,0,0,form-focused
html,html_14417.html,1415,0,0,0,1,0,0,3,1,0,0,0,0,1,0,0,0,,0,0,0,0,0,form-focused
html,html_3725.html,1838,0,0,0,0,0,0,0,0,0,0,0,0,0,0,1,0,,0,0,0,0,0,card-heavy-modern
html,html_10456.html,1592,0,0,0,1,0,0,5,2,0,0,0,0,0,0,0,0,,0,0,0,0,0,card-heavy-modern
html,html_11574.html,1478,0,0,3,0,0,0,0,4,0,0,0,1,1,1,0,0,,0,0,0,0,0,form-focused
html,html_6630.html,2173,0,0,1,0,0,0,3,3,0,0,0,0,0,0,0,0,,0,0,0,0,0,card-heavy-modern
html,html_4993.html,1099,0,0,0,1,0,0,4,1,0,0,1,0,0,0,0,0,,0,0,0,0,0,card-heavy-modern
html,html_13316.html,2000,0,0,2,1,0,5,4,2,0,0,0,0,1,0,0,0,,0,0,0,0,0,form-focused
html,html_6668.html,1561,1,0,1,0,1,1,0,4,0,0,0,0,0,0,0,0,,0,0,0,0,0,form-focused
html,html_6122.html,1596,0,0,2,0,0,0,0,3,0,0,0,0,1,0,1,0,,0,0,0,0,0,form-focused
html,html_10124.html,1976,0,0,0,1,0,0,8,3,0,0,0,0,1,1,1,0,,0,0,0,0,0,form-focused
html,html_12187.html,911,0,0,0,0,0,0,0,1,0,0,0,0,0,0,0,0,,0,0,0,0,0,card-heavy-modern
html,html_8108.html,2032,1,0,0,1,1,1,3,2,1,0,0,0,1,1,0,0,,0,0,0,0,0,form-focused
html,html_10508.html,1710,0,0,3,1,0,1,6,3,0,0,0,0,1,0,0,0,,0,0,0,0,0,form-focused
html,html_11396.html,1966,0,0,0,1,0,1,6,1,0,0,0,0,1,1,0,0,,0,0,0,0,0,form-focused
html,html_12535.html,1435,1,0,0,0,0,1,0,4,0,1,0,1,0,0,0,0,,0,0,0,0,0,card-heavy-modern
html,html_1331.html,1377,0,0,0,1,0,1,5,1,0,0,0,0,1,0,1,0,,0,0,0,0,0,form-focused
html,html_14263.html,1578,0,0,0,0,0,0,0,4,0,0,1,0,1,1,0,0,,0,0,0,0,0,form-focused
html,html_8597.html,2749,1,0,0,1,0,1,3,1,0,0,0,0,1,1,0,0,,0,0,0,0,0,form-focused
html,html_14686.html,1890,0,0,0,1,0,1,3,3,0,1,0,0,1,1,0,0,,0,0,0,0,0,form-focused
html,html_93.html,1655,0,0,2,0,0,1,0,2,0,0,0,0,1,0,0,0,,0,0,0,0,0,form-focused
html,html_6746.html,1509,0,0,3,1,0,0,3,3,0,0,0,0,0,0,0,0,,0,0,0,0,0,card-heavy-modern
html,html_12449.html,1686,0,0,0,1,0,0,6,3,0,0,0,0,1,0,0,0,,0,0,0,0,0,form-focused
html,html_7992.html,1383,0,0,0,0,0,0,0,5,0,0,0,0,1,1,0,0,,0,0,0,0,0,form-focused
html,html_12166.html,1894,0,0,3,1,0,1,3,3,0,0,1,0,0,1,0,0,,0,0,0,0,0,card-heavy-modern
html,html_11951.html,1834,0,0,0,1,0,1,3,1,0,0,0,0,1,1,0,0,,0,0,0,0,0,form-focused
html,html_12550.html,1993,0,0,0,0,0,0,0,4,0,0,0,0,1,0,0,0,,0,0,0,0,0,form-focused
html,html_9928.html,1355,0,0,1,1,0,0,4,2,0,0,0,0,1,1,0,0,,0,0,0,0,0,form-focused
html,html_6567.html,1218,1,0,0,0,0,0,0,2,0,0,0,0,1,1,0,0,,0,0,0,0,0,form-focused
html,html_5819.html,1181,1,0,0,0,0,0,0,0,0,0,0,0,0,1,0,0,,0,0,0,0,0,card-heavy-modern
html,html_6177.html,1479,0,0,0,1,0,5,6,2,0,0,0,0,1,0,0,0,,0,0,0,0,0,form-focused
html,html_3395.html,1120,1,0,0,0,0,1,0,3,0,0,0,0,0,0,0,0,,0,0,0,0,0,card-heavy-modern
html,html_2558.html,1851,0,0,0,0,0,0,0,1,0,0,0,0,0,0,0,0,,0,0,0,0,0,card-heavy-modern
html,html_7149.html,2152,0,0,0,1,0,1,5,1,0,0,0,0,1,0,0,0,,0,0,0,0,0,form-focused
html,html_14658.html,844,1,0,0,0,0,0,0,1,0,0,0,0,0,0,0,0,,0,0,0,0,0,card-heavy-modern
html,html_6665.html,1742,0,0,0,1,0,1,3,1,0,0,0,0,1,0,0,0,,0,0,0,0,0,form-focused
html,html_4487.html,2314,0,0,0,0,0,1,7,3,0,0,0,0,0,0,0,0,,0,0,0,0,0,card-heavy-modern
html,html_66.html,934,0,0,0,1,0,0,0,1,0,0,0,0,0,0,0,0,,0,0,0,0,0,card-heavy-modern
html,html_9572.html,1343,0,0,1,0,0,1,0,3,0,1,0,0,0,0,0,0,,0,0,0,0,0,card-heavy-modern
html,html_10143.html,1415,0,0,0,0,0,0,1,1,0,0,0,0,0,1,0,0,,0,0,0,0,0,card-heavy-modern
html,html_9834.html,1142,0,0,0,0,0,1,0,2,0,0,0,0,0,0,0,0,,0,0,0,0,0,card-heavy-modern
html,html_5493.html,1377,0,0,2,0,0,1,0,1,0,0,0,0,0,1,0,0,,0,0,0,0,0,card-heavy-modern
html,html_10691.html,1227,1,0,0,1,0,1,2,1,0,0,0,0,0,1,0,0,,0,0,0,0,0,card-heavy-modern
html,html_14010.html,2114,0,0,0,1,0,1,3,2,1,0,0,0,1,1,0,0,,0,0,0,0,0,form-focused
html,html_13506.html,1189,0,0,4,0,0,0,0,5,0,0,1,0,1,0,0,0,,0,0,0,0,0,form-focused
html,html_11460.html,2165,2,0,1,1,0,0,3,1,0,0,0,0,1,1,0,0,,0,0,0,0,0,form-focused
html,html_3402.html,1454,1,0,4,0,0,0,0,5,0,0,1,0,0,0,0,0,,0,0,0,0,0,card-heavy-modern
html,html_11966.html,1194,0,0,0,0,0,1,0,1,0,0,0,0,0,0,0,0,,0,0,0,0,0,card-heavy-modern
html,html_6441.html,1290,1,0,0,0,0,0,0,1,0,0,0,0,1,0,0,0,,0,0,0,0,0,form-focused
html,html_371.html,1972,0,0,3,0,0,0,0,4,0,0,0,0,0,1,0,0,,0,0,0,0,0,card-heavy-modern
html,html_3305.html,2620,1,0,0,1,0,0,4,2,0,0,0,0,1,0,0,0,,0,0,0,0,0,form-focused
html,html_9125.html,1559,1,0,0,0,0,1,3,2,1,0,0,0,1,1,0,0,,0,0,0,0,0,form-focused
html,html_14814.html,1485,0,0,0,0,0,2,0,2,0,0,0,0,0,0,1,0,,0,0,0,0,0,image-rich-gallery
html,html_9334.html,960,0,0,0,1,0,1,3,1,0,0,0,0,1,0,0,0,,0,0,0,0,0,form-focused
html,html_6003.html,1474,0,0,0,1,0,0,3,1,0,0,0,0,1,0,0,0,,0,0,0,0,0,form-focused
html,html_981.html,2145,0,0,3,1,0,0,4,4,0,0,0,0,1,0,1,0,,0,0,0,0,0,form-focused
html,html_7130.html,1326,0,0,0,1,0,1,4,1,0,0,0,0,1,1,0,0,,0,0,0,0,0,form-focused
html,html_4404.html,1602,0,0,3,1,0,0,3,4,0,0,0,1,1,1,0,0,,0,0,0,0,0,form-focused
html,html_3146.html,1328,0,0,3,0,0,1,3,3,0,0,0,0,0,1,0,0,,0,0,0,0,0,card-heavy-modern
html,html_11583.html,2709,1,0,3,1,0,0,6,3,0,0,0,0,1,1,0,0,,0,0,0,0,0,form-focused
html,html_13964.html,2144,0,0,0,2,0,0,8,2,0,0,0,0,1,0,0,0,,0,0,0,0,0,form-focused
html,html_14950.html,1272,0,0,0,0,0,2,0,1,0,0,0,0,0,0,0,0,,0,0,0,0,0,card-heavy-modern
html,html_11853.html,911,1,0,0,0,0,0,0,2,0,0,0,0,1,0,1,0,,0,0,0,0,0,form-focused
html,html_10200.html,1487,0,0,0,0,0,0,0,3,0,0,0,0,1,1,0,0,,0,0,0,0,0,form-focused
html,html_11957.html,2151,0,0,0,1,0,0,3,2,0,0,0,0,1,0,1,0,,0,0,0,0,0,form-focused
html,html_13723.html,867,0,0,0,0,0,1,0,1,0,0,0,0,0,0,1,0,,0,0,0,0,0,image-rich-gallery
html,html_3557.html,1288,0,0,0,0,0,1,6,1,0,0,0,0,1,1,0,0,,0,0,0,0,0,form-focused
html,html_8795.html,1413,0,0,0,1,0,1,4,2,0,0,0,0,1,1,0,0,,0,0,0,0,0,form-focused
html,html_13201.html,638,0,0,0,0,0,0,0,1,0,0,0,0,0,0,0,0,,0,0,0,0,0,card-heavy-modern
html,html_11063.html,2896,1,0,1,1,0,0,4,1,0,0,0,0,1,0,1,0,,0,0,0,0,0,form-focused
html,html_1025.html,1084,0,0,0,0,0,1,0,1,0,0,0,0,0,1,0,0,,0,0,0,0,0,card-heavy-modern
html,html_10015.html,2104,2,0,0,0,0,2,0,3,0,0,0,0,0,0,0,0,,0,0,0,0,0,card-heavy-modern
html,html_1899.html,2229,0,0,2,1,0,1,2,3,0,0,1,0,0,0,0,1,#acade,0,0,0,0,0,card-heavy-modern
html,html_8271.html,1424,0,0,0,0,0,1,0,2,1,0,0,0,0,0,0,0,,0,0,0,0,0,card-heavy-modern
html,html_11336.html,1306,0,0,0,0,0,0,0,0,0,0,0,0,0,1,0,0,,0,0,0,0,0,card-heavy-modern
html,html_6999.html,1674,0,0,0,1,0,1,4,1,0,0,0,0,1,1,0,0,,0,0,0,0,0,form-focused
html,html_13019.html,1468,0,0,0,1,0,0,3,2,0,0,0,0,0,0,0,0,,0,0,0,0,0,card-heavy-modern
html,html_348.html,2392,0,0,0,1,0,0,2,2,0,0,0,0,1,1,0,0,,0,0,0,0,0,form-focused
html,html_8823.html,1176,0,0,3,1,0,1,3,3,0,0,0,0,1,0,1,0,,0,0,0,0,0,form-focused
html,html_3086.html,1933,1,0,0,0,1,2,0,2,0,0,0,0,0,1,0,0,,0,0,0,0,0,form-focused
html,html_2488.html,1996,0,1,0,0,0,1,4,2,0,0,0,0,1,1,0,0,,0,0,0,0,0,form-focused
html,html_6926.html,1454,1,0,0,0,0,3,0,1,0,0,0,0,0,0,0,0,,0,0,0,0,0,card-heavy-modern
html,html_7577.html,1003,0,0,2,0,0,0,0,3,0,0,0,0,0,1,0,0,,0,0,0,0,0,card-heavy-modern
html,html_5627.html,3470,1,0,0,1,0,1,5,1,0,0,0,0,1,1,0,0,,0,0,0,0,0,form-focused
html,html_13916.html,1493,0,0,0,1,0,2,6,0,0,0,0,0,1,1,0,0,,0,0,0,0,0,form-focused
html,html_13225.html,1902,0,0,0,1,0,2,4,1,0,0,0,0,1,1,0,0,,0,0,0,0,0,form-focused
html,html_9513.html,1461,1,0,1,0,0,1,0,3,0,0,0,0,0,0,0,0,,0,0,0,0,0,card-heavy-modern
html,html_11690.html,1574,0,0,0,1,0,0,5,0,0,0,0,0,1,0,0,0,,0,0,0,0,0,form-focused
html,html_2271.html,2306,2,0,2,1,1,0,7,4,0,0,0,0,1,1,0,0,,0,0,0,0,0,form-focused
html,html_8323.html,939,0,0,0,1,0,0,3,1,0,0,0,0,0,0,0,0,,0,0,0,0,0,card-heavy-modern
html,html_13965.html,1916,0,0,0,1,0,1,3,1,0,0,1,0,1,1,0,0,,0,0,0,0,0,form-focused
html,html_1614.html,1946,0,0,2,1,0,2,7,1,1,0,0,0,1,1,0,0,,0,0,0,0,0,form-focused
html,html_5362.html,829,0,0,0,0,0,1,0,2,0,0,0,0,0,0,0,0,,0,0,0,0,0,card-heavy-modern
html,html_10257.html,1331,0,0,0,1,0,1,3,1,0,0,0,0,1,1,0,0,,0,0,0,0,0,form-focused
html,html_1909.html,1402,0,0,1,1,0,0,6,1,0,0,0,0,1,1,0,0,,0,0,0,0,0,form-focused
html,html_8911.html,980,0,0,0,0,0,0,0,1,0,0,0,0,0,0,0,0,,0,0,0,0,0,card-heavy-modern
html,html_8312.html,1455,0,0,0,1,0,1,4,1,0,0,0,0,1,1,0,0,,0,0,0,0,0,form-focused
html,html_10362.html,1963,1,0,0,0,0,1,0,1,0,0,0,0,0,0,0,0,,0,0,0,0,0,card-heavy-modern
html,html_3574.html,1628,0,0,0,1,0,2,4,1,0,0,0,0,1,0,0,0,,0,0,0,0,0,form-focused
html,html_4053.html,2588,0,0,3,1,0,3,5,3,0,0,1,0,1,0,0,0,,0,0,0,0,0,form-focused
html,html_9377.html,1749,0,0,3,0,0,0,2,4,0,0,0,0,1,0,0,0,,0,0,0,0,0,form-focused
html,html_7966.html,2292,0,0,1,1,0,0,0,5,0,0,0,0,0,0,0,0,,0,0,0,0,0,card-heavy-modern
html,html_2038.html,1395,1,0,1,0,0,1,0,3,0,0,0,0,0,0,0,0,,0,0,0,0,0,card-heavy-modern
html,html_13248.html,2639,0,0,0,1,0,0,3,3,0,0,0,0,1,1,0,0,,0,0,0,0,0,form-focused
html,html_14265.html,1465,1,0,0,0,1,1,3,2,0,0,0,0,0,0,0,0,,0,0,0,0,0,form-focused
html,html_4363.html,1921,0,0,0,1,0,0,5,1,0,0,0,0,1,0,0,0,,0,0,0,0,0,form-focused
html,html_3531.html,1759,1,0,0,0,0,1,0,7,0,0,0,0,0,0,0,0,,0,0,0,0,0,card-heavy-modern
html,html_10215.html,2278,0,0,0,0,0,0,0,0,0,0,1,1,0,1,0,0,,0,0,0,0,0,card-heavy-modern
html,html_4991.html,1322,0,0,0,1,0,1,4,1,0,0,0,0,1,1,0,0,,0,0,0,0,0,form-focused
html,html_1817.html,1027,0,0,0,0,0,0,0,0,0,0,0,0,0,0,0,0,,0,0,0,0,0,card-heavy-modern
html,html_7175.html,1258,0,0,0,0,0,2,0,4,0,0,1,0,0,0,0,0,,0,0,0,0,0,card-heavy-modern
html,html_8542.html,1753,0,0,0,0,0,4,0,4,0,0,0,0,0,0,0,0,,0,0,0,0,0,card-heavy-modern
html,html_9154.html,1744,0,0,0,1,0,2,5,4,0,0,1,0,1,1,0,0,,0,0,0,0,0,form-focused
html,html_9626.html,1989,0,0,0,2,0,1,7,1,0,0,0,0,1,1,0,0,,0,0,0,0,0,form-focused
html,html_4208.html,823,1,0,0,0,0,1,0,1,0,0,0,0,0,0,0,0,,0,0,0,0,0,card-heavy-modern
html,html_1694.html,2193,1,0,3,1,0,0,3,3,0,0,0,0,0,0,0,0,,0,0,0,0,0,card-heavy-modern
html,html_11097.html,2497,0,0,0,1,0,2,6,1,0,0,0,0,1,1,0,0,,0,0,0,0,0,form-focused
html,html_11004.html,1264,0,0,3,1,0,1,1,4,0,0,1,0,0,0,0,0,,0,0,0,0,0,card-heavy-modern
html,html_13476.html,1983,0,0,0,0,0,2,0,0,0,1,0,0,0,0,0,0,,0,0,0,0,0,card-heavy-modern
html,html_1077.html,2125,1,0,2,0,0,0,0,4,0,0,0,0,0,0,0,0,,0,0,0,0,0,card-heavy-modern
html,html_3444.html,1355,0,0,0,0,0,1,0,1,0,0,0,0,0,0,0,0,,0,0,0,0,0,card-heavy-modern
html,html_12644.html,2304,1,0,0,1,0,1,3,0,0,0,0,0,1,1,0,0,,0,0,0,0,0,form-focused
html,html_6115.html,879,0,0,0,0,0,0,0,1,0,0,0,0,0,0,0,0,,0,0,0,0,0,card-heavy-modern
html,html_10572.html,1244,0,0,0,1,0,2,2,4,0,0,0,0,0,0,0,0,,0,0,0,0,0,card-heavy-modern
html,html_7313.html,1178,0,0,0,1,0,0,5,1,0,0,0,0,1,1,0,0,,0,0,0,0,0,form-focused
html,html_6216.html,1995,2,0,0,0,0,3,0,0,0,1,0,0,0,0,0,0,,0,0,0,0,0,card-heavy-modern
html,html_9336.html,2880,3,0,3,1,0,0,3,3,0,0,0,0,0,0,0,0,,0,0,0,0,0,card-heavy-modern
html,html_2149.html,1117,1,0,0,0,0,1,0,1,0,0,0,0,0,0,0,0,,0,0,0,0,0,card-heavy-modern
html,html_9232.html,2049,0,0,1,1,0,2,7,1,1,0,0,0,1,0,0,0,,0,0,0,0,0,form-focused
html,html_3890.html,2321,0,0,0,1,0,1,5,0,0,0,0,0,1,0,0,0,,0,0,0,0,0,form-focused
html,html_7962.html,2042,2,0,2,1,0,3,4,2,0,0,0,0,1,1,0,0,,0,0,0,0,0,form-focused
html,html_3690.html,1406,1,0,0,0,0,0,3,1,0,0,0,0,0,0,0,0,,0,0,0,0,0,card-heavy-modern
html,html_3186.html,2675,0,0,0,1,0,0,4,0,0,0,0,0,0,1,0,0,,0,0,0,0,0,card-heavy-modern
html,html_563.html,1562,0,0,3,1,0,2,3,3,0,0,0,0,1,1,0,0,,0,0,0,0,0,form-focused
html,html_12705.html,1346,0,0,2,1,0,1,4,2,0,0,1,0,0,1,0,0,,0,0,0,0,0,card-heavy-modern
html,html_4077.html,1241,1,0,1,1,0,1,4,2,0,0,0,0,0,0,0,0,,0,0,0,0,0,card-heavy-modern
html,html_14195.html,1653,0,0,0,1,0,0,3,1,0,0,0,0,1,1,0,0,,0,0,0,0,0,form-focused
html,html_723.html,1643,0,0,0,1,0,1,4,1,0,0,0,0,1,1,0,0,,0,0,0,0,0,form-focused
html,html_14779.html,1993,0,0,2,1,0,2,4,2,0,0,0,0,1,1,0,0,,0,0,0,0,0,form-focused
html,html_7467.html,2585,0,0,3,1,0,0,3,4,0,0,0,0,1,0,0,0,,0,0,0,0,0,form-focused
html,html_8496.html,1405,0,0,0,0,0,1,0,0,0,1,0,0,0,0,0,0,,0,0,0,0,0,card-heavy-modern
html,html_4120.html,1430,0,0,1,0,0,1,0,3,0,0,0,0,0,0,1,0,,0,0,0,0,0,image-rich-gallery
html,html_14548.html,2220,0,0,3,1,0,1,6,3,0,0,0,0,0,0,0,0,,0,0,0,0,0,card-heavy-modern
html,html_12667.html,1079,0,0,0,0,0,0,0,3,0,0,0,0,0,0,0,0,,0,0,0,0,0,card-heavy-modern
html,html_13029.html,1858,1,0,0,0,0,2,0,1,0,0,0,0,0,0,0,0,,0,0,0,0,0,card-heavy-modern
html,html_3874.html,1705,0,0,1,1,0,1,4,2,0,0,0,0,1,1,0,0,,0,0,0,0,0,form-focused
html,html_9768.html,1713,1,0,0,1,0,0,3,4,0,0,1,0,0,0,0,0,,0,0,0,0,0,card-heavy-modern
html,html_6279.html,1202,0,0,0,1,0,1,3,1,0,0,0,0,1,0,0,0,,0,0,0,0,0,form-focused
html,html_3863.html,1288,0,0,0,1,0,1,4,1,0,0,0,0,1,0,0,0,,0,0,0,0,0,form-focused
html,html_6343.html,2175,0,0,0,0,0,0,0,3,0,0,1,0,0,1,0,0,,0,0,0,0,0,card-heavy-modern
html,html_4274.html,2262,0,0,0,1,0,4,4,1,0,0,0,0,1,0,1,0,,0,0,0,0,0,form-focused
html,html_643.html,1686,1,0,2,0,0,2,0,2,0,0,0,0,1,0,0,0,,0,0,0,0,0,form-focused
html,html_7331.html,1312,0,0,0,1,0,0,5,2,0,0,0,0,1,1,0,0,,0,0,0,0,0,form-focused
html,html_1840.html,1924,1,0,0,1,1,1,4,1,1,0,0,0,1,0,0,0,,0,0,0,0,0,form-focused
html,html_10593.html,1782,0,0,0,0,0,1,0,1,0,0,0,0,0,1,0,0,,0,0,0,0,0,card-heavy-modern
html,html_11719.html,1013,1,0,0,0,0,0,0,1,0,0,0,0,0,0,0,0,,0,0,0,0,0,card-heavy-modern
html,html_4321.html,2353,0,0,1,1,0,1,3,4,0,0,0,0,1,1,0,0,,0,0,0,0,0,form-focused
html,html_6850.html,801,0,0,0,0,0,0,0,1,0,0,0,0,0,1,0,0,,0,0,0,0,0,card-heavy-modern
html,html_8290.html,1400,0,0,1,1,0,0,3,2,0,0,0,0,0,0,0,0,,0,0,0,0,0,card-heavy-modern
html,html_6162.html,1588,0,0,3,1,0,1,3,3,0,0,1,0,1,1,0,0,,0,0,0,0,0,form-focused
html,html_12298.html,1619,0,0,1,1,0,0,4,2,0,0,1,0,1,1,0,0,,0,0,0,0,0,form-focused
html,html_10730.html,1233,1,0,3,0,0,0,0,4,0,0,0,0,1,1,0,0,,0,0,0,0,0,form-focused
html,html_6238.html,1910,0,0,4,0,0,1,0,5,0,1,1,0,0,1,0,0,,0,0,0,0,0,card-heavy-modern
html,html_1874.html,1811,1,0,0,1,0,2,5,1,1,0,0,0,1,0,0,0,,0,0,0,0,0,form-focused
html,html_6933.html,1163,0,0,0,0,0,1,4,2,0,0,0,0,1,1,0,0,,0,0,0,0,0,form-focused
html,html_11036.html,1214,0,0,0,0,0,0,0,0,0,0,0,0,0,0,0,0,,0,0,0,0,0,card-heavy-modern
html,html_13909.html,1336,0,0,0,1,1,1,3,1,0,0,0,0,1,0,0,0,,0,0,0,0,0,form-focused
html,html_14335.html,1231,1,0,1,1,0,0,4,1,0,0,0,0,1,1,0,0,,0,0,0,0,0,form-focused
html,html_2514.html,2294,1,0,1,0,0,0,0,5,0,0,0,0,1,1,0,0,,0,0,0,0,0,form-focused
html,html_8282.html,1305,0,0,0,1,0,1,4,2,0,0,0,0,0,0,0,0,,0,0,0,0,0,card-heavy-modern
html,html_4287.html,2576,0,0,0,1,0,0,4,0,0,0,0,0,1,0,0,0,,0,0,0,0,0,form-focused
html,html_5000.html,2070,0,0,0,0,0,0,0,0,0,0,0,0,0,0,0,0,,0,0,0,0,0,card-heavy-modern
html,html_12022.html,2213,1,0,0,1,0,1,3,1,0,0,0,0,1,0,0,0,,0,0,0,0,0,form-focused
html,html_5805.html,1960,0,0,0,1,0,0,5,1,0,0,0,0,1,1,0,0,,0,0,0,0,0,form-focused
html,html_11972.html,1918,0,0,3,1,0,0,3,3,0,0,1,0,0,0,0,0,,0,0,0,0,0,card-heavy-modern
html,html_13451.html,1159,1,0,0,1,1,1,3,1,0,0,0,0,1,0,0,0,,0,0,0,0,0,form-focused
html,html_3331.html,1192,0,0,0,0,0,0,0,2,0,0,1,0,0,1,0,0,,0,0,0,0,0,card-heavy-modern
html,html_7026.html,2627,0,0,1,1,0,0,3,1,0,0,0,0,1,1,0,0,,0,0,0,0,0,form-focused
html,html_11077.html,1731,1,0,1,1,0,1,4,1,0,0,0,0,1,1,0,0,,0,0,0,0,0,form-focused
html,html_9116.html,954,0,0,0,0,0,0,0,3,0,0,0,0,0,0,0,0,,0,0,0,0,0,card-heavy-modern
html,html_8866.html,2038,1,0,0,0,1,2,0,3,0,0,1,0,0,1,0,0,,0,0,0,0,0,form-focused
html,html_11153.html,856,0,0,1,1,0,1,3,2,0,0,0,0,0,0,0,0,,0,0,0,0,0,card-heavy-modern
html,html_9959.html,1416,0,0,2,0,1,1,0,2,0,0,0,0,0,0,0,0,,0,0,0,0,0,form-focused
html,html_13703.html,1217,1,0,0,1,0,0,0,1,0,0,0,0,0,0,0,0,,0,0,0,0,0,card-heavy-modern
html,html_7765.html,2223,0,1,0,1,0,1,7,2,0,0,0,0,1,0,0,0,,0,0,0,0,0,form-focused
html,html_12911.html,2528,1,0,0,1,1,1,10,3,0,0,0,0,1,0,0,0,,0,0,0,0,0,form-focused
html,html_11603.html,1679,0,0,3,1,0,1,3,3,0,0,0,0,1,0,0,0,,0,0,0,0,0,form-focused
html,html_5502.html,1671,0,0,2,1,0,1,4,2,0,0,0,0,1,1,0,0,,0,0,0,0,0,form-focused
html,html_1905.html,1661,1,1,0,0,0,0,0,4,0,0,0,0,1,0,0,0,,0,0,0,0,0,form-focused
html,html_1403.html,1492,1,0,0,0,1,1,0,2,0,0,0,0,1,0,0,0,,0,0,0,0,0,form-focused
html,html_13872.html,2291,0,0,0,1,0,1,5,4,0,0,0,0,1,1,0,0,,0,0,0,0,0,form-focused
html,html_2324.html,1347,0,0,0,0,0,4,0,2,0,0,0,0,0,0,0,0,,0,0,0,0,0,card-heavy-modern
html,html_5563.html,2848,0,0,0,1,0,0,7,1,0,0,0,0,1,1,0,0,,0,0,0,0,0,form-focused
html,html_13205.html,1547,1,0,0,0,0,0,0,0,0,0,0,0,0,0,0,0,,0,0,0,0,0,card-heavy-modern
html,html_13873.html,1534,0,0,0,0,0,0,0,1,0,0,0,1,0,0,0,0,,0,0,0,0,0,card-heavy-modern
html,html_9493.html,1473,0,0,0,1,0,0,4,1,0,0,1,0,0,1,0,0,,0,0,0,0,0,card-heavy-modern
html,html_3552.html,1334,1,0,0,1,1,1,3,1,0,0,0,0,1,0,0,0,,0,0,0,0,0,form-focused
html,html_8345.html,2123,1,0,2,1,0,1,5,2,0,0,0,0,1,0,0,0,,0,0,0,0,0,form-focused
html,html_11120.html,1980,0,0,3,1,0,0,3,4,0,0,0,0,1,0,0,1,#acade,0,0,0,0,0,form-focused
html,html_3789.html,1264,0,0,0,0,0,1,0,1,0,0,0,0,0,1,0,0,,0,0,0,0,0,card-heavy-modern
html,html_7039.html,943,0,0,0,0,0,0,0,0,0,1,0,0,0,1,0,0,,0,0,0,0,0,card-heavy-modern
html,html_679.html,1786,0,0,3,1,0,0,4,3,0,0,0,0,1,1,0,0,,0,0,0,0,0,form-focused
html,html_2772.html,1177,1,0,0,0,0,1,0,1,0,0,0,0,0,0,0,0,,0,0,0,0,0,card-heavy-modern
html,html_14271.html,2329,1,0,3,1,1,0,3,4,0,0,0,0,1,0,1,0,,0,0,0,0,0,form-focused
html,html_13041.html,1482,0,0,5,0,0,0,0,6,0,0,0,0,1,0,1,0,,0,0,0,0,0,form-focused
html,html_9524.html,1034,0,0,0,0,0,0,0,0,0,0,0,0,0,0,0,0,,0,0,0,0,0,card-heavy-modern
html,html_11721.html,1887,0,0,2,1,0,1,5,2,0,0,0,0,1,0,0,0,,0,0,0,0,0,form-focused
html,html_302.html,1830,0,0,0,2,0,4,7,1,0,0,0,0,1,0,0,0,,0,0,0,0,0,form-focused
html,html_14647.html,1634,1,0,0,1,0,0,3,1,0,0,0,0,0,1,0,0,,0,0,0,0,0,card-heavy-modern
html,html_2508.html,1242,0,0,0,0,0,1,0,1,0,0,0,0,0,0,0,0,,0,0,0,0,0,card-heavy-modern
html,html_175.html,973,1,1,0,0,0,0,0,2,0,0,0,0,0,0,0,0,,0,0,0,0,0,card-heavy-modern
html,html_1609.html,1926,1,0,0,1,0,0,3,1,0,0,1,0,1,1,0,0,,0,0,0,0,0,form-focused
html,html_14898.html,1816,0,0,0,0,0,0,0,4,0,0,0,0,0,1,0,0,,0,0,0,0,0,card-heavy-modern
html,html_8820.html,1806,0,0,0,0,0,0,0,5,0,0,1,0,0,1,0,0,,0,0,0,0,0,card-heavy-modern
html,html_5779.html,1420,0,0,0,1,0,1,3,3,0,1,1,0,1,1,0,0,,0,0,0,0,0,form-focused
html,html_4638.html,2346,0,0,0,0,0,0,0,0,0,0,0,0,0,0,1,0,,0,0,0,0,0,card-heavy-modern
html,html_1773.html,1743,1,0,0,1,0,1,4,3,0,0,0,0,1,1,0,0,,0,0,0,0,0,form-focused
html,html_5822.html,1379,2,0,0,0,0,0,2,1,0,0,0,1,0,0,0,0,,0,0,0,0,0,card-heavy-modern
html,html_3279.html,1249,0,0,0,0,0,1,0,2,0,0,0,1,0,1,0,0,,0,0,0,0,0,card-heavy-modern
html,html_12183.html,1317,0,0,3,1,0,1,4,3,0,0,1,0,0,1,0,0,,0,0,0,0,0,card-heavy-modern
html,html_12574.html,816,0,0,1,0,0,1,0,2,0,0,0,0,0,0,1,0,,0,0,0,0,0,image-rich-gallery
html,html_364.html,2030,0,0,0,1,0,0,3,0,0,0,0,0,1,0,0,0,,0,0,0,0,0,form-focused
html,html_6778.html,2185,2,0,2,0,1,1,3,5,0,0,0,0,0,1,0,0,,0,0,0,0,0,form-focused
html,html_7070.html,1861,0,0,0,1,0,2,5,1,0,0,0,0,1,1,0,0,,0,0,0,0,0,form-focused
html,html_4329.html,2560,0,0,4,1,0,1,4,4,0,0,0,0,0,1,0,0,,0,0,0,0,0,card-heavy-modern
html,html_7830.html,1403,0,0,0,1,0,0,2,1,0,0,0,0,0,1,0,0,,0,0,0,0,0,card-heavy-modern
html,html_8121.html,2406,0,0,0,1,0,6,7,0,0,0,0,0,1,1,0,0,,0,0,0,0,0,form-focused
html,html_1043.html,1445,0,0,0,1,0,0,5,1,0,0,0,0,1,0,0,0,,0,0,0,0,0,form-focused
html,html_7378.html,1384,0,0,0,0,0,5,0,1,0,0,0,0,0,0,0,0,,0,0,0,0,0,card-heavy-modern
html,html_11814.html,1273,0,0,0,1,0,1,4,1,0,0,0,0,1,1,0,0,,0,0,0,0,0,form-focused
html,html_3093.html,1498,0,0,4,1,0,1,5,5,0,0,0,0,1,1,0,0,,0,0,0,0,0,form-focused
html,html_13952.html,1767,0,0,3,1,0,3,4,3,0,0,0,0,1,1,0,0,,0,0,0,0,0,form-focused
html,html_13295.html,1997,1,0,1,1,0,0,5,5,0,0,0,0,1,1,0,0,,0,0,0,0,0,form-focused
html,html_7825.html,968,1,0,0,0,0,1,0,1,0,0,0,0,0,0,0,0,,0,0,0,0,0,card-heavy-modern
html,html_2770.html,1504,0,0,0,0,0,1,1,2,0,0,0,0,0,0,0,0,,0,0,0,0,0,card-heavy-modern
html,html_6246.html,971,0,0,0,0,0,1,0,3,1,0,0,0,0,0,0,0,,0,0,0,0,0,card-heavy-modern
html,html_5469.html,2354,1,0,0,1,1,0,6,2,0,0,0,0,0,0,0,0,,0,0,0,0,0,form-focused
html,html_13906.html,2377,0,0,0,1,0,0,3,1,0,0,0,0,0,1,0,0,,0,0,0,0,0,card-heavy-modern
html,html_716.html,1330,0,0,0,1,0,1,4,1,0,0,0,0,1,1,0,0,,0,0,0,0,0,form-focused
html,html_3699.html,1029,0,0,0,0,0,1,0,0,0,0,0,0,0,1,0,0,,0,0,0,0,0,card-heavy-modern
html,html_1420.html,787,0,0,3,0,0,0,0,1,0,0,0,0,0,0,0,0,,0,0,0,0,0,card-heavy-modern
html,html_1065.html,1506,1,0,0,0,0,1,0,4,0,0,0,0,0,1,0,0,,0,0,0,0,0,card-heavy-modern
html,html_14877.html,962,1,0,0,0,0,0,0,1,0,0,0,0,0,0,0,0,,0,0,0,0,0,card-heavy-modern
html,html_119.html,1614,0,0,0,0,0,2,1,1,0,0,0,0,0,0,0,0,,0,0,0,0,0,card-heavy-modern
html,html_12896.html,2822,0,0,4,1,0,0,3,4,0,0,1,0,0,0,0,0,,0,0,0,0,0,card-heavy-modern
html,html_5970.html,1696,0,0,0,1,0,1,3,3,0,0,0,0,0,0,0,0,,0,0,0,0,0,card-heavy-modern
html,html_14526.html,1615,1,0,0,1,0,0,3,1,0,0,0,0,1,0,0,0,,0,0,0,0,0,form-focused
html,html_7555.html,840,0,0,0,0,0,0,0,3,0,0,0,0,0,0,0,0,,0,0,0,0,0,card-heavy-modern
html,html_3620.html,2052,0,0,0,0,0,4,1,1,0,0,0,0,1,0,0,0,,0,0,0,0,0,form-focused
html,html_411.html,1124,1,0,0,0,0,1,0,3,0,0,0,0,1,1,1,0,,0,0,0,0,0,form-focused
html,html_12470.html,2756,0,0,0,0,0,0,7,0,0,0,0,0,1,1,0,0,,0,0,0,0,0,form-focused
html,html_8107.html,1895,0,0,0,1,0,1,5,2,0,0,0,0,1,1,1,0,,0,0,0,0,0,form-focused
html,html_11562.html,1471,0,0,2,1,0,0,6,3,0,0,0,0,1,0,0,0,,0,0,0,0,0,form-focused
html,html_8519.html,2334,0,0,1,1,0,0,3,1,0,0,0,0,1,0,0,0,,0,0,0,0,0,form-focused
html,html_11370.html,1446,0,0,1,1,0,5,4,1,0,0,0,0,1,0,0,0,,0,0,0,0,0,form-focused
html,html_5882.html,1102,0,0,0,0,0,0,0,1,0,0,0,0,0,1,0,0,,0,0,0,0,0,card-heavy-modern
html,html_8348.html,2146,0,0,0,1,0,0,3,3,0,0,0,0,1,1,0,0,,0,0,0,0,0,form-focused
html,html_9542.html,2064,0,0,4,1,0,0,3,4,0,0,0,0,1,1,1,0,,0,0,0,0,0,form-focused
html,html_14434.html,2292,2,0,3,1,0,1,4,4,0,0,0,0,0,0,0,0,,0,0,0,0,0,card-heavy-modern
html,html_5857.html,1344,0,0,2,0,0,0,0,3,0,0,0,0,0,1,0,0,,0,0,0,0,0,card-heavy-modern
html,html_243.html,1194,0,0,5,0,0,0,0,6,0,0,0,0,0,0,1,0,,0,0,0,0,0,card-heavy-modern
html,html_5029.html,936,1,0,2,0,0,0,0,3,0,0,1,0,0,0,0,0,,0,0,0,0,0,card-heavy-modern
html,html_3840.html,2400,0,0,0,1,0,0,1,0,0,0,0,0,1,0,0,0,,0,0,0,0,0,form-focused
html,html_13183.html,938,0,0,0,0,0,1,0,0,0,0,0,0,0,0,0,0,,0,0,0,0,0,card-heavy-modern
html,html_799.html,2490,0,0,0,1,0,1,3,1,1,0,0,0,1,1,0,0,,0,0,0,0,0,form-focused
html,html_8474.html,1420,0,0,0,1,0,1,4,1,0,0,1,0,1,0,1,0,,0,0,0,0,0,form-focused
html,html_8631.html,1624,0,0,2,1,0,3,4,2,0,0,0,0,0,0,0,0,,0,0,0,0,0,card-heavy-modern
html,html_4629.html,2241,1,0,0,0,0,0,6,4,0,0,1,0,0,1,0,0,,0,0,0,0,0,card-heavy-modern
html,html_2734.html,1157,1,0,0,0,0,1,0,2,0,0,0,0,0,0,0,0,,0,0,0,0,0,card-heavy-modern
html,html_14690.html,1350,1,0,4,1,0,0,3,4,1,0,0,0,0,0,0,0,,0,0,0,0,0,card-heavy-modern
html,html_9169.html,1806,0,0,0,1,0,1,1,1,0,0,0,0,0,1,0,0,,0,0,0,0,0,card-heavy-modern
html,html_9993.html,1957,0,0,0,1,0,0,3,1,0,0,0,0,1,1,0,0,,0,0,0,0,0,form-focused
html,html_7736.html,2207,1,0,0,0,1,1,3,3,0,0,0,0,1,0,0,0,,0,0,0,0,0,form-focused
html,html_4126.html,1955,0,0,3,1,0,2,3,4,0,0,1,0,1,0,0,0,,0,0,0,0,0,form-focused
html,html_8993.html,2556,0,0,0,1,0,1,5,5,0,0,1,0,1,1,0,0,,0,0,0,0,0,form-focused
html,html_7987.html,1776,0,0,0,1,0,0,3,0,0,0,0,0,1,1,0,0,,0,0,0,0,0,form-focused
html,html_7999.html,1111,0,0,0,0,0,0,0,1,0,0,0,0,0,1,0,0,,0,0,0,0,0,card-heavy-modern
html,html_1184.html,783,0,0,3,0,0,0,0,1,1,0,0,0,1,1,0,0,,0,0,0,0,0,form-focused
html,html_6103.html,1895,1,0,0,0,1,0,0,3,0,0,0,0,1,1,1,0,,0,0,0,0,0,form-focused
html,html_3304.html,1847,1,0,0,1,0,0,3,1,0,0,0,0,1,0,0,0,,0,0,0,0,0,form-focused
html,html_11804.html,1655,0,0,0,1,0,3,4,1,0,0,0,0,1,1,0,0,,0,0,0,0,0,form-focused
html,html_6245.html,1108,1,0,0,0,0,0,0,1,0,0,0,0,0,0,0,0,,0,0,0,0,0,card-heavy-modern
html,html_12593.html,1908,0,0,0,0,0,1,4,1,0,0,0,0,1,1,0,0,,0,0,0,0,0,form-focused
html,html_1249.html,1638,0,0,0,1,0,0,5,1,0,0,0,0,1,0,0,1,#dea,0,0,0,0,0,form-focused
html,html_3537.html,1805,0,0,3,1,0,1,6,3,0,0,0,0,1,1,0,0,,0,0,0,0,0,form-focused
html,html_14351.html,1561,0,0,0,1,0,1,5,0,0,0,0,0,1,0,0,0,,0,0,0,0,0,form-focused
html,html_2857.html,1378,1,0,0,0,0,1,0,1,0,0,0,0,0,1,0,0,,0,0,0,0,0,card-heavy-modern
html,html_12347.html,1104,1,0,0,0,0,1,0,1,0,0,0,0,0,0,0,0,,0,0,0,0,0,card-heavy-modern
html,html_10060.html,1461,1,0,2,1,0,0,3,3,0,0,0,0,0,0,0,0,,0,0,0,0,0,card-heavy-modern
html,html_7272.html,1952,0,0,0,0,0,0,3,1,0,0,0,0,1,0,0,0,,0,0,0,0,0,form-focused
html,html_1646.html,1630,0,0,1,1,0,1,4,2,0,0,0,0,1,1,0,0,,0,0,0,0,0,form-focused
html,html_3717.html,1117,0,0,1,1,0,1,1,2,0,0,0,0,0,0,0,0,,0,0,0,0,0,card-heavy-modern
html,html_2076.html,2008,1,0,0,1,0,1,4,0,1,0,0,0,1,1,0,0,,0,0,0,0,0,form-focused
html,html_467.html,1447,0,0,0,0,0,1,0,1,0,0,0,0,0,0,1,0,,0,0,0,0,0,image-rich-gallery
html,html_3174.html,2678,0,0,0,1,0,0,5,1,0,0,0,0,1,1,0,0,,0,0,0,0,0,form-focused
html,html_11894.html,1652,1,0,0,0,0,0,0,1,0,0,0,0,0,1,0,0,,0,0,0,0,0,card-heavy-modern
html,html_5709.html,1169,0,0,2,0,0,0,0,3,0,0,0,0,0,1,0,0,,0,0,0,0,0,card-heavy-modern
html,html_13320.html,2020,0,0,0,0,0,3,0,3,0,0,0,0,0,1,0,0,,0,0,0,0,0,card-heavy-modern
html,html_2563.html,1856,0,0,4,1,0,0,4,4,0,0,0,0,1,1,0,0,,0,0,0,0,0,form-focused
html,html_12519.html,1184,0,0,0,0,0,0,0,4,0,0,0,0,0,0,0,0,,0,0,0,0,0,card-heavy-modern
html,html_9713.html,1894,1,0,0,1,1,0,3,1,0,0,0,0,1,0,0,0,,0,0,0,0,0,form-focused
html,html_4597.html,1816,0,0,2,1,0,1,4,2,0,0,0,0,1,0,0,0,,0,0,0,0,0,form-focused
html,html_6917.html,1389,1,0,1,1,0,0,4,1,0,0,0,0,1,0,0,0,,0,0,0,0,0,form-focused
html,html_6947.html,2124,0,0,0,1,0,2,4,0,1,0,0,0,0,1,0,0,,0,0,0,0,0,card-heavy-modern
html,html_818.html,1149,2,0,0,0,0,0,0,1,0,0,0,0,0,1,0,0,,0,0,0,0,0,card-heavy-modern
html,html_9610.html,1542,0,0,0,0,0,0,0,3,0,0,0,0,0,1,0,0,,0,0,0,0,0,card-heavy-modern
html,html_3679.html,1172,0,0,0,0,0,0,4,0,0,0,0,0,1,0,0,0,,0,0,0,0,0,form-focused
html,html_13109.html,1644,1,0,3,0,0,3,0,4,0,0,0,0,0,0,1,0,,0,0,0,0,0,image-rich-gallery
html,html_8178.html,3478,0,0,0,1,0,1,3,2,0,1,0,0,1,1,0,0,,0,0,0,0,0,form-focused
html,html_6461.html,1142,0,0,1,1,0,0,4,2,0,0,0,0,1,0,0,0,,0,0,0,0,0,form-focused
html,html_11272.html,1581,0,0,0,1,0,0,3,1,0,0,0,0,1,1,0,0,,0,0,0,0,0,form-focused
html,html_7338.html,2158,0,0,3,1,0,0,3,3,0,0,0,0,0,1,0,0,,0,0,0,0,0,card-heavy-modern
html,html_5600.html,2152,0,0,0,0,0,0,0,0,0,0,0,0,0,1,0,0,,0,0,0,0,0,card-heavy-modern
html,html_11387.html,1336,0,0,0,1,0,1,4,2,0,0,1,0,1,1,0,0,,0,0,0,0,0,form-focused
html,html_3920.html,1297,1,0,0,0,0,1,0,1,0,0,0,0,0,0,0,0,,0,0,0,0,0,card-heavy-modern
html,html_9545.html,1103,0,0,0,0,0,0,0,0,0,0,0,0,0,0,0,0,,0,0,0,0,0,card-heavy-modern
html,html_9249.html,1757,0,0,0,0,0,0,0,4,0,0,0,0,0,1,0,0,,0,0,0,0,0,card-heavy-modern
html,html_435.html,2262,0,0,1,1,0,1,5,1,0,0,0,0,1,0,1,0,,0,0,0,0,0,form-focused
html,html_7306.html,1391,0,0,0,1,0,1,5,1,0,0,0,0,1,1,0,0,,0,0,0,0,0,form-focused
html,html_14944.html,1113,1,0,0,0,0,1,0,1,0,0,0,0,1,0,0,0,,0,0,0,0,0,form-focused
html,html_676.html,2543,0,0,0,0,0,0,0,6,0,0,1,0,1,0,0,0,,0,0,0,0,0,form-focused
html,html_13490.html,2071,0,0,0,1,1,0,3,1,0,0,0,0,1,0,0,0,,0,0,0,0,0,form-focused
html,html_11550.html,1556,0,0,0,1,0,1,7,1,0,0,0,0,0,0,0,0,,0,0,0,0,0,card-heavy-modern
html,html_11367.html,1144,0,0,3,0,0,1,0,4,0,0,0,0,0,1,0,0,,0,0,0,0,0,card-heavy-modern
html,html_12514.html,1130,0,0,0,0,0,1,1,1,0,0,0,0,0,1,0,0,,0,0,0,0,0,card-heavy-modern
html,html_1228.html,1224,0,0,1,1,0,1,3,1,0,0,0,0,1,0,0,0,,0,0,0,0,0,form-focused
html,html_5506.html,1717,0,0,0,0,0,0,0,4,0,0,0,0,0,0,0,0,,0,0,0,0,0,card-heavy-modern
html,html_11126.html,1694,0,0,3,0,0,0,0,4,1,0,0,0,0,0,0,0,,0,0,0,0,0,card-heavy-modern
html,html_764.html,839,0,3,3,0,0,0,0,4,0,0,0,0,0,0,0,0,,0,0,0,0,0,card-heavy-modern
html,html_14353.html,1072,0,0,0,0,0,1,0,2,0,0,0,0,0,0,0,0,,0,0,0,0,0,card-heavy-modern
html,html_7836.html,1706,0,0,3,1,0,0,3,3,0,0,0,0,0,0,0,0,,0,0,0,0,0,card-heavy-modern
html,html_9252.html,2094,0,0,0,1,0,2,4,0,0,0,0,0,1,1,0,0,,0,0,0,0,0,form-focused
html,html_4073.html,1330,0,0,0,1,0,0,5,1,0,0,0,0,1,1,0,0,,0,0,0,0,0,form-focused
html,html_2809.html,1814,0,0,0,0,0,1,0,3,0,0,0,0,0,0,0,0,,0,0,0,0,0,card-heavy-modern
html,html_9622.html,1693,0,0,0,0,0,0,0,6,0,0,1,0,0,1,0,0,,0,0,0,0,0,card-heavy-modern
html,html_8248.html,2300,0,0,3,1,0,0,3,4,0,0,0,0,1,0,0,0,,0,0,0,0,0,form-focused
html,html_13589.html,2098,0,0,0,1,0,1,4,4,0,0,0,0,1,1,0,0,,0,0,0,0,0,form-focused
html,html_10286.html,1905,0,0,0,0,0,1,0,1,0,0,0,0,0,1,0,0,,0,0,0,0,0,card-heavy-modern
html,html_6542.html,1361,0,0,0,0,0,0,9,0,0,0,0,0,0,1,0,0,,0,0,0,0,0,card-heavy-modern
html,html_5988.html,1778,1,0,0,1,0,2,4,1,0,0,0,0,1,1,0,0,,0,0,0,0,0,form-focused
html,html_173.html,1458,1,0,0,1,0,1,3,1,0,0,0,0,1,0,0,0,,0,0,0,0,0,form-focused
html,html_779.html,1289,1,0,0,0,0,0,0,3,0,0,0,0,1,0,1,0,,0,0,0,0,0,form-focused
html,html_9324.html,1513,0,0,0,1,0,1,3,2,0,0,0,0,0,0,0,0,,0,0,0,0,0,card-heavy-modern
html,html_2749.html,1998,0,0,0,2,0,1,7,1,0,0,0,0,1,1,0,0,,0,0,0,0,0,form-focused
html,html_12522.html,1591,0,0,0,0,0,1,0,2,0,0,0,0,0,0,0,0,,0,0,0,0,0,card-heavy-modern
html,html_5957.html,1721,0,0,0,1,0,1,3,1,0,0,0,0,1,1,0,0,,0,0,0,0,0,form-focused
html,html_7332.html,1528,0,0,0,1,0,0,5,1,0,0,0,0,0,1,0,0,,0,0,0,0,0,card-heavy-modern
html,html_12101.html,1099,0,0,0,1,0,0,8,0,0,0,0,0,1,0,1,0,,0,0,0,0,0,form-focused
html,html_2726.html,2138,0,0,0,1,0,1,5,1,0,0,0,0,0,0,0,0,,0,0,0,0,0,card-heavy-modern
html,html_12555.html,2657,0,0,0,1,0,0,5,1,0,0,0,0,1,1,0,0,,0,0,0,0,0,form-focused
html,html_2428.html,1992,0,0,3,0,0,1,0,4,0,0,0,0,0,0,0,0,,0,0,0,0,0,card-heavy-modern
html,html_6867.html,2088,1,0,3,1,0,0,3,3,0,0,0,0,1,1,0,0,,0,0,0,0,0,form-focused
html,html_8045.html,1711,0,0,0,0,0,0,0,0,0,0,0,0,0,0,0,0,,0,0,0,0,0,card-heavy-modern
html,html_11600.html,1134,1,0,1,0,0,1,1,1,0,0,0,0,0,0,1,0,,0,0,0,0,0,image-rich-gallery
html,html_4532.html,1702,0,0,0,0,0,2,0,3,0,0,0,0,0,1,0,0,,0,0,0,0,0,card-heavy-modern
html,html_9028.html,1458,2,0,0,0,0,0,0,1,0,0,0,0,0,1,0,0,,0,0,0,0,0,card-heavy-modern
html,html_9769.html,1598,0,0,0,1,0,0,4,4,0,0,0,0,1,1,0,0,,0,0,0,0,0,form-focused
html,html_3239.html,1496,0,0,0,1,0,0,3,1,0,0,0,0,1,0,0,0,,0,0,0,0,0,form-focused
html,html_7829.html,2008,1,0,2,1,0,1,4,2,0,0,0,0,1,0,0,0,,0,0,0,0,0,form-focused
html,html_5380.html,2990,0,0,4,1,0,0,3,4,0,0,0,0,1,1,0,0,,0,0,0,0,0,form-focused
html,html_9627.html,940,0,0,0,0,0,0,0,0,0,0,0,0,1,1,0,0,,0,0,0,0,0,form-focused
html,html_13763.html,1818,0,0,0,1,0,1,8,1,0,0,0,0,1,1,0,0,,0,0,0,0,0,form-focused
html,html_13328.html,1437,0,0,0,1,0,0,6,2,0,0,0,0,1,0,0,0,,0,0,0,0,0,form-focused
html,html_13936.html,1432,2,0,0,1,1,0,4,3,0,0,1,0,0,0,0,0,,0,0,0,0,0,form-focused
html,html_5782.html,941,0,0,0,0,0,0,0,1,0,0,0,0,0,0,0,0,,0,0,0,0,0,card-heavy-modern
html,html_2617.html,1030,0,0,4,0,0,0,0,5,0,0,1,0,1,0,1,0,,0,0,0,0,0,form-focused
html,html_1853.html,1545,1,0,4,1,0,2,4,3,1,0,1,0,1,0,0,0,,0,0,0,0,0,form-focused
html,html_401.html,2578,1,0,0,1,0,0,3,1,0,0,0,0,1,0,0,0,,0,0,0,0,0,form-focused
html,html_666.html,1146,0,0,0,0,0,0,0,1,0,0,0,0,0,0,0,0,,0,0,0,0,0,card-heavy-modern
html,html_3361.html,1165,0,0,0,0,0,0,4,0,0,0,0,0,0,0,0,0,,0,0,0,0,0,card-heavy-modern
html,html_10824.html,1162,0,0,3,0,0,0,0,4,0,0,1,0,0,1,0,0,,0,0,0,0,0,card-heavy-modern
html,html_12675.html,2278,0,0,4,1,0,0,4,4,1,0,0,0,1,1,0,0,,0,0,0,0,0,form-focused
html,html_13886.html,1835,0,0,0,1,0,1,5,1,1,0,0,0,1,1,0,0,,0,0,0,0,0,form-focused
html,html_7397.html,2256,1,0,0,1,1,0,7,1,0,0,0,0,1,1,0,0,,0,0,0,0,0,form-focused
html,html_14561.html,1403,1,0,0,0,0,1,0,2,0,0,0,0,0,0,0,0,,0,0,0,0,0,card-heavy-modern
html,html_4278.html,1249,0,0,1,0,0,1,0,2,0,0,0,0,0,0,0,0,,0,0,0,0,0,card-heavy-modern
html,html_7335.html,1836,1,0,0,1,0,1,0,0,0,0,0,0,0,1,0,0,,0,0,0,0,0,card-heavy-modern
html,html_11840.html,1929,0,0,1,1,0,2,3,1,1,0,0,0,0,0,0,0,,0,0,0,0,0,card-heavy-modern
html,html_891.html,1477,1,0,0,0,0,1,0,3,0,0,1,0,0,0,0,0,,0,0,0,0,0,card-heavy-modern
html,html_2695.html,2111,1,0,5,1,0,1,5,5,0,1,1,1,0,1,0,0,,0,0,0,0,0,card-heavy-modern
html,html_8161.html,2345,1,0,0,1,0,0,4,1,0,0,0,0,1,1,0,0,,0,0,0,0,0,form-focused
html,html_9254.html,2492,0,0,0,1,0,0,3,4,0,0,0,0,1,0,0,0,,0,0,0,0,0,form-focused
html,html_3001.html,1044,1,0,0,1,0,0,4,1,0,0,0,0,1,0,0,0,,0,0,0,0,0,form-focused
html,html_10457.html,917,1,0,0,1,0,0,6,1,0,0,0,0,1,1,0,0,,0,0,0,0,0,form-focused
html,html_5374.html,1404,0,0,1,1,0,1,4,3,0,0,1,0,0,1,0,0,,0,0,0,0,0,card-heavy-modern
html,html_6153.html,1582,2,0,0,0,1,1,0,2,0,0,0,0,1,1,0,0,,0,0,0,0,0,form-focused
html,html_1423.html,1611,0,0,0,1,0,1,4,2,0,0,0,0,1,0,0,0,,0,0,0,0,0,form-focused
html,html_3564.html,1574,0,0,2,0,0,1,0,4,0,0,0,0,0,0,0,0,,0,0,0,0,0,card-heavy-modern
html,html_11186.html,2588,0,0,5,1,0,0,3,5,0,0,0,0,0,0,0,0,,0,0,0,0,0,card-heavy-modern
html,html_5420.html,1817,0,0,0,1,0,1,0,4,0,0,1,0,1,0,0,0,,0,0,0,0,0,form-focused
html,html_12968.html,867,1,0,0,0,0,1,0,1,0,0,0,0,0,0,0,0,,0,0,0,0,0,card-heavy-modern
html,html_7838.html,939,0,0,0,0,0,1,0,1,0,0,0,0,0,0,0,0,,0,0,0,0,0,card-heavy-modern
html,html_2179.html,2134,1,0,0,1,1,0,4,4,0,0,0,0,1,0,0,0,,0,0,0,0,0,form-focused
html,html_3411.html,2543,0,0,0,1,0,1,5,1,0,0,0,0,1,0,0,0,,0,0,0,0,0,form-focused
html,html_12736.html,1492,0,0,0,0,1,1,0,5,0,0,0,0,1,0,0,0,,0,0,0,0,0,form-focused
html,html_4790.html,1228,0,0,0,0,0,0,0,1,0,0,1,0,0,0,0,0,,0,0,0,0,0,card-heavy-modern
html,html_6568.html,1464,0,0,0,1,0,0,5,3,0,0,0,0,1,1,0,0,,0,0,0,0,0,form-focused
html,html_616.html,1762,0,0,3,1,0,0,3,3,0,0,0,0,0,1,1,0,,0,0,0,0,0,card-heavy-modern
html,html_13939.html,1756,0,0,0,0,0,0,3,2,0,0,0,0,1,1,0,0,,0,0,0,0,0,form-focused
html,html_1278.html,1076,0,0,0,1,0,2,4,0,0,0,0,0,1,1,0,0,,0,0,0,0,0,form-focused
html,html_380.html,2108,0,0,0,0,0,0,1,1,0,0,0,0,0,1,1,0,,0,0,0,0,0,card-heavy-modern
html,html_9127.html,1330,0,0,0,0,0,0,0,1,0,0,0,0,0,0,0,0,,0,0,0,0,0,card-heavy-modern
html,html_3711.html,2898,2,0,0,1,1,0,7,3,0,0,0,0,1,0,0,0,,0,0,0,0,0,form-focused
html,html_11322.html,1712,1,0,0,1,0,0,3,1,0,0,0,0,1,1,0,0,,0,0,0,0,0,form-focused
html,html_3058.html,792,0,0,0,0,0,0,0,1,0,0,0,0,0,0,0,0,,0,0,0,0,0,card-heavy-modern
html,html_12403.html,1146,0,0,0,0,0,0,0,2,0,0,0,0,0,1,0,0,,0,0,0,0,0,card-heavy-modern
html,html_8357.html,1043,0,0,0,0,0,1,3,2,1,0,0,0,0,0,0,0,,0,0,0,0,0,card-heavy-modern
html,html_6217.html,2441,1,0,0,1,1,1,3,4,0,0,0,0,0,0,0,0,,0,0,0,0,0,form-focused
html,html_7329.html,2463,0,0,0,1,0,2,0,1,0,0,0,0,1,0,0,0,,0,0,0,0,0,form-focused
html,html_9992.html,1614,0,0,0,1,0,1,4,1,0,0,0,0,0,0,0,0,,0,0,0,0,0,card-heavy-modern
html,html_1951.html,2386,0,0,0,1,0,0,3,0,0,0,0,0,1,1,0,0,,0,0,0,0,0,form-focused
html,html_9035.html,1121,1,0,0,1,0,0,0,1,0,0,0,0,0,0,0,0,,0,0,0,0,0,card-heavy-modern
html,html_8075.html,1880,0,0,0,1,0,5,0,1,0,0,0,0,0,0,0,0,,0,0,0,0,0,card-heavy-modern
html,html_13806.html,2626,0,0,1,1,0,5,5,4,0,0,0,0,0,0,0,0,,0,0,0,0,0,card-heavy-modern
html,html_11539.html,1407,1,0,0,0,0,0,0,3,0,0,0,0,1,0,0,0,,0,0,0,0,0,form-focused
html,html_4014.html,1300,0,0,1,0,0,0,0,3,0,0,0,0,0,0,0,0,,0,0,0,0,0,card-heavy-modern
html,html_9020.html,2061,0,0,2,1,0,0,4,2,0,0,0,0,1,0,0,0,,0,0,0,0,0,form-focused
html,html_1064.html,855,1,0,1,0,0,1,0,1,0,0,1,0,1,1,0,0,,0,0,0,0,0,form-focused
html,html_7075.html,1187,0,0,1,0,0,1,0,3,0,0,0,0,0,1,0,0,,0,0,0,0,0,card-heavy-modern
html,html_5639.html,1184,0,0,0,0,0,0,0,1,0,0,1,0,0,0,0,0,,0,0,0,0,0,card-heavy-modern
html,html_11778.html,1488,2,0,0,1,0,0,0,1,0,0,0,0,0,1,0,0,,0,0,0,0,0,card-heavy-modern
html,html_10429.html,1919,0,0,0,1,0,1,3,1,0,0,0,0,0,1,0,0,,0,0,0,0,0,card-heavy-modern
html,html_14991.html,1775,1,0,0,1,0,0,3,1,0,0,0,0,0,0,0,0,,0,0,0,0,0,card-heavy-modern
html,html_5004.html,2358,0,0,0,2,0,2,7,1,0,0,0,0,1,1,0,0,,0,0,0,0,0,form-focused
html,html_8970.html,1510,0,0,0,1,0,2,4,2,0,0,0,0,0,0,0,0,,0,0,0,0,0,card-heavy-modern
html,html_5608.html,2122,1,0,0,1,0,0,3,1,0,0,0,0,1,1,0,0,,0,0,0,0,0,form-focused
html,html_11173.html,1607,0,0,0,1,0,2,5,1,0,0,0,0,1,0,1,0,,0,0,0,0,0,form-focused
html,html_547.html,1783,0,0,0,1,0,1,4,1,0,0,0,0,1,0,0,0,,0,0,0,0,0,form-focused
html,html_11495.html,1319,0,0,0,1,0,1,4,1,0,0,0,0,1,0,1,0,,0,0,0,0,0,form-focused
html,html_8497.html,1678,0,0,0,0,0,1,0,3,0,0,0,0,0,0,0,0,,0,0,0,0,0,card-heavy-modern
html,html_1013.html,2449,0,0,1,1,0,2,4,1,0,0,0,0,1,1,0,0,,0,0,0,0,0,form-focused
html,html_6326.html,2353,2,0,2,0,1,4,0,6,0,0,0,0,0,1,0,0,,0,0,0,0,0,form-focused
html,html_2354.html,2582,0,0,0,1,0,1,10,0,0,0,0,0,1,0,0,0,,0,0,0,0,0,form-focused
html,html_10915.html,2700,0,0,0,1,0,2,3,3,0,0,0,0,1,1,0,0,,0,0,0,0,0,form-focused
html,html_6070.html,1962,0,0,0,1,0,0,4,0,0,0,0,0,1,0,0,0,,0,0,0,0,0,form-focused
html,html_6218.html,2727,0,0,0,1,0,1,3,3,0,0,0,0,0,0,0,1,#fac,0,0,0,0,0,card-heavy-modern
html,html_14466.html,1549,0,0,2,1,0,2,4,2,0,0,0,0,1,0,0,0,,0,0,0,0,0,form-focused
html,html_3930.html,1224,0,0,3,1,0,0,3,4,0,0,0,0,0,0,0,0,,0,0,0,0,0,card-heavy-modern
html,html_4755.html,1979,0,0,0,0,0,0,0,5,0,0,1,0,1,0,0,0,,0,0,0,0,0,form-focused
html,html_11127.html,1700,0,0,0,1,0,0,3,2,0,0,0,0,1,0,0,0,,0,0,0,0,0,form-focused
html,html_12816.html,1580,1,0,0,1,0,1,12,0,0,0,0,0,1,1,0,0,,0,0,0,0,0,form-focused
html,html_11813.html,2053,0,0,1,1,0,0,9,1,0,0,0,0,1,1,0,0,,0,0,0,0,0,form-focused
html,html_10879.html,2573,0,0,0,0,0,2,0,5,0,0,0,0,1,0,0,0,,0,0,0,0,0,form-focused
html,html_9549.html,1463,0,0,0,1,0,1,3,1,0,0,0,0,1,1,0,0,,0,0,0,0,0,form-focused
html,html_2731.html,2077,0,0,5,1,0,0,5,5,0,0,0,0,1,0,0,0,,0,0,0,0,0,form-focused
html,html_7104.html,2112,0,0,0,1,0,2,4,1,0,0,0,0,1,1,0,0,,0,0,0,0,0,form-focused
html,html_1828.html,2055,0,0,5,1,0,1,5,5,0,0,1,0,1,0,0,0,,0,0,0,0,0,form-focused
html,html_2497.html,832,0,0,3,0,0,0,0,4,0,0,0,0,1,0,0,0,,0,0,0,0,0,form-focused
html,html_13322.html,1537,0,0,0,1,0,2,4,1,0,0,0,0,1,1,0,0,,0,0,0,0,0,form-focused
html,html_2367.html,1196,0,0,1,0,0,0,0,2,0,0,0,0,0,1,1,0,,0,0,0,0,0,card-heavy-modern
html,html_329.html,1418,1,0,0,0,0,0,0,1,0,0,0,0,0,1,0,0,,0,0,0,0,0,card-heavy-modern
html,html_634.html,1679,0,0,0,1,0,0,4,1,0,0,0,0,1,1,0,0,,0,0,0,0,0,form-focused
html,html_6851.html,3361,0,0,1,1,0,1,7,1,0,0,0,0,0,1,1,0,,0,0,0,0,0,image-rich-gallery
html,html_8934.html,1940,0,0,0,0,0,0,0,4,0,0,0,0,1,0,0,0,,0,0,0,0,0,form-focused
html,html_10485.html,1168,0,0,0,1,0,0,0,2,0,0,1,0,1,1,0,0,,0,0,0,0,0,form-focused
html,html_8220.html,2292,1,0,0,1,0,0,3,1,0,0,0,0,1,0,0,0,,0,0,0,0,0,form-focused
html,html_100.html,1297,0,0,3,1,0,1,3,3,0,1,0,0,0,0,0,1,#fea,0,0,0,0,0,card-heavy-modern
html,html_7143.html,1261,0,0,0,1,0,0,4,1,0,0,0,0,1,0,0,0,,0,0,0,0,0,form-focused
html,html_14947.html,880,1,0,1,0,0,0,0,2,0,0,0,0,0,0,0,0,,0,0,0,0,0,card-heavy-modern
html,html_3000.html,1035,0,0,0,0,0,0,0,1,0,0,0,0,0,0,0,0,,0,0,0,0,0,card-heavy-modern
html,html_3128.html,2316,0,0,0,0,0,1,0,4,0,0,0,0,0,0,0,0,,0,0,0,0,0,card-heavy-modern
html,html_10211.html,2367,0,0,0,1,0,1,5,1,0,0,0,0,1,1,0,0,,0,0,0,0,0,form-focused
html,html_1216.html,2373,0,0,3,1,0,0,3,3,0,0,0,0,1,0,0,0,,0,0,0,0,0,form-focused
html,html_8385.html,1723,0,0,3,1,0,0,0,3,0,0,1,0,1,0,0,0,,0,0,0,0,0,form-focused
html,html_14576.html,1618,0,0,0,1,0,0,7,2,0,0,0,0,1,1,0,0,,0,0,0,0,0,form-focused
html,html_9670.html,1743,0,0,0,0,0,0,0,0,0,0,0,0,0,0,1,0,,0,0,0,0,0,card-heavy-modern
html,html_7974.html,1548,0,0,0,1,0,1,4,3,0,0,0,0,1,1,0,0,,0,0,0,0,0,form-focused
html,html_4369.html,2589,0,0,2,1,0,3,5,5,0,0,0,0,1,1,0,0,,0,0,0,0,0,form-focused
html,html_5861.html,1146,0,0,0,0,0,0,0,4,0,0,1,0,0,1,0,0,,0,0,0,0,0,card-heavy-modern
html,html_8122.html,1298,0,0,0,0,0,0,0,3,0,0,0,0,0,0,0,0,,0,0,0,0,0,card-heavy-modern
html,html_4506.html,1386,0,0,3,0,0,2,0,6,0,0,1,0,1,0,0,0,,0,0,0,0,0,form-focused
html,html_3454.html,2022,1,0,0,1,0,1,3,1,0,0,0,0,1,0,0,0,,0,0,0,0,0,form-focused
html,html_14900.html,1576,0,0,0,1,0,0,7,3,0,0,0,1,1,1,0,0,,0,0,0,0,0,form-focused
html,html_3611.html,1392,0,0,1,1,0,1,3,3,0,0,0,0,1,0,0,0,,0,0,0,0,0,form-focused
html,html_1298.html,3176,1,0,0,1,0,0,3,1,0,0,0,0,1,0,0,0,,0,0,0,0,0,form-focused
html,html_7556.html,2020,0,0,1,1,0,1,3,1,0,0,0,0,1,0,0,0,,0,0,0,0,0,form-focused
html,html_11775.html,2015,0,0,1,1,0,1,4,1,0,1,0,0,0,1,0,0,,0,0,0,0,0,card-heavy-modern
html,html_6951.html,1990,0,0,0,0,0,1,0,4,0,0,0,0,1,0,1,0,,0,0,0,0,0,form-focused
html,html_14099.html,1368,0,0,0,1,0,0,3,1,0,0,0,0,1,0,1,0,,0,0,0,0,0,form-focused
html,html_6233.html,1463,0,0,0,1,0,1,4,1,1,0,0,0,1,1,0,0,,0,0,0,0,0,form-focused
html,html_6049.html,1831,0,0,0,1,0,0,4,2,0,0,0,0,1,1,0,0,,0,0,0,0,0,form-focused
html,html_9667.html,1402,0,0,3,1,0,0,5,3,0,0,0,0,1,0,0,0,,0,0,0,0,0,form-focused
html,html_7427.html,1308,0,0,2,1,0,1,3,2,0,0,0,0,0,1,0,0,,0,0,0,0,0,card-heavy-modern
html,html_4980.html,1885,0,0,3,1,0,1,3,3,0,0,0,0,0,0,0,0,,0,0,0,0,0,card-heavy-modern
html,html_3480.html,2440,3,0,3,1,0,1,3,3,0,0,1,0,0,1,1,0,,0,0,0,0,0,image-rich-gallery
html,html_2512.html,1022,0,0,2,0,0,0,0,4,0,0,0,0,0,0,0,0,,0,0,0,0,0,card-heavy-modern
html,html_3780.html,1854,1,0,1,0,0,0,0,5,0,0,0,0,1,1,0,0,,0,0,0,0,0,form-focused
html,html_11129.html,2040,1,0,3,0,1,2,3,4,0,1,1,1,0,0,0,0,,0,0,0,0,0,form-focused
html,html_474.html,1737,1,0,0,1,0,0,2,1,0,0,0,0,0,0,0,0,,0,0,0,0,0,card-heavy-modern
html,html_5440.html,2460,1,0,0,0,0,0,0,4,0,0,0,0,1,0,0,0,,0,0,0,0,0,form-focused
html,html_14602.html,700,1,0,0,0,0,0,0,1,0,0,0,0,0,0,0,0,,0,0,0,0,0,card-heavy-modern
html,html_7660.html,2078,0,0,1,0,0,2,3,3,0,0,0,0,1,1,0,0,,0,0,0,0,0,form-focused
html,html_5406.html,2359,1,0,0,1,0,1,4,1,0,0,0,0,1,1,0,0,,0,0,0,0,0,form-focused
html,html_1449.html,1523,0,0,3,1,0,1,3,3,0,0,1,0,0,0,0,0,,0,0,0,0,0,card-heavy-modern
html,html_14719.html,1870,0,0,0,0,0,2,0,3,0,0,0,0,0,0,1,0,,0,0,0,0,0,image-rich-gallery
html,html_13627.html,1508,0,0,0,0,0,2,0,2,1,0,0,0,0,0,0,0,,0,0,0,0,0,card-heavy-modern
html,html_1456.html,1381,0,0,0,0,0,0,0,3,0,0,0,1,1,1,0,0,,0,0,0,0,0,form-focused
html,html_3015.html,1449,0,0,0,1,0,0,3,1,0,0,0,0,1,0,0,0,,0,0,0,0,0,form-focused
html,html_10561.html,1232,1,0,0,1,0,1,4,1,0,0,0,0,1,1,0,0,,0,0,0,0,0,form-focused
html,html_2008.html,2192,0,0,0,1,0,2,9,0,0,0,0,0,1,1,0,0,,0,0,0,0,0,form-focused
html,html_1761.html,2004,0,0,0,1,0,1,3,1,0,0,0,0,1,1,0,0,,0,0,0,0,0,form-focused
html,html_11507.html,2164,0,0,3,1,0,0,3,3,0,0,0,0,1,1,1,0,,0,0,0,0,0,form-focused
html,html_8364.html,1967,0,0,0,1,0,1,4,2,0,0,0,0,1,1,0,0,,0,0,0,0,0,form-focused
html,html_3792.html,1103,0,0,1,1,0,1,4,0,0,0,0,0,1,0,0,0,,0,0,0,0,0,form-focused
html,html_10968.html,2290,0,0,0,0,0,0,3,4,0,0,0,0,0,0,0,0,,0,0,0,0,0,card-heavy-modern
html,html_9529.html,1011,0,0,0,1,0,1,4,0,0,0,0,0,1,0,0,0,,0,0,0,0,0,form-focused
html,html_12504.html,2079,0,0,3,1,0,1,6,3,0,0,0,0,0,0,0,1,#fea,0,0,0,0,0,card-heavy-modern
html,html_4695.html,3243,0,0,2,1,0,0,4,3,0,0,0,0,1,0,0,0,,0,0,0,0,0,form-focused
html,html_477.html,859,0,0,3,0,0,0,0,4,0,0,0,0,0,0,0,0,,0,0,0,0,0,card-heavy-modern
html,html_7672.html,1072,0,0,0,0,0,1,0,1,0,0,0,0,0,1,0,0,,0,0,0,0,0,card-heavy-modern
html,html_7963.html,1676,1,0,1,1,0,2,5,1,1,0,0,0,1,1,0,0,,0,0,0,0,0,form-focused
html,html_176.html,1258,0,0,0,0,0,1,1,1,0,0,0,0,0,0,1,0,,0,0,0,0,0,image-rich-gallery
html,html_407.html,1177,0,0,0,1,0,1,0,1,0,0,0,0,0,0,0,0,,0,0,0,0,0,card-heavy-modern
html,html_8054.html,1371,0,0,0,1,0,1,4,1,0,0,0,0,1,0,0,0,,0,0,0,0,0,form-focused
html,html_14663.html,2031,0,0,0,1,0,1,7,1,0,0,0,0,1,1,0,0,,0,0,0,0,0,form-focused
html,html_565.html,2245,1,0,0,0,1,1,0,3,0,0,0,0,0,0,1,0,,0,0,0,0,0,form-focused
html,html_12175.html,1692,0,0,0,1,0,1,4,2,1,0,0,0,1,1,0,0,,0,0,0,0,0,form-focused
html,html_14741.html,1950,0,0,1,1,0,1,7,1,0,0,1,0,0,0,0,0,,0,0,0,0,0,card-heavy-modern
html,html_11451.html,1283,0,0,3,1,0,0,3,4,0,0,1,0,1,0,0,1,#fea,0,0,0,0,0,form-focused
html,html_5131.html,890,0,0,0,0,0,0,0,1,0,0,0,0,0,0,0,0,,0,0,0,0,0,card-heavy-modern
html,html_9032.html,1292,0,0,0,1,0,2,6,1,1,0,0,0,1,1,0,0,,0,0,0,0,0,form-focused
html,html_7929.html,1445,1,0,1,1,0,1,4,1,0,0,0,0,1,1,0,0,,0,0,0,0,0,form-focused
html,html_9865.html,962,0,0,0,0,0,0,0,1,0,0,0,0,0,0,0,0,,0,0,0,0,0,card-heavy-modern
html,html_6176.html,2906,3,0,2,1,0,1,5,4,1,0,0,0,1,1,0,0,,0,0,0,0,0,form-focused
html,html_7185.html,887,1,0,0,0,0,0,0,1,0,0,0,0,0,0,0,0,,0,0,0,0,0,card-heavy-modern
html,html_11177.html,865,0,0,0,0,0,0,0,1,0,0,0,0,0,0,0,0,,0,0,0,0,0,card-heavy-modern
html,html_8478.html,1488,1,0,0,1,1,0,3,2,0,0,0,0,1,1,0,0,,0,0,0,0,0,form-focused
html,html_11748.html,2204,1,0,0,1,0,0,3,1,0,0,1,0,0,1,1,0,,0,0,0,0,0,card-heavy-modern
html,html_276.html,1437,0,0,0,1,0,1,6,1,0,0,0,0,1,0,0,0,,0,0,0,0,0,form-focused
html,html_11192.html,1639,0,0,0,0,0,0,0,0,0,0,0,0,1,1,0,0,,0,0,0,0,0,form-focused
html,html_11996.html,2367,1,0,0,1,0,0,3,4,0,0,0,0,0,1,0,0,,0,0,0,0,0,card-heavy-modern
html,html_14789.html,1433,0,0,0,1,0,0,4,4,0,0,1,0,0,0,0,0,,0,0,0,0,0,card-heavy-modern
html,html_1583.html,2117,0,0,4,1,0,0,4,5,0,0,0,0,0,0,0,0,,0,0,0,0,0,card-heavy-modern
html,html_12212.html,1733,0,0,0,0,0,0,1,3,0,0,1,0,0,0,0,0,,0,0,0,0,0,card-heavy-modern
html,html_12714.html,1426,0,0,0,1,0,0,4,2,0,0,0,0,1,1,0,0,,0,0,0,0,0,form-focused
html,html_10932.html,2471,0,0,0,1,0,0,3,0,0,0,0,0,1,1,0,0,,0,0,0,0,0,form-focused
html,html_10313.html,1387,1,0,2,0,0,0,0,6,0,0,0,0,0,1,0,0,,0,0,0,0,0,card-heavy-modern
html,html_11436.html,954,0,0,0,0,0,0,0,1,0,0,0,0,0,1,0,0,,0,0,0,0,0,card-heavy-modern
html,html_12948.html,1209,0,0,0,0,0,0,0,0,0,0,0,0,0,1,0,0,,0,0,0,0,0,card-heavy-modern
html,html_14929.html,3618,0,0,0,1,0,0,6,0,0,0,0,0,1,1,0,0,,0,0,0,0,0,form-focused
html,html_8553.html,1278,0,0,0,0,0,1,0,2,0,0,0,0,1,1,0,0,,0,0,0,0,0,form-focused
html,html_10891.html,911,1,0,1,0,0,0,0,2,0,0,0,0,1,0,0,0,,0,0,0,0,0,form-focused
html,html_10461.html,1440,1,0,0,0,0,0,0,3,0,0,0,0,0,1,0,0,,0,0,0,0,0,card-heavy-modern
html,html_6013.html,1093,0,0,0,0,0,0,0,5,0,0,0,0,0,1,0,0,,0,0,0,0,0,card-heavy-modern
html,html_4974.html,1372,0,0,0,0,0,0,0,2,0,0,0,0,0,0,0,0,,0,0,0,0,0,card-heavy-modern
html,html_4829.html,1511,1,0,2,0,0,1,3,1,0,0,0,0,1,0,0,0,,0,0,0,0,0,form-focused
html,html_11300.html,3055,1,0,3,1,0,0,3,4,0,0,0,0,0,0,0,0,,0,0,0,0,0,card-heavy-modern
html,html_1294.html,1429,0,0,0,1,0,1,4,3,0,0,0,0,0,0,0,0,,0,0,0,0,0,card-heavy-modern
html,html_10720.html,1784,0,0,0,0,0,1,1,3,0,0,0,0,0,0,0,0,,0,0,0,0,0,card-heavy-modern
html,html_14101.html,1639,1,0,0,1,0,1,10,1,0,0,0,0,1,1,0,0,,0,0,0,0,0,form-focused
html,html_4893.html,1693,0,0,0,1,0,1,4,1,0,0,0,0,1,0,0,0,,0,0,0,0,0,form-focused
html,html_11231.html,1241,0,0,0,0,0,0,0,2,0,0,0,0,1,0,0,0,,0,0,0,0,0,form-focused
html,html_11122.html,2011,0,0,1,1,0,1,4,1,0,0,0,0,1,1,0,0,,0,0,0,0,0,form-focused
html,html_730.html,1769,0,0,0,1,0,1,3,1,0,0,0,0,1,0,0,0,,0,0,0,0,0,form-focused
html,html_6210.html,1892,1,0,0,0,0,0,0,5,0,0,0,0,0,0,0,0,,0,0,0,0,0,card-heavy-modern
html,html_12358.html,1910,0,0,3,1,0,0,4,4,0,0,0,1,1,1,0,0,,0,0,0,0,0,form-focused
html,html_3364.html,1294,1,0,0,0,0,1,0,1,0,0,0,0,0,0,0,0,,0,0,0,0,0,card-heavy-modern
html,html_6644.html,770,1,0,0,0,0,0,0,1,0,0,0,0,0,0,0,0,,0,0,0,0,0,card-heavy-modern
html,html_10523.html,1477,0,0,2,1,0,0,3,4,0,0,0,0,0,0,0,0,,0,0,0,0,0,card-heavy-modern
html,html_14831.html,2867,0,0,0,0,0,3,0,3,0,0,1,0,0,0,0,0,,0,0,0,0,0,card-heavy-modern
html,html_933.html,974,0,0,1,0,0,0,0,4,0,0,0,0,0,0,0,0,,0,0,0,0,0,card-heavy-modern
html,html_10856.html,1902,1,0,2,1,0,1,4,3,0,0,0,0,1,1,0,0,,0,0,0,0,0,form-focused
html,html_12493.html,1933,0,0,4,1,0,1,4,8,0,0,0,0,1,0,0,1,#fac,0,0,0,0,0,form-focused
html,html_7508.html,2518,0,0,0,1,1,0,3,0,0,0,0,0,1,1,0,0,,0,0,0,0,0,form-focused
html,html_11631.html,1370,0,0,2,0,0,0,0,3,0,0,0,0,0,0,1,0,,0,0,0,0,0,card-heavy-modern
html,html_12562.html,1793,1,0,0,0,0,3,0,4,0,0,0,0,0,0,1,0,,0,0,0,0,0,image-rich-gallery
html,html_4498.html,1897,0,0,0,2,0,2,13,0,0,0,0,0,1,0,0,0,,0,0,0,0,0,form-focused
html,html_11716.html,1733,0,0,0,0,0,0,0,0,0,0,0,0,0,1,0,0,,0,0,0,0,0,card-heavy-modern
html,html_13678.html,1328,1,0,0,1,0,3,4,0,1,0,0,0,1,0,0,0,,0,0,0,0,0,form-focused
html,html_7922.html,1874,1,0,0,1,1,1,4,1,0,1,0,0,1,0,0,0,,0,0,0,0,0,form-focused
html,html_14108.html,1872,1,0,0,1,0,1,0,3,0,0,0,0,1,1,0,0,,0,0,0,0,0,form-focused
html,html_6358.html,2377,1,0,1,1,1,0,3,3,0,0,1,0,1,1,0,0,,0,0,0,0,0,form-focused
html,html_3105.html,1009,0,0,0,0,0,0,0,1,0,0,0,0,0,1,0,0,,0,0,0,0,0,card-heavy-modern
html,html_11176.html,1183,0,0,0,1,0,1,4,1,0,0,0,0,1,1,0,0,,0,0,0,0,0,form-focused
html,html_122.html,1631,0,0,0,1,0,1,3,1,0,0,0,0,0,1,0,0,,0,0,0,0,0,card-heavy-modern
html,html_2236.html,1535,0,0,0,0,0,1,4,4,0,0,1,0,1,0,0,0,,0,0,0,0,0,form-focused
html,html_14970.html,2124,0,0,2,1,0,1,4,2,0,0,0,0,1,1,0,0,,0,0,0,0,0,form-focused
html,html_10631.html,1482,0,0,0,1,0,2,4,1,0,0,0,0,1,1,0,0,,0,0,0,0,0,form-focused
html,html_1697.html,1872,0,0,0,1,0,1,5,1,1,0,0,0,1,0,0,0,,0,0,0,0,0,form-focused
html,html_788.html,1806,0,0,0,1,0,3,4,1,0,0,0,0,1,0,1,0,,0,0,0,0,0,form-focused
html,html_9575.html,2217,0,0,3,0,0,0,0,5,0,0,1,0,0,1,0,0,,0,0,0,0,0,card-heavy-modern
html,html_10531.html,3680,1,0,1,1,0,0,6,4,0,0,0,0,1,1,0,0,,0,0,0,0,0,form-focused
html,html_9374.html,1961,2,0,2,1,0,1,8,2,0,0,0,1,1,1,0,0,,0,0,0,0,0,form-focused
html,html_801.html,1049,0,0,0,0,0,0,1,1,0,0,0,0,0,0,0,0,,0,0,0,0,0,card-heavy-modern
html,html_8804.html,1188,0,0,0,1,0,0,0,4,0,0,0,0,0,0,0,0,,0,0,0,0,0,card-heavy-modern
html,html_12337.html,1165,1,1,0,0,1,0,0,5,0,0,1,0,1,0,0,0,,0,0,0,0,0,form-focused
html,html_10094.html,1136,0,0,2,0,0,0,0,3,0,0,0,0,1,0,0,0,,0,0,0,0,0,form-focused
html,html_1156.html,2917,0,0,0,0,0,0,0,0,0,0,0,0,0,1,0,0,,0,0,0,0,0,card-heavy-modern
html,html_9108.html,1697,0,0,0,1,0,0,3,0,0,0,0,0,1,1,0,0,,0,0,0,0,0,form-focused
html,html_2414.html,1826,0,0,1,1,0,1,12,1,0,0,0,0,0,0,0,0,,0,0,0,0,0,card-heavy-modern
html,html_10123.html,1564,0,0,0,0,0,0,0,0,0,0,0,0,0,1,0,0,,0,0,0,0,0,card-heavy-modern
html,html_6849.html,922,1,0,2,0,0,0,0,3,0,0,0,0,0,1,0,0,,0,0,0,0,0,card-heavy-modern
html,html_14794.html,1393,1,0,0,0,0,1,0,1,0,0,0,0,0,1,0,0,,0,0,0,0,0,card-heavy-modern
html,html_10277.html,1619,0,0,0,1,0,1,7,5,0,0,1,0,1,1,0,0,,0,0,0,0,0,form-focused
html,html_10964.html,1372,1,0,0,1,0,0,4,1,0,0,0,0,1,1,0,0,,0,0,0,0,0,form-focused
html,html_3870.html,2122,1,0,0,1,1,1,7,3,0,0,0,0,1,1,0,0,,0,0,0,0,0,form-focused
html,html_7704.html,1169,0,0,0,1,0,0,0,1,1,0,0,0,0,0,0,0,,0,0,0,0,0,card-heavy-modern
html,html_7762.html,1648,1,0,0,0,0,1,0,5,0,0,0,0,0,0,0,0,,0,0,0,0,0,card-heavy-modern
html,html_9639.html,1280,1,0,1,1,0,0,4,1,0,0,0,0,1,1,0,0,,0,0,0,0,0,form-focused
html,html_887.html,1946,0,0,0,1,0,0,4,1,0,0,0,0,1,1,0,0,,0,0,0,0,0,form-focused
html,html_2290.html,1381,1,0,3,1,0,0,3,3,0,0,1,0,0,1,0,0,,0,0,0,0,0,card-heavy-modern
html,html_8366.html,944,0,1,0,1,0,0,0,1,0,0,0,0,0,0,0,0,,0,0,0,0,0,card-heavy-modern
html,html_1349.html,1836,0,0,2,1,0,0,4,3,0,0,0,0,1,0,0,0,,0,0,0,0,0,form-focused
html,html_1084.html,1568,0,0,2,1,0,1,3,2,0,0,0,0,1,0,0,0,,0,0,0,0,0,form-focused
html,html_10825.html,1398,0,0,0,0,0,1,0,3,0,1,0,0,0,0,0,0,,0,0,0,0,0,card-heavy-modern
html,html_9918.html,1569,1,0,0,0,0,2,0,2,0,0,0,0,0,0,0,0,,0,0,0,0,0,card-heavy-modern
html,html_12194.html,2129,3,0,1,1,0,0,4,3,0,0,1,0,1,1,0,0,,0,0,0,0,0,form-focused
html,html_1568.html,1666,0,0,0,1,0,1,3,5,0,0,0,0,1,0,0,0,,0,0,0,0,0,form-focused
html,html_8621.html,1372,0,0,0,1,0,2,4,2,1,0,0,0,1,0,0,0,,0,0,0,0,0,form-focused
html,html_4304.html,2141,1,0,0,0,0,1,3,3,0,1,0,0,1,0,0,0,,0,0,0,0,0,form-focused
html,html_2050.html,1363,1,0,1,2,0,1,5,0,0,0,1,0,1,0,0,0,,0,0,0,0,0,form-focused
html,html_2661.html,1008,0,0,0,0,0,0,0,2,0,0,0,0,0,1,0,0,,0,0,0,0,0,card-heavy-modern
html,html_918.html,1779,0,0,0,0,0,4,0,0,1,0,0,0,0,0,0,0,,0,0,0,0,0,card-heavy-modern
html,html_12707.html,1889,0,0,0,1,0,2,6,0,0,0,0,0,1,0,0,0,,0,0,0,0,0,form-focused
html,html_3796.html,2352,1,0,0,1,0,1,0,1,0,0,0,0,0,0,1,0,,0,0,0,0,0,image-rich-gallery
html,html_9204.html,1568,0,0,2,0,0,0,3,3,0,0,0,0,0,1,0,0,,0,0,0,0,0,card-heavy-modern
html,html_3289.html,1280,1,0,0,1,0,1,3,1,0,0,0,0,0,1,0,0,,0,0,0,0,0,card-heavy-modern
html,html_11745.html,1008,1,0,2,0,0,0,0,1,0,0,0,0,0,0,0,0,,0,0,0,0,0,card-heavy-modern
html,html_8274.html,2689,1,0,0,0,0,0,0,3,0,0,0,0,1,1,0,0,,0,0,0,0,0,form-focused
html,html_14490.html,2678,0,0,0,1,0,1,7,1,0,0,0,0,1,1,0,0,,0,0,0,0,0,form-focused
html,html_14587.html,1581,0,3,0,1,0,0,7,1,0,0,0,0,0,1,0,1,#acc,0,0,0,0,0,card-heavy-modern
html,html_5234.html,2269,0,0,0,0,0,0,0,6,0,0,1,0,0,1,0,0,,0,0,0,0,0,card-heavy-modern
html,html_10410.html,2143,0,0,1,1,0,0,3,1,0,0,0,0,1,0,0,0,,0,0,0,0,0,form-focused
html,html_12429.html,1805,0,0,2,1,0,0,3,3,0,0,0,0,1,0,0,0,,0,0,0,0,0,form-focused
html,html_5094.html,2159,1,0,0,1,0,1,2,2,0,0,0,0,0,0,0,0,,0,0,0,0,0,card-heavy-modern
html,html_14713.html,2434,0,0,0,1,0,3,3,4,0,0,0,0,1,0,0,0,,0,0,0,0,0,form-focused
html,html_10042.html,1592,0,0,0,1,0,1,4,1,0,0,0,0,1,1,0,0,,0,0,0,0,0,form-focused
html,html_1928.html,1548,0,0,2,0,0,1,0,3,0,0,0,0,0,1,0,0,,0,0,0,0,0,card-heavy-modern
html,html_11358.html,1933,0,0,1,1,0,0,5,2,0,0,0,0,1,0,0,0,,0,0,0,0,0,form-focused
html,html_10092.html,1577,0,0,0,0,0,0,3,5,0,0,0,0,0,1,0,0,,0,0,0,0,0,card-heavy-modern
html,html_5766.html,1485,1,0,0,0,0,1,3,4,0,0,0,0,0,0,0,0,,0,0,0,0,0,card-heavy-modern
html,html_6362.html,1767,0,0,0,0,0,0,0,3,0,0,0,0,0,0,0,0,,0,0,0,0,0,card-heavy-modern
html,html_3985.html,1468,0,0,0,0,0,1,0,3,0,0,0,0,1,1,0,0,,0,0,0,0,0,form-focused
html,html_10115.html,1365,0,0,0,1,0,1,4,1,0,0,0,0,1,0,0,0,,0,0,0,0,0,form-focused
html,html_10905.html,1791,0,0,0,1,0,3,3,1,0,0,0,0,0,0,0,0,,0,0,0,0,0,card-heavy-modern
html,html_6074.html,1860,1,0,0,1,0,0,3,1,0,0,0,0,1,1,0,0,,0,0,0,0,0,form-focused
html,html_6545.html,1352,1,0,1,1,0,2,3,1,0,0,0,0,1,0,0,0,,0,0,0,0,0,form-focused
html,html_758.html,896,0,1,0,0,0,0,0,2,0,1,0,0,0,0,0,0,,0,0,0,0,0,card-heavy-modern
html,html_3599.html,1172,1,1,1,0,0,1,3,2,0,0,0,0,0,0,0,0,,0,0,0,0,0,card-heavy-modern
html,html_11213.html,1690,0,0,3,1,0,0,3,3,0,0,0,0,1,0,1,0,,0,0,0,0,0,form-focused
html,html_5105.html,1167,1,0,0,0,0,1,0,1,0,0,0,0,1,0,0,0,,0,0,0,0,0,form-focused
html,html_4430.html,785,0,0,0,0,0,0,0,1,0,0,0,0,0,1,0,0,,0,0,0,0,0,card-heavy-modern
html,html_8748.html,1072,0,0,0,0,0,1,0,1,0,0,0,0,0,0,0,0,,0,0,0,0,0,card-heavy-modern
html,html_1683.html,1442,0,0,0,1,0,1,4,1,0,0,0,0,1,0,0,0,,0,0,0,0,0,form-focused
html,html_6496.html,1317,1,0,1,1,0,1,4,1,0,0,0,0,1,0,0,0,,0,0,0,0,0,form-focused
html,html_6940.html,2169,0,0,0,1,0,1,3,1,0,0,0,0,1,0,0,0,,0,0,0,0,0,form-focused
html,html_13994.html,1953,2,0,1,1,0,0,3,1,0,0,0,0,1,0,0,0,,0,0,0,0,0,form-focused
html,html_9855.html,1619,1,0,0,1,0,0,7,0,0,0,0,0,1,1,0,0,,0,0,0,0,0,form-focused
html,html_2662.html,1180,0,0,0,0,0,0,0,3,0,0,0,0,0,1,0,0,,0,0,0,0,0,card-heavy-modern
html,html_6121.html,1200,0,0,3,0,0,0,0,4,0,0,1,0,0,0,0,0,,0,0,0,0,0,card-heavy-modern
html,html_6470.html,1907,0,0,1,1,0,0,9,1,0,0,0,0,1,1,0,0,,0,0,0,0,0,form-focused
html,html_13517.html,2312,1,0,1,1,0,1,5,1,0,0,0,0,1,0,0,0,,0,0,0,0,0,form-focused
html,html_14329.html,1921,1,0,0,0,0,1,0,0,0,0,0,0,0,0,0,0,,0,0,0,0,0,card-heavy-modern
html,html_1105.html,1238,1,0,0,0,0,0,0,3,0,0,0,0,0,1,0,0,,0,0,0,0,0,card-heavy-modern
html,html_363.html,1627,0,0,0,1,0,1,4,1,0,1,0,0,1,1,0,0,,0,0,0,0,0,form-focused
html,html_9749.html,1066,0,0,0,1,0,1,4,1,0,0,1,0,1,0,0,0,,0,0,0,0,0,form-focused
html,html_13636.html,1800,0,0,0,1,0,2,5,1,1,0,0,0,1,0,0,0,,0,0,0,0,0,form-focused
html,html_3810.html,2440,0,0,3,1,0,0,4,4,0,0,1,0,1,1,0,0,,0,0,0,0,0,form-focused
html,html_8387.html,1172,0,0,0,1,0,1,0,3,0,0,1,0,0,0,0,0,,0,0,0,0,0,card-heavy-modern
html,html_1822.html,1800,0,0,2,1,0,1,5,3,0,0,0,0,1,0,1,0,,0,0,0,0,0,form-focused
html,html_5129.html,2465,0,0,0,1,0,0,3,1,0,1,0,0,1,1,0,0,,0,0,0,0,0,form-focused
html,html_8314.html,2169,0,0,0,0,0,0,0,0,0,1,0,0,0,1,0,0,,0,0,0,0,0,card-heavy-modern
html,html_2628.html,1671,0,0,2,1,0,1,4,5,1,0,1,0,1,0,0,0,,0,0,0,0,0,form-focused
html,html_2321.html,1339,0,0,0,1,0,0,3,1,0,0,0,0,0,0,0,0,,0,0,0,0,0,card-heavy-modern
html,html_9892.html,1791,0,1,0,0,0,0,0,0,0,0,0,0,0,0,0,0,,0,0,0,0,0,card-heavy-modern
html,html_10618.html,1527,0,0,0,1,0,5,4,3,0,0,0,0,1,0,0,0,,0,0,0,0,0,form-focused
html,html_2927.html,2437,1,0,0,1,1,0,4,1,0,0,0,0,1,1,0,0,,0,0,0,0,0,form-focused
html,html_5865.html,1124,1,0,1,0,0,0,0,2,0,0,0,0,0,1,0,0,,0,0,0,0,0,card-heavy-modern
html,html_5922.html,994,0,0,3,0,0,0,0,4,0,0,0,0,0,0,0,0,,0,0,0,0,0,card-heavy-modern
html,html_10882.html,1983,0,0,3,1,0,1,3,4,0,0,1,0,1,1,0,0,,0,0,0,0,0,form-focused
html,html_8489.html,1380,0,0,0,0,0,1,0,6,0,0,0,0,1,0,0,0,,0,0,0,0,0,form-focused
html,html_12904.html,1450,0,0,0,1,0,0,3,2,0,0,0,0,0,0,0,0,,0,0,0,0,0,card-heavy-modern
html,html_5439.html,2167,0,0,0,1,0,0,6,1,0,0,0,0,1,1,0,0,,0,0,0,0,0,form-focused
html,html_827.html,1594,0,0,3,1,0,0,3,4,0,0,0,0,0,1,0,0,,0,0,0,0,0,card-heavy-modern
html,html_3625.html,1305,0,0,0,1,0,1,4,1,0,0,0,0,1,1,0,0,,0,0,0,0,0,form-focused
html,html_5036.html,2030,2,0,0,0,1,0,3,2,0,0,0,0,0,0,0,0,,0,0,0,0,0,form-focused
html,html_9543.html,1640,0,0,0,1,0,1,7,1,0,0,0,0,1,0,1,0,,0,0,0,0,0,form-focused
html,html_6131.html,918,0,0,0,0,0,0,0,1,0,0,0,0,1,0,0,0,,0,0,0,0,0,form-focused
html,html_13566.html,1752,2,0,0,0,1,0,0,4,0,0,1,0,1,1,0,0,,0,0,0,0,0,form-focused
html,html_8585.html,1305,0,0,1,0,0,1,0,1,0,0,0,0,1,0,0,0,,0,0,0,0,0,form-focused
html,html_7396.html,1065,1,0,0,0,0,0,2,1,0,0,1,0,0,0,0,0,,0,0,0,0,0,card-heavy-modern
html,html_4680.html,1613,0,0,1,2,0,0,7,2,0,0,0,0,1,1,0,0,,0,0,0,0,0,form-focused
html,html_160.html,1049,0,0,1,0,0,0,0,5,0,0,1,0,1,0,0,0,,0,0,0,0,0,form-focused
html,html_8593.html,1219,0,0,0,0,0,1,0,2,0,1,0,0,0,0,0,0,,0,0,0,0,0,card-heavy-modern
html,html_2451.html,1190,0,0,1,0,0,0,0,3,0,0,0,0,1,0,0,0,,0,0,0,0,0,form-focused
html,html_10675.html,1720,0,0,0,1,1,2,3,3,0,0,0,0,1,0,0,0,,0,0,0,0,0,form-focused
html,html_5974.html,1226,0,0,0,0,0,0,1,2,0,0,0,0,0,0,0,0,,0,0,0,0,0,card-heavy-modern
html,html_196.html,2449,0,0,0,1,0,0,4,0,0,0,0,0,1,1,0,0,,0,0,0,0,0,form-focused
html,html_577.html,2358,0,0,1,1,0,2,4,2,1,0,0,0,1,1,0,0,,0,0,0,0,0,form-focused
html,html_9272.html,711,0,0,0,0,0,0,0,0,0,0,0,0,0,0,0,0,,0,0,0,0,0,card-heavy-modern
html,html_7362.html,1763,0,0,0,1,0,0,5,2,0,0,0,0,1,1,0,0,,0,0,0,0,0,form-focused
html,html_7031.html,1427,0,0,0,1,0,1,5,1,0,0,0,0,0,0,0,0,,0,0,0,0,0,card-heavy-modern
html,html_9060.html,1352,0,0,0,1,0,4,7,1,0,0,0,0,0,0,0,0,,0,0,0,0,0,card-heavy-modern
html,html_158.html,2110,0,0,1,1,0,1,7,1,0,1,0,0,1,0,0,0,,0,0,0,0,0,form-focused
html,html_5567.html,1919,0,0,2,1,0,0,3,1,0,0,1,0,1,1,0,0,,0,0,0,0,0,form-focused
html,html_1008.html,1442,0,0,0,0,0,0,0,0,0,0,0,0,0,0,1,0,,0,0,0,0,0,card-heavy-modern
html,html_7283.html,955,0,0,3,0,0,0,0,4,0,0,0,0,0,0,0,0,,0,0,0,0,0,card-heavy-modern
html,html_7422.html,1556,0,0,0,0,0,0,0,5,0,0,0,0,1,1,0,0,,0,0,0,0,0,form-focused
html,html_1569.html,1523,1,0,3,1,0,1,4,3,0,0,1,0,0,1,0,0,,0,0,0,0,0,card-heavy-modern
html,html_12021.html,1630,0,0,0,1,0,0,3,2,0,0,0,0,1,0,0,0,,0,0,0,0,0,form-focused
html,html_10822.html,3337,2,0,3,1,1,0,3,6,0,0,0,0,1,0,0,0,,0,0,0,0,0,form-focused
html,html_13356.html,1972,1,0,1,1,0,2,8,2,0,0,0,0,1,0,0,0,,0,0,0,0,0,form-focused
html,html_11467.html,1619,0,0,1,0,0,4,0,4,0,0,0,0,0,0,0,0,,0,0,0,0,0,card-heavy-modern
html,html_796.html,2380,0,0,3,1,0,0,3,3,0,0,0,0,0,1,0,0,,0,0,0,0,0,card-heavy-modern
html,html_1225.html,1170,0,0,3,1,0,2,0,3,0,0,0,0,0,0,0,0,,0,0,0,0,0,card-heavy-modern
html,html_669.html,1274,0,0,4,0,0,0,0,5,0,0,0,0,0,0,0,0,,0,0,0,0,0,card-heavy-modern
html,html_2545.html,1905,0,0,2,0,0,1,0,4,0,0,0,0,1,1,0,0,,0,0,0,0,0,form-focused
html,html_4303.html,3693,1,0,0,1,1,0,8,0,0,0,0,0,1,1,0,0,,0,0,0,0,0,form-focused
html,html_13707.html,2185,0,0,0,0,0,0,4,2,0,0,0,0,1,1,0,0,,0,0,0,0,0,form-focused
html,html_9230.html,1478,1,0,1,1,0,1,4,1,0,0,0,0,1,0,0,0,,0,0,0,0,0,form-focused
html,html_14005.html,1789,0,0,1,1,0,1,4,2,0,0,0,0,1,0,0,0,,0,0,0,0,0,form-focused
html,html_13721.html,2113,0,0,3,1,0,0,3,4,0,0,0,0,0,0,0,1,#fac,0,0,0,0,0,card-heavy-modern
html,html_7707.html,1952,1,0,2,1,0,0,2,2,0,0,0,0,0,0,0,0,,0,0,0,0,0,card-heavy-modern
html,html_10709.html,2585,0,0,0,1,0,0,3,1,0,0,0,0,1,0,0,0,,0,0,0,0,0,form-focused
html,html_3751.html,1504,1,0,0,0,0,1,0,3,0,0,0,0,0,0,0,0,,0,0,0,0,0,card-heavy-modern
html,html_13882.html,2263,0,0,4,1,0,1,4,4,0,0,0,0,1,0,0,1,#fac,0,0,0,0,0,form-focused
html,html_6760.html,997,0,0,0,0,1,1,0,2,0,0,0,0,0,0,0,0,,0,0,0,0,0,form-focused
html,html_4595.html,2280,1,0,0,1,0,0,1,1,0,0,0,0,0,1,0,0,,0,0,0,0,0,card-heavy-modern
html,html_2526.html,1201,1,0,3,0,1,0,0,4,0,0,0,1,1,1,0,0,,0,0,0,0,0,form-focused
html,html_6602.html,1911,0,0,0,0,0,0,0,1,0,0,0,0,1,0,0,0,,0,0,0,0,0,form-focused
html,html_1978.html,1825,0,0,0,0,0,4,0,3,0,0,0,0,0,1,0,0,,0,0,0,0,0,card-heavy-modern
html,html_11733.html,1589,1,0,3,0,0,0,0,4,0,0,0,0,0,1,0,0,,0,0,0,0,0,card-heavy-modern
html,html_9234.html,2459,0,0,2,1,0,1,6,3,0,0,0,0,1,1,0,0,,0,0,0,0,0,form-focused
html,html_3614.html,1730,0,0,0,0,0,1,0,5,0,0,1,0,0,0,0,0,,0,0,0,0,0,card-heavy-modern
html,html_11906.html,1201,0,0,2,0,0,0,0,3,0,0,0,0,0,1,0,0,,0,0,0,0,0,card-heavy-modern
html,html_9171.html,1750,0,0,0,1,0,2,4,1,0,0,0,0,1,1,0,0,,0,0,0,0,0,form-focused
html,html_3127.html,1813,0,0,0,0,0,0,0,0,0,0,0,0,0,0,1,0,,0,0,0,0,0,card-heavy-modern
html,html_5238.html,1990,2,0,2,0,1,2,3,3,0,0,0,0,0,0,0,0,,0,0,0,0,0,form-focused
html,html_10717.html,1256,0,0,0,1,0,0,4,2,0,0,0,0,1,1,0,0,,0,0,0,0,0,form-focused
html,html_12512.html,2008,1,0,0,1,0,0,4,1,0,0,0,0,1,0,0,0,,0,0,0,0,0,form-focused
html,html_8297.html,2220,0,0,0,1,0,0,3,2,0,0,0,0,1,0,0,0,,0,0,0,0,0,form-focused
html,html_12340.html,2485,0,0,0,0,0,4,0,7,1,1,0,0,0,0,0,0,,0,0,0,0,0,card-heavy-modern
html,html_2601.html,2517,0,0,0,1,0,0,3,1,0,0,0,0,1,0,0,0,,0,0,0,0,0,form-focused
html,html_13851.html,1879,0,0,3,1,0,1,4,5,0,0,0,0,1,1,0,0,,0,0,0,0,0,form-focused
html,html_11540.html,1125,0,0,0,0,0,0,0,5,0,0,0,0,0,1,0,0,,0,0,0,0,0,card-heavy-modern
html,html_183.html,2536,1,0,0,1,0,0,3,1,0,0,0,0,1,1,0,0,,0,0,0,0,0,form-focused
html,html_9038.html,2637,1,0,3,1,0,5,4,6,1,0,0,0,1,0,0,0,,0,0,0,0,0,form-focused
html,html_3371.html,1251,0,0,0,0,0,0,1,1,0,0,0,0,1,0,0,0,,0,0,0,0,0,form-focused
html,html_893.html,1364,0,0,0,1,0,1,4,1,0,0,0,0,1,0,0,0,,0,0,0,0,0,form-focused
html,html_12395.html,925,0,0,0,0,0,0,0,1,0,0,0,0,0,1,0,0,,0,0,0,0,0,card-heavy-modern
html,html_2472.html,1599,0,0,3,1,0,0,3,3,0,0,1,0,0,1,0,0,,0,0,0,0,0,card-heavy-modern
html,html_1292.html,1250,1,0,0,0,0,1,0,4,0,0,1,0,0,1,0,0,,0,0,0,0,0,card-heavy-modern
html,html_3422.html,996,1,0,0,0,0,0,0,1,0,0,0,0,0,1,0,0,,0,0,0,0,0,card-heavy-modern
html,html_1772.html,1731,0,0,0,1,0,1,4,3,0,0,0,0,1,0,0,0,,0,0,0,0,0,form-focused
html,html_2974.html,2054,0,0,0,1,0,0,3,1,0,0,0,0,1,1,0,0,,0,0,0,0,0,form-focused
html,html_11534.html,2032,2,0,0,0,1,0,0,4,0,0,0,0,0,0,0,0,,0,0,0,0,0,form-focused
html,html_12524.html,1812,0,0,0,0,0,1,4,3,0,0,0,0,1,1,0,0,,0,0,0,0,0,form-focused
html,html_7933.html,1355,1,0,0,1,0,1,4,2,0,0,0,0,1,0,0,0,,0,0,0,0,0,form-focused
html,html_7876.html,2066,1,0,2,1,1,0,5,3,0,0,0,0,1,1,0,0,,0,0,0,0,0,form-focused
html,html_10422.html,1898,0,1,0,0,0,0,0,0,0,0,0,0,0,1,0,0,,0,0,0,0,0,card-heavy-modern
html,html_3814.html,1002,0,0,1,0,0,0,0,5,0,0,0,1,1,0,0,0,,0,0,0,0,0,form-focused
html,html_14096.html,2582,0,0,2,0,1,3,0,6,0,0,0,0,0,0,0,0,,0,0,0,0,0,form-focused
html,html_10521.html,1787,0,0,2,1,0,1,4,2,0,0,0,0,0,0,0,0,,0,0,0,0,0,card-heavy-modern
html,html_6482.html,2137,0,0,0,1,0,2,4,3,1,0,0,0,1,0,0,0,,0,0,0,0,0,form-focused
html,html_13548.html,1087,0,0,3,0,0,0,0,3,0,0,1,0,0,0,1,0,,0,0,0,0,0,card-heavy-modern
html,html_14584.html,1876,1,0,0,1,1,0,4,1,0,0,0,0,1,0,0,0,,0,0,0,0,0,form-focused
html,html_10441.html,1115,1,0,0,0,0,0,0,1,0,0,0,0,0,0,0,0,,0,0,0,0,0,card-heavy-modern
html,html_11537.html,1268,0,0,1,0,0,0,0,3,0,0,0,0,1,0,0,0,,0,0,0,0,0,form-focused
html,html_12910.html,2794,0,0,1,1,0,0,3,3,0,0,0,0,1,0,0,0,,0,0,0,0,0,form-focused
html,html_4295.html,862,0,0,0,0,0,0,0,0,0,0,0,0,0,0,0,0,,0,0,0,0,0,card-heavy-modern
html,html_12225.html,849,0,0,3,0,0,0,0,4,0,0,0,0,0,0,1,0,,0,0,0,0,0,card-heavy-modern
html,html_9871.html,1260,0,0,0,1,0,0,4,3,0,0,0,0,1,1,0,0,,0,0,0,0,0,form-focused
html,html_5191.html,1393,0,0,1,0,0,0,0,5,0,0,0,0,0,1,0,0,,0,0,0,0,0,card-heavy-modern
html,html_6005.html,1610,1,0,0,1,0,0,3,1,0,0,0,0,1,0,0,0,,0,0,0,0,0,form-focused
html,html_6144.html,1776,0,0,0,0,0,1,0,3,0,0,0,0,1,0,0,0,,0,0,0,0,0,form-focused
html,html_12207.html,1085,0,0,0,0,0,1,0,1,0,0,0,0,0,1,0,0,,0,0,0,0,0,card-heavy-modern
html,html_3583.html,1158,0,0,3,0,0,1,0,3,0,0,0,0,1,1,0,0,,0,0,0,0,0,form-focused
html,html_11878.html,1501,0,0,0,1,0,1,4,2,0,0,1,0,1,0,0,0,,0,0,0,0,0,form-focused
html,html_8956.html,1563,1,0,3,0,0,0,0,4,0,0,0,0,1,0,0,0,,0,0,0,0,0,form-focused
html,html_6669.html,2201,0,0,0,0,0,0,0,0,0,0,0,0,0,1,0,0,,0,0,0,0,0,card-heavy-modern
html,html_12062.html,1685,0,0,0,0,0,1,0,3,0,0,0,0,0,0,0,0,,0,0,0,0,0,card-heavy-modern
html,html_2769.html,1516,0,0,0,1,0,2,5,1,1,0,0,0,1,1,0,0,,0,0,0,0,0,form-focused
html,html_498.html,1861,0,0,0,0,0,0,0,0,0,0,0,0,0,0,0,0,,0,0,0,0,0,card-heavy-modern
html,html_10252.html,1292,0,0,0,1,0,0,4,3,0,0,0,0,1,0,0,0,,0,0,0,0,0,form-focused
html,html_4463.html,1327,1,0,0,0,0,2,0,1,0,0,0,0,0,1,0,0,,0,0,0,0,0,card-heavy-modern
html,html_12771.html,1175,0,0,0,0,0,0,0,3,0,0,1,0,0,0,0,0,,0,0,0,0,0,card-heavy-modern
html,html_9033.html,876,1,0,0,0,0,1,0,1,0,0,0,0,0,0,0,0,,0,0,0,0,0,card-heavy-modern
html,html_11261.html,2179,1,0,0,1,0,0,3,4,0,0,0,0,1,1,1,0,,0,0,0,0,0,form-focused
html,html_9335.html,1603,1,0,0,0,0,1,0,2,0,0,0,0,0,1,0,0,,0,0,0,0,0,card-heavy-modern
html,html_5941.html,1009,0,0,0,0,0,0,0,1,0,0,0,0,0,0,0,0,,0,0,0,0,0,card-heavy-modern
html,html_6907.html,1986,3,0,3,1,0,1,3,3,0,0,0,0,0,1,0,0,,0,0,0,0,0,card-heavy-modern
html,html_2784.html,1221,1,0,0,0,0,0,0,1,0,0,0,0,0,0,0,0,,0,0,0,0,0,card-heavy-modern
html,html_2432.html,1216,0,0,0,0,0,1,0,1,0,0,0,0,0,1,0,0,,0,0,0,0,0,card-heavy-modern
html,html_1355.html,2192,0,0,1,1,0,1,3,1,0,0,0,0,1,0,0,0,,0,0,0,0,0,form-focused
html,html_2036.html,1736,0,0,0,1,0,0,3,1,0,0,0,0,1,0,0,0,,0,0,0,0,0,form-focused
html,html_4601.html,1170,0,0,3,1,0,1,0,3,0,0,0,0,1,1,0,0,,0,0,0,0,0,form-focused
html,html_12015.html,1414,1,0,5,0,0,1,0,5,0,0,1,0,1,1,0,0,,0,0,0,0,0,form-focused
html,html_5737.html,1200,0,0,0,1,0,0,4,1,0,0,0,0,1,1,0,0,,0,0,0,0,0,form-focused
html,html_1182.html,1387,0,0,0,0,0,2,0,3,0,1,0,0,0,0,0,0,,0,0,0,0,0,card-heavy-modern
html,html_8984.html,2335,0,0,0,1,0,2,5,2,1,0,0,0,1,0,0,0,,0,0,0,0,0,form-focused
html,html_1798.html,1676,0,0,0,1,0,0,2,1,0,0,0,0,0,0,0,0,,0,0,0,0,0,card-heavy-modern
html,html_301.html,1012,0,0,0,0,0,1,0,1,0,0,0,0,0,0,0,0,,0,0,0,0,0,card-heavy-modern
html,html_14981.html,1725,1,0,3,1,0,1,3,3,0,0,1,0,1,1,0,0,,0,0,0,0,0,form-focused
html,html_2188.html,1323,0,0,1,1,0,1,3,2,0,0,0,0,0,1,0,0,,0,0,0,0,0,card-heavy-modern
html,html_12232.html,2687,1,0,0,1,0,0,6,3,0,0,0,0,1,1,0,0,,0,0,0,0,0,form-focused
html,html_9726.html,1627,0,0,0,0,0,1,1,0,0,0,0,0,0,1,0,0,,0,0,0,0,0,card-heavy-modern
html,html_13188.html,1296,0,0,0,0,0,4,0,1,0,0,0,0,0,0,1,0,,0,0,0,0,0,image-rich-gallery
html,html_10165.html,1239,0,0,1,1,0,0,0,2,0,0,0,0,1,1,0,0,,0,0,0,0,0,form-focused
html,html_2714.html,3011,1,0,3,1,1,0,6,3,0,0,1,0,1,1,0,0,,0,0,0,0,0,form-focused
html,html_7666.html,897,1,0,0,1,1,0,5,0,0,0,1,0,0,0,0,0,,0,0,0,0,0,form-focused
html,html_475.html,2168,0,0,0,1,0,1,4,0,0,0,0,0,1,1,0,0,,0,0,0,0,0,form-focused
html,html_14233.html,1193,0,0,0,0,0,0,0,1,0,0,0,0,0,0,0,0,,0,0,0,0,0,card-heavy-modern
html,html_10697.html,1305,0,0,0,0,0,0,0,8,0,0,0,0,0,0,0,0,,0,0,0,0,0,card-heavy-modern
html,html_2833.html,2371,1,0,0,0,0,0,0,5,0,0,1,0,0,0,0,0,,0,0,0,0,0,card-heavy-modern
html,html_8932.html,2521,0,0,0,0,0,4,0,4,0,0,0,0,0,0,0,0,,0,0,0,0,0,card-heavy-modern
html,html_13121.html,1395,1,0,0,0,1,0,3,2,0,0,0,0,0,0,0,0,,0,0,0,0,0,form-focused
html,html_12292.html,1920,0,0,1,1,0,4,4,4,1,0,1,0,1,1,1,0,,0,0,0,0,0,form-focused
html,html_13381.html,2903,0,0,0,0,0,0,4,0,0,0,0,0,1,1,0,0,,0,0,0,0,0,form-focused
html,html_1945.html,2013,0,0,0,1,0,1,3,1,0,0,0,0,1,0,0,0,,0,0,0,0,0,form-focused
html,html_7900.html,1418,0,0,0,1,0,1,4,2,0,0,0,0,1,0,0,0,,0,0,0,0,0,form-focused
html,html_13472.html,2704,1,0,0,1,1,0,3,3,0,0,0,0,1,0,0,0,,0,0,0,0,0,form-focused
html,html_10358.html,1780,0,0,0,1,0,1,4,1,0,0,0,0,1,1,0,0,,0,0,0,0,0,form-focused
html,html_2736.html,1680,0,0,0,1,0,0,3,1,0,0,0,0,1,1,0,0,,0,0,0,0,0,form-focused
html,html_3613.html,1637,0,0,0,1,0,1,4,3,0,0,0,0,1,0,0,0,,0,0,0,0,0,form-focused
html,html_4317.html,1769,0,0,0,0,0,0,0,0,0,0,0,0,0,1,0,0,,0,0,0,0,0,card-heavy-modern
html,html_8770.html,1737,1,0,0,1,0,1,5,0,0,0,0,0,1,0,0,0,,0,0,0,0,0,form-focused
html,html_6885.html,2114,0,0,3,1,0,1,6,3,0,0,0,0,0,0,0,0,,0,0,0,0,0,card-heavy-modern
html,html_1807.html,1189,0,0,0,0,0,1,0,1,0,0,0,0,0,0,0,0,,0,0,0,0,0,card-heavy-modern
html,html_9984.html,969,1,0,3,0,0,0,0,4,0,0,0,0,0,0,0,0,,0,0,0,0,0,card-heavy-modern
html,html_397.html,1215,0,0,0,0,0,0,0,4,0,0,0,0,0,1,0,0,,0,0,0,0,0,card-heavy-modern
html,html_7845.html,2112,1,0,0,0,0,1,0,1,0,0,0,0,0,0,0,0,,0,0,0,0,0,card-heavy-modern
html,html_12611.html,1923,0,0,0,0,0,0,4,1,0,0,0,0,1,1,0,0,,0,0,0,0,0,form-focused
html,html_7796.html,704,0,0,0,0,0,0,0,4,0,0,1,0,0,0,0,0,,0,0,0,0,0,card-heavy-modern
html,html_8013.html,2011,1,0,4,1,0,0,4,5,0,0,0,0,0,0,0,0,,0,0,0,0,0,card-heavy-modern
html,html_167.html,761,0,0,0,0,0,0,0,1,0,0,0,0,0,0,0,0,,0,0,0,0,0,card-heavy-modern
html,html_9478.html,1425,1,0,0,1,0,0,1,1,0,0,0,0,0,1,0,0,,0,0,0,0,0,card-heavy-modern
html,html_10607.html,1880,0,0,3,1,0,0,3,3,0,0,0,0,1,1,0,0,,0,0,0,0,0,form-focused
html,html_1573.html,1792,0,0,1,0,0,3,0,6,0,0,0,0,0,0,0,0,,0,0,0,0,0,card-heavy-modern
html,html_9980.html,954,1,0,0,0,0,1,0,1,0,0,0,0,0,0,1,0,,0,0,0,0,0,image-rich-gallery
html,html_12399.html,2109,0,0,0,1,0,0,2,1,0,0,0,0,0,0,0,0,,0,0,0,0,0,card-heavy-modern
html,html_3157.html,959,0,0,0,0,0,0,0,5,0,0,1,0,0,0,0,0,,0,0,0,0,0,card-heavy-modern
html,html_13461.html,2319,0,0,0,1,0,0,8,2,0,0,0,1,1,1,0,0,,0,0,0,0,0,form-focused
html,html_5388.html,1427,0,0,0,1,0,1,4,3,0,0,0,0,1,0,0,0,,0,0,0,0,0,form-focused
html,html_2663.html,1222,0,0,0,0,0,1,3,1,1,0,0,0,0,0,0,0,,0,0,0,0,0,card-heavy-modern
html,html_5286.html,1466,0,0,1,1,0,1,4,3,0,0,1,0,1,1,0,0,,0,0,0,0,0,form-focused
html,html_13058.html,2268,0,0,0,1,0,1,5,1,0,0,0,0,1,1,0,0,,0,0,0,0,0,form-focused
html,html_4813.html,1856,2,0,1,0,1,4,3,3,0,0,0,0,1,0,0,0,,0,0,0,0,0,form-focused
html,html_1903.html,1924,1,0,0,1,0,1,4,1,0,0,0,0,1,1,0,0,,0,0,0,0,0,form-focused
html,html_1967.html,968,0,0,0,0,0,0,0,0,0,0,0,0,0,1,0,0,,0,0,0,0,0,card-heavy-modern
html,html_10231.html,4362,2,0,2,1,1,2,5,6,1,0,0,0,0,0,1,0,,0,0,0,0,0,form-focused
html,html_6488.html,1538,0,0,0,0,0,0,0,4,0,0,0,0,1,0,0,0,,0,0,0,0,0,form-focused
html,html_273.html,1570,0,0,1,1,0,2,5,1,1,0,0,0,1,0,0,0,,0,0,0,0,0,form-focused
html,html_9967.html,1354,1,0,0,0,0,1,0,1,0,0,0,0,0,0,0,0,,0,0,0,0,0,card-heavy-modern
html,html_9597.html,1619,0,0,0,1,0,2,6,1,0,0,0,0,1,0,0,0,,0,0,0,0,0,form-focused
html,html_1750.html,1752,1,0,0,0,0,3,3,2,0,0,0,0,0,0,0,0,,0,0,0,0,0,card-heavy-modern
html,html_10614.html,1548,0,0,2,1,0,0,0,4,0,0,0,0,1,0,1,0,,0,0,0,0,0,form-focused
html,html_12618.html,2743,1,0,0,1,1,0,3,0,0,0,0,0,0,0,0,0,,0,0,0,0,0,form-focused
html,html_10348.html,2674,0,0,0,1,1,0,3,0,0,0,0,0,1,1,0,0,,0,0,0,0,0,form-focused
html,html_3324.html,1737,0,0,3,2,0,1,6,3,0,0,1,0,1,0,0,0,,0,0,0,0,0,form-focused
html,html_8147.html,2004,0,1,0,1,0,1,4,4,0,1,1,0,1,1,0,0,,0,0,0,0,0,form-focused
html,html_11630.html,2157,0,0,1,1,0,1,4,2,0,0,0,0,1,0,0,0,,0,0,0,0,0,form-focused
html,html_14889.html,788,0,0,3,0,0,0,0,4,0,0,0,0,0,0,0,0,,0,0,0,0,0,card-heavy-modern
html,html_9604.html,1611,0,0,0,0,0,1,0,3,0,1,1,0,0,0,0,0,,0,0,0,0,0,card-heavy-modern
html,html_84.html,2026,0,0,0,1,0,1,4,3,0,0,0,0,1,0,0,0,,0,0,0,0,0,form-focused
html,html_7951.html,1543,0,0,0,1,0,0,3,1,0,0,0,0,0,0,0,0,,0,0,0,0,0,card-heavy-modern
html,html_8619.html,1305,0,0,0,0,0,6,0,1,0,0,0,0,0,0,0,0,,0,0,0,0,0,card-heavy-modern
html,html_4427.html,2577,0,0,3,1,0,0,3,3,0,0,0,1,1,1,0,0,,0,0,0,0,0,form-focused
html,html_8635.html,1691,0,0,2,1,0,1,5,3,0,0,1,0,1,1,0,0,,0,0,0,0,0,form-focused
html,html_8183.html,1611,0,0,0,1,0,1,4,4,0,0,0,0,1,0,0,0,,0,0,0,0,0,form-focused
html,html_13059.html,1783,0,0,1,1,0,0,4,4,0,0,1,0,1,0,0,0,,0,0,0,0,0,form-focused
html,html_2453.html,1087,0,0,1,0,0,1,0,3,0,0,0,0,0,0,0,0,,0,0,0,0,0,card-heavy-modern
html,html_7468.html,754,0,0,0,0,0,0,0,1,0,0,0,0,0,0,1,0,,0,0,0,0,0,card-heavy-modern
html,html_8371.html,800,0,0,1,0,0,0,0,2,0,0,0,0,0,0,0,0,,0,0,0,0,0,card-heavy-modern
html,html_5247.html,2028,0,0,0,1,0,1,4,3,0,0,0,0,1,1,0,0,,0,0,0,0,0,form-focused
html,html_9998.html,1495,0,1,0,0,0,0,0,5,0,0,0,0,0,0,0,0,,0,0,0,0,0,card-heavy-modern
html,html_10499.html,1610,0,0,1,1,0,1,4,3,0,0,0,0,1,0,1,0,,0,0,0,0,0,form-focused
html,html_6064.html,1542,1,0,0,1,0,1,4,1,0,0,0,0,1,1,0,0,,0,0,0,0,0,form-focused
html,html_2946.html,2454,0,0,0,1,0,0,3,0,0,0,0,0,1,0,0,0,,0,0,0,0,0,form-focused
html,html_11128.html,3329,1,0,2,1,1,1,5,1,0,0,0,0,1,0,1,0,,0,0,0,0,0,form-focused
html,html_1857.html,1728,1,0,1,1,0,2,4,1,0,0,0,0,1,0,0,0,,0,0,0,0,0,form-focused
html,html_7613.html,1821,0,0,0,0,0,0,0,0,0,0,0,0,0,0,0,0,,0,0,0,0,0,card-heavy-modern
html,html_2166.html,2559,0,0,0,1,0,0,3,1,0,0,0,0,1,0,0,0,,0,0,0,0,0,form-focused
html,html_7732.html,1851,0,1,5,1,0,0,1,5,0,0,0,0,1,0,0,0,,0,0,0,0,0,form-focused
html,html_5513.html,1879,1,0,2,1,0,3,4,2,0,0,0,0,1,0,0,0,,0,0,0,0,0,form-focused
html,html_7740.html,1497,0,0,0,1,0,0,4,2,0,0,0,0,1,1,0,0,,0,0,0,0,0,form-focused
html,html_7823.html,1495,2,0,1,1,0,0,0,1,0,0,0,0,0,1,0,0,,0,0,0,0,0,card-heavy-modern
html,html_10376.html,1023,0,0,0,0,0,0,0,0,0,0,0,0,0,1,0,0,,0,0,0,0,0,card-heavy-modern
html,html_10860.html,1932,0,0,0,1,0,1,3,1,0,0,0,0,1,1,0,0,,0,0,0,0,0,form-focused
html,html_14225.html,1579,0,0,0,1,0,4,4,0,0,0,0,0,1,0,0,0,,0,0,0,0,0,form-focused
html,html_937.html,1297,0,0,1,1,0,0,4,4,0,0,1,0,1,1,0,0,,0,0,0,0,0,form-focused
html,html_4026.html,2393,0,0,0,1,0,0,2,3,0,0,0,0,0,1,0,0,,0,0,0,0,0,card-heavy-modern
html,html_5607.html,1830,1,0,0,1,0,0,3,1,0,0,0,0,1,0,0,0,,0,0,0,0,0,form-focused
html,html_13247.html,1696,1,0,0,1,1,0,5,1,0,0,0,0,1,0,0,0,,0,0,0,0,0,form-focused
html,html_11889.html,2420,0,0,0,1,0,1,5,0,0,0,0,0,1,1,0,0,,0,0,0,0,0,form-focused
html,html_4279.html,1827,0,0,5,1,0,1,4,5,1,0,0,0,0,0,0,1,#fac,0,0,0,0,0,card-heavy-modern
html,html_13904.html,1134,0,0,0,0,0,0,0,0,0,0,0,0,0,1,0,0,,0,0,0,0,0,card-heavy-modern
html,html_4812.html,2883,0,0,0,0,0,0,3,3,0,0,0,1,0,0,0,0,,0,0,0,0,0,card-heavy-modern
html,html_9869.html,1515,0,0,0,1,0,2,4,1,0,0,0,0,1,1,0,0,,0,0,0,0,0,form-focused
html,html_10053.html,1172,0,0,1,0,0,0,0,5,0,0,1,0,0,0,0,0,,0,0,0,0,0,card-heavy-modern
html,html_3479.html,1359,1,0,1,0,0,1,0,2,0,0,0,0,0,1,0,0,,0,0,0,0,0,card-heavy-modern
html,html_8447.html,1307,0,0,2,1,0,2,4,1,0,1,0,0,1,0,0,0,,0,0,0,0,0,form-focused
html,html_6934.html,1117,0,0,0,1,0,1,4,0,0,0,0,0,1,1,0,0,,0,0,0,0,0,form-focused
html,html_9850.html,3817,0,0,0,0,0,2,3,2,1,0,0,0,1,0,0,0,,0,0,0,0,0,form-focused
html,html_14806.html,1184,0,0,1,0,0,2,0,2,1,0,0,0,0,0,0,0,,0,0,0,0,0,card-heavy-modern
html,html_3697.html,1673,0,0,0,1,0,1,3,1,0,0,0,0,1,0,0,0,,0,0,0,0,0,form-focused
html,html_5896.html,1851,0,0,0,1,0,1,5,1,0,0,0,1,1,0,0,0,,0,0,0,0,0,form-focused
html,html_8685.html,1218,0,0,0,0,0,0,0,0,0,0,0,0,0,0,0,0,,0,0,0,0,0,card-heavy-modern
html,html_1421.html,1899,1,0,0,1,0,0,3,1,0,0,0,0,1,0,0,0,,0,0,0,0,0,form-focused
html,html_1778.html,949,0,0,0,0,0,0,0,1,0,0,0,0,0,0,0,0,,0,0,0,0,0,card-heavy-modern
html,html_4004.html,2170,1,0,0,1,0,1,4,6,1,0,1,1,1,1,0,0,,0,0,0,0,0,form-focused
html,html_8642.html,1580,0,0,0,1,0,0,3,3,0,0,1,0,0,0,0,0,,0,0,0,0,0,card-heavy-modern
html,html_3955.html,1243,0,0,0,0,0,4,0,0,0,0,0,0,0,0,1,0,,0,0,0,0,0,image-rich-gallery
html,html_5253.html,1610,0,0,1,0,0,0,4,2,0,0,0,0,1,1,0,0,,0,0,0,0,0,form-focused
html,html_12329.html,1294,0,0,0,0,0,2,0,3,0,0,0,0,1,0,0,0,,0,0,0,0,0,form-focused
html,html_10381.html,1893,0,0,3,1,0,0,3,3,0,0,1,0,0,0,0,0,,0,0,0,0,0,card-heavy-modern
html,html_4537.html,1212,0,0,0,0,0,0,3,1,0,0,0,0,0,0,0,0,,0,0,0,0,0,card-heavy-modern
html,html_3680.html,1775,0,1,1,0,0,1,3,3,0,0,0,0,1,1,0,0,,0,0,0,0,0,form-focused
html,html_4012.html,1385,1,0,0,0,0,1,0,4,0,0,1,0,0,0,0,0,,0,0,0,0,0,card-heavy-modern
html,html_7931.html,1602,1,0,0,1,0,1,3,2,0,0,0,0,0,0,0,0,,0,0,0,0,0,card-heavy-modern
html,html_4435.html,1039,0,0,1,2,0,1,6,0,0,0,0,0,1,0,0,0,,0,0,0,0,0,form-focused
html,html_6297.html,1430,1,0,1,0,0,2,0,3,0,0,0,0,0,0,0,0,,0,0,0,0,0,card-heavy-modern
html,html_11417.html,2493,1,0,3,1,0,0,3,4,0,0,0,0,0,0,0,0,,0,0,0,0,0,card-heavy-modern
html,html_3777.html,3106,1,0,2,0,1,2,0,5,0,0,1,0,1,1,0,0,,0,0,0,0,0,form-focused
html,html_501.html,1640,0,0,0,0,0,1,0,2,0,0,0,0,0,1,0,0,,0,0,0,0,0,card-heavy-modern
html,html_4613.html,1406,1,0,0,0,0,1,0,1,0,0,0,0,0,1,0,0,,0,0,0,0,0,card-heavy-modern
html,html_358.html,1845,0,0,0,1,0,2,4,1,0,0,0,0,1,1,0,0,,0,0,0,0,0,form-focused
html,html_293.html,2083,0,0,0,0,0,1,0,6,0,1,1,0,0,1,0,0,,0,0,0,0,0,card-heavy-modern
html,html_4555.html,2200,0,0,0,1,0,1,5,1,0,0,0,0,1,1,0,0,,0,0,0,0,0,form-focused
html,html_9791.html,1793,0,0,0,1,0,0,3,2,0,0,0,0,0,0,0,0,,0,0,0,0,0,card-heavy-modern
html,html_10979.html,2545,0,0,0,1,0,0,4,0,0,0,0,0,1,1,0,0,,0,0,0,0,0,form-focused
html,html_1158.html,2178,1,0,0,0,0,2,4,0,0,0,0,0,1,1,0,0,,0,0,0,0,0,form-focused
html,html_13934.html,1927,1,0,0,1,1,0,5,1,0,0,0,0,1,1,1,0,,0,0,0,0,0,form-focused
html,html_9348.html,1763,1,0,1,1,0,1,8,1,0,1,1,1,1,0,0,0,,0,0,0,0,0,form-focused
html,html_12648.html,843,0,0,3,0,0,0,0,4,0,0,0,0,0,0,0,0,,0,0,0,0,0,card-heavy-modern
html,html_9325.html,2140,0,0,3,1,0,0,3,3,0,0,0,0,0,0,0,0,,0,0,0,0,0,card-heavy-modern
html,html_4677.html,2800,0,0,0,1,0,0,6,1,0,0,0,0,1,1,0,0,,0,0,0,0,0,form-focused
html,html_11932.html,1137,0,0,1,1,0,1,3,4,1,0,0,0,1,0,0,0,,0,0,0,0,0,form-focused
html,html_4543.html,1269,0,0,0,1,0,2,0,1,0,0,0,0,0,1,0,0,,0,0,0,0,0,card-heavy-modern
html,html_8867.html,1537,0,0,0,1,0,0,3,1,0,0,0,0,1,1,0,0,,0,0,0,0,0,form-focused
html,html_6453.html,1827,0,0,0,1,0,1,5,1,0,0,0,0,1,0,0,0,,0,0,0,0,0,form-focused
html,html_14649.html,1554,0,0,0,1,0,0,3,3,0,0,0,0,0,0,0,0,,0,0,0,0,0,card-heavy-modern
html,html_1023.html,2024,0,0,0,1,0,1,4,1,0,0,0,0,1,1,0,0,,0,0,0,0,0,form-focused
html,html_4949.html,876,0,0,0,0,0,1,0,3,0,0,0,0,0,0,0,0,,0,0,0,0,0,card-heavy-modern
html,html_10776.html,1778,0,0,0,1,0,1,4,2,0,0,0,0,1,1,0,0,,0,0,0,0,0,form-focused
html,html_11236.html,1490,0,0,1,1,0,0,4,1,0,0,0,0,1,1,0,0,,0,0,0,0,0,form-focused
html,html_5489.html,1606,0,0,0,0,0,2,0,3,0,0,1,0,0,0,0,0,,0,0,0,0,0,card-heavy-modern
html,html_4450.html,1349,0,0,0,0,0,1,0,2,0,1,0,0,0,1,0,0,,0,0,0,0,0,card-heavy-modern
html,html_11560.html,2581,0,0,0,1,0,0,5,4,0,0,0,0,1,1,0,0,,0,0,0,0,0,form-focused
html,html_1663.html,1220,0,0,0,0,0,1,0,2,0,0,0,0,0,0,0,0,,0,0,0,0,0,card-heavy-modern
html,html_6949.html,1078,1,0,0,0,0,0,0,1,0,0,0,0,0,1,0,0,,0,0,0,0,0,card-heavy-modern
html,html_7429.html,1242,0,0,4,1,0,0,0,4,0,0,0,0,1,1,1,0,,0,0,0,0,0,form-focused
html,html_345.html,2291,1,0,0,0,0,0,0,0,0,0,0,0,0,1,0,0,,0,0,0,0,0,card-heavy-modern
html,html_6491.html,1133,0,0,0,1,0,1,3,1,0,0,0,0,1,1,0,0,,0,0,0,0,0,form-focused
html,html_3067.html,1645,1,0,0,1,1,1,4,4,0,0,0,0,1,1,0,0,,0,0,0,0,0,form-focused
html,html_3943.html,1846,0,0,0,0,0,0,0,2,0,0,0,0,1,1,0,0,,0,0,0,0,0,form-focused
html,html_8590.html,1350,0,0,2,1,0,0,2,3,0,0,0,0,0,1,0,0,,0,0,0,0,0,card-heavy-modern
html,html_4518.html,1473,0,0,0,1,0,1,4,1,0,0,0,0,1,1,0,0,,0,0,0,0,0,form-focused
html,html_14554.html,1341,1,0,0,0,0,1,0,3,0,0,0,0,0,1,0,0,,0,0,0,0,0,card-heavy-modern
html,html_1.html,2135,0,0,0,1,0,0,6,0,0,0,0,0,1,0,0,0,,0,0,0,0,0,form-focused
html,html_9057.html,2121,0,0,0,0,0,0,0,0,0,0,0,1,0,1,0,0,,0,0,0,0,0,card-heavy-modern
html,html_14156.html,1740,3,0,0,0,0,1,0,1,0,0,0,0,0,0,0,0,,0,0,0,0,0,card-heavy-modern
html,html_6295.html,943,0,0,0,1,0,2,0,1,0,0,0,0,0,0,1,0,,0,0,0,0,0,image-rich-gallery
html,html_4252.html,1659,0,0,0,0,0,0,0,0,0,0,0,0,0,0,0,0,,0,0,0,0,0,card-heavy-modern
html,html_13670.html,1461,0,0,0,1,0,1,3,1,0,0,0,0,1,0,0,0,,0,0,0,0,0,form-focused
html,html_12903.html,919,0,0,0,0,0,0,0,0,0,1,0,0,0,0,0,0,,0,0,0,0,0,card-heavy-modern
html,html_14905.html,713,0,0,0,0,0,0,0,1,0,0,0,0,0,1,0,0,,0,0,0,0,0,card-heavy-modern
html,html_6550.html,1708,0,0,0,0,0,2,0,3,0,0,0,0,0,1,0,0,,0,0,0,0,0,card-heavy-modern
html,html_12710.html,1267,0,0,1,1,0,1,3,2,0,0,0,0,1,0,0,0,,0,0,0,0,0,form-focused
html,html_7669.html,1711,0,0,0,1,0,1,3,0,0,0,0,0,0,1,0,0,,0,0,0,0,0,card-heavy-modern
html,html_12472.html,1733,0,0,2,1,0,0,4,2,0,0,0,1,1,1,0,0,,0,0,0,0,0,form-focused
html,html_8374.html,1096,0,0,1,1,0,0,4,3,0,0,0,0,0,0,0,0,,0,0,0,0,0,card-heavy-modern
html,html_4418.html,1668,0,0,0,1,0,1,5,1,0,0,0,0,1,1,0,0,,0,0,0,0,0,form-focused
html,html_1304.html,1817,0,0,3,1,0,0,3,7,0,0,1,0,1,1,0,0,,0,0,0,0,0,form-focused
html,html_12780.html,2021,2,0,0,0,1,0,0,1,0,0,0,0,0,0,0,0,,0,0,0,0,0,form-focused
html,html_2657.html,1360,1,0,3,1,0,1,0,3,0,0,0,0,0,0,0,0,,0,0,0,0,0,card-heavy-modern
html,html_2738.html,1320,0,0,0,0,0,1,0,2,0,0,0,0,0,1,0,0,,0,0,0,0,0,card-heavy-modern
html,html_7157.html,1092,0,0,0,0,0,0,0,0,0,0,0,0,0,1,0,0,,0,0,0,0,0,card-heavy-modern
html,html_6096.html,1423,0,0,0,1,0,0,3,1,0,0,0,0,0,0,0,0,,0,0,0,0,0,card-heavy-modern
html,html_12160.html,1787,0,0,0,0,0,2,4,0,0,0,0,0,1,0,0,0,,0,0,0,0,0,form-focused
html,html_2014.html,2555,0,0,0,1,0,1,14,4,0,0,0,0,1,1,0,0,,0,0,0,0,0,form-focused
html,html_12041.html,880,0,0,3,0,0,0,0,4,0,0,1,0,0,0,0,0,,0,0,0,0,0,card-heavy-modern
html,html_5466.html,1585,1,0,0,1,0,1,4,1,0,0,0,0,1,1,0,0,,0,0,0,0,0,form-focused
html,html_13021.html,1302,2,0,0,0,0,0,0,1,0,0,0,0,1,1,0,0,,0,0,0,0,0,form-focused
html,html_3731.html,1364,0,0,0,0,0,0,1,1,0,0,0,0,0,0,0,0,,0,0,0,0,0,card-heavy-modern
html,html_11257.html,2084,0,0,4,1,0,0,3,4,1,0,0,0,1,0,0,0,,0,0,0,0,0,form-focused
html,html_3232.html,1692,1,0,1,1,0,0,3,1,0,0,0,0,1,1,0,0,,0,0,0,0,0,form-focused
html,html_1700.html,2154,0,0,0,1,0,4,10,2,0,0,0,0,1,0,0,0,,0,0,0,0,0,form-focused
html,html_7925.html,1428,1,0,0,1,0,0,0,3,0,0,1,0,0,0,0,0,,0,0,0,0,0,card-heavy-modern
html,html_11984.html,1455,0,0,0,0,0,1,0,1,0,0,0,0,0,0,0,0,,0,0,0,0,0,card-heavy-modern
html,html_2811.html,649,0,0,0,0,0,0,0,1,0,0,0,0,0,0,0,0,,0,0,0,0,0,card-heavy-modern
html,html_12332.html,1712,0,0,1,1,0,1,7,2,0,0,0,0,1,1,0,0,,0,0,0,0,0,form-focused
html,html_1625.html,3335,2,0,1,1,0,0,7,1,0,0,0,0,1,0,0,0,,0,0,0,0,0,form-focused
html,html_9423.html,1817,1,0,1,0,0,1,0,5,1,0,0,0,1,1,0,0,,0,0,0,0,0,form-focused
html,html_14534.html,1436,0,0,0,1,0,1,4,1,0,0,0,0,1,0,0,0,,0,0,0,0,0,form-focused
html,html_10194.html,1944,0,0,0,1,0,1,3,1,1,0,0,0,1,1,0,0,,0,0,0,0,0,form-focused
html,html_13869.html,2156,0,0,3,1,0,0,3,3,0,0,0,0,1,1,0,0,,0,0,0,0,0,form-focused
html,html_8354.html,2157,0,0,0,0,0,0,3,4,0,0,0,0,0,0,0,0,,0,0,0,0,0,card-heavy-modern
html,html_7955.html,1362,0,0,0,1,0,0,3,1,1,0,0,0,0,1,0,0,,0,0,0,0,0,card-heavy-modern
html,html_12674.html,1872,0,0,0,1,0,1,3,0,0,0,0,0,1,0,0,0,,0,0,0,0,0,form-focused
html,html_14065.html,1543,0,0,0,1,0,1,3,3,0,0,0,0,1,0,0,0,,0,0,0,0,0,form-focused
html,html_7686.html,1814,0,0,0,1,0,0,5,1,0,0,0,0,1,1,0,0,,0,0,0,0,0,form-focused
html,html_12897.html,874,1,0,0,1,0,0,3,1,0,0,1,1,0,0,0,0,,0,0,0,0,0,card-heavy-modern
html,html_26.html,815,0,0,0,0,0,1,0,1,0,0,0,0,0,1,0,0,,0,0,0,0,0,card-heavy-modern
html,html_13918.html,1147,0,0,0,1,0,1,4,1,0,0,0,0,1,0,0,0,,0,0,0,0,0,form-focused
html,html_12744.html,1282,0,0,0,0,0,1,0,2,0,0,0,0,0,1,0,0,,0,0,0,0,0,card-heavy-modern
html,html_7843.html,987,0,0,0,1,0,0,4,4,0,0,0,0,1,1,0,0,,0,0,0,0,0,form-focused
html,html_7452.html,1501,0,0,2,0,0,1,0,5,0,0,0,0,0,0,0,0,,0,0,0,0,0,card-heavy-modern
html,html_8873.html,1128,0,0,0,0,0,1,0,1,0,0,0,0,0,1,0,0,,0,0,0,0,0,card-heavy-modern
html,html_3957.html,2185,1,0,1,0,1,2,0,1,0,0,0,0,0,0,0,0,,0,0,0,0,0,form-focused
html,html_8750.html,2054,0,0,3,1,0,1,3,3,0,0,0,0,1,1,0,0,,0,0,0,0,0,form-focused
html,html_9648.html,1960,0,0,3,1,0,0,6,3,0,0,1,0,0,0,0,0,,0,0,0,0,0,card-heavy-modern
html,html_9894.html,2057,0,0,0,1,0,1,6,0,0,0,0,0,1,1,0,0,,0,0,0,0,0,form-focused
html,html_11756.html,469,0,0,0,0,0,0,0,1,0,0,0,0,0,1,0,0,,0,0,0,0,0,card-heavy-modern
html,html_14872.html,747,0,0,0,0,0,0,0,0,0,0,0,0,0,0,0,0,,0,0,0,0,0,card-heavy-modern
html,html_11306.html,850,1,0,0,0,0,1,0,0,0,0,0,0,1,0,0,0,,0,0,0,0,0,form-focused
html,html_9788.html,1898,0,0,0,1,0,2,3,1,0,0,0,0,1,1,0,0,,0,0,0,0,0,form-focused
html,html_12658.html,1421,1,0,1,1,0,0,4,4,0,0,0,0,1,0,0,0,,0,0,0,0,0,form-focused
html,html_9473.html,2166,0,0,2,1,0,1,4,3,0,0,0,1,1,1,0,0,,0,0,0,0,0,form-focused
html,html_7890.html,1151,0,0,0,0,0,1,0,4,1,0,0,0,0,1,0,0,,0,0,0,0,0,card-heavy-modern
html,html_12830.html,1666,0,0,0,0,0,0,0,0,0,0,0,0,1,1,0,0,,0,0,0,0,0,form-focused
html,html_7048.html,2599,0,0,4,2,0,1,8,4,1,0,0,0,1,0,0,1,#faceb,0,0,0,0,0,form-focused
html,html_10025.html,1246,1,0,2,0,0,0,0,3,0,0,0,0,0,1,0,0,,0,0,0,0,0,card-heavy-modern
html,html_5697.html,1907,0,0,0,0,0,1,0,4,1,0,1,0,0,0,0,0,,0,0,0,0,0,card-heavy-modern
html,html_330.html,1566,0,0,0,0,0,0,0,0,0,0,0,0,0,1,0,0,,0,0,0,0,0,card-heavy-modern
html,html_11884.html,2910,1,0,0,0,0,1,0,1,0,0,1,0,0,1,0,0,,0,0,0,0,0,card-heavy-modern
html,html_1336.html,2494,1,0,1,1,1,1,6,6,0,0,0,0,1,1,0,0,,0,0,0,0,0,form-focused
html,html_1674.html,1870,2,0,0,0,1,1,0,1,0,0,0,0,1,0,0,0,,0,0,0,0,0,form-focused
html,html_13522.html,1491,0,0,0,0,0,0,0,3,0,0,0,0,0,1,0,0,,0,0,0,0,0,card-heavy-modern
html,html_14006.html,998,0,0,0,0,0,1,0,3,0,0,0,0,0,0,0,0,,0,0,0,0,0,card-heavy-modern
html,html_5464.html,2696,0,0,1,1,0,0,3,3,0,0,0,0,1,0,0,0,,0,0,0,0,0,form-focused
html,html_6281.html,2092,0,0,2,1,0,0,5,2,0,0,0,0,1,1,0,0,,0,0,0,0,0,form-focused
html,html_1571.html,940,1,0,0,1,0,0,0,2,0,0,0,0,1,0,0,0,,0,0,0,0,0,form-focused
html,html_1600.html,1980,1,0,2,1,0,0,5,3,0,0,0,0,1,0,0,0,,0,0,0,0,0,form-focused
html,html_378.html,980,0,0,0,0,0,1,0,1,0,0,0,0,0,1,0,0,,0,0,0,0,0,card-heavy-modern
html,html_2904.html,1593,0,0,0,0,0,0,0,7,0,0,1,0,1,0,0,0,,0,0,0,0,0,form-focused
html,html_9321.html,1380,0,0,0,0,0,0,0,1,0,0,0,0,0,1,0,0,,0,0,0,0,0,card-heavy-modern
html,html_2171.html,2430,0,0,0,1,0,0,3,1,0,0,0,0,1,1,0,0,,0,0,0,0,0,form-focused
html,html_870.html,682,0,0,1,0,0,0,0,1,0,0,0,0,0,0,1,0,,0,0,0,0,0,card-heavy-modern
html,html_11828.html,1948,0,0,0,0,0,1,1,1,0,0,0,0,0,1,0,0,,0,0,0,0,0,card-heavy-modern
html,html_11353.html,1959,0,0,0,0,1,1,0,4,0,0,0,0,1,0,1,0,,0,0,0,0,0,form-focused
html,html_12573.html,1522,0,0,0,0,0,2,0,0,0,0,0,0,0,1,0,0,,0,0,0,0,0,card-heavy-modern
html,html_12247.html,1562,0,0,0,0,0,0,0,3,0,0,0,0,0,0,1,0,,0,0,0,0,0,card-heavy-modern
html,html_5444.html,1675,0,0,3,0,0,1,0,3,0,0,0,0,0,0,0,0,,0,0,0,0,0,card-heavy-modern
html,html_12276.html,1077,0,0,0,0,0,1,0,1,0,0,0,0,0,0,0,0,,0,0,0,0,0,card-heavy-modern
html,html_8768.html,1077,0,0,0,0,0,1,0,1,0,0,0,0,0,1,0,0,,0,0,0,0,0,card-heavy-modern
html,html_9247.html,1624,0,0,0,1,0,1,5,1,0,0,0,0,1,1,1,0,,0,0,0,0,0,form-focused
html,html_8207.html,2256,0,0,1,1,0,2,7,0,1,0,0,0,1,1,0,0,,0,0,0,0,0,form-focused
html,html_13380.html,1522,0,0,0,1,0,2,4,3,0,0,0,0,1,0,0,0,,0,0,0,0,0,form-focused
html,html_5095.html,2283,0,0,0,1,0,3,3,1,0,0,0,0,1,0,0,0,,0,0,0,0,0,form-focused
html,html_1404.html,2164,0,0,2,1,0,1,4,2,0,0,0,0,1,1,0,0,,0,0,0,0,0,form-focused
html,html_13237.html,1405,0,0,0,0,0,3,0,1,0,0,0,0,0,0,1,0,,0,0,0,0,0,image-rich-gallery
html,html_8829.html,2346,0,0,0,0,0,0,0,3,0,0,0,1,1,0,0,0,,0,0,0,0,0,form-focused
html,html_8919.html,2168,1,0,0,0,0,1,0,4,0,1,0,0,1,0,1,0,,0,0,0,0,0,form-focused
html,html_7053.html,2411,0,0,0,1,0,0,3,1,0,0,0,1,1,1,0,0,,0,0,0,0,0,form-focused
html,html_11196.html,2204,0,0,0,1,0,0,4,1,0,0,0,0,0,1,0,0,,0,0,0,0,0,card-heavy-modern
html,html_11104.html,2106,0,0,3,1,0,0,3,3,0,0,0,0,0,0,0,0,,0,0,0,0,0,card-heavy-modern
html,html_7464.html,1387,0,0,0,0,0,1,0,3,0,0,1,0,0,0,0,0,,0,0,0,0,0,card-heavy-modern
html,html_12778.html,1212,0,0,0,0,0,0,0,3,0,0,1,0,0,0,0,0,,0,0,0,0,0,card-heavy-modern
html,html_1545.html,2142,0,0,0,0,0,0,3,4,0,0,0,0,0,1,0,1,#acc,0,0,0,0,0,card-heavy-modern
html,html_14908.html,2955,1,0,0,1,1,0,3,2,0,0,0,0,1,0,0,0,,0,0,0,0,0,form-focused
html,html_3433.html,1687,1,0,0,1,0,0,4,1,0,0,0,0,1,0,0,0,,0,0,0,0,0,form-focused
html,html_5263.html,1700,0,0,0,1,0,0,3,1,0,0,0,0,1,1,0,0,,0,0,0,0,0,form-focused
html,html_6329.html,727,0,2,2,0,0,0,0,3,0,0,0,0,0,0,1,0,,0,0,0,0,0,card-heavy-modern
html,html_7675.html,2039,0,0,5,0,0,0,0,5,0,1,1,0,0,1,0,0,,0,0,0,0,0,card-heavy-modern
html,html_4221.html,2112,1,0,0,1,0,0,3,0,0,0,0,0,1,1,0,0,,0,0,0,0,0,form-focused
html,html_14371.html,1160,0,0,3,1,0,1,3,3,0,0,0,0,0,0,0,1,#fea,0,0,0,0,0,card-heavy-modern
html,html_4282.html,1818,0,0,4,1,0,1,3,4,0,0,0,0,0,1,0,0,,0,0,0,0,0,card-heavy-modern
html,html_2826.html,1342,0,0,2,0,0,1,0,2,0,0,0,0,0,0,0,0,,0,0,0,0,0,card-heavy-modern
html,html_11204.html,1247,0,0,1,0,0,0,0,4,0,0,0,0,0,0,0,0,,0,0,0,0,0,card-heavy-modern
html,html_4521.html,1150,0,0,0,0,0,0,0,1,0,0,0,0,0,0,0,0,,0,0,0,0,0,card-heavy-modern
html,html_404.html,1255,0,0,0,1,0,2,4,0,0,0,0,0,1,0,1,0,,0,0,0,0,0,form-focused
html,html_10139.html,1549,0,0,0,0,0,2,0,1,0,0,0,0,0,0,0,0,,0,0,0,0,0,card-heavy-modern
html,html_13464.html,1920,1,0,5,0,0,3,3,8,0,0,1,0,1,1,0,0,,0,0,0,0,0,form-focused
html,html_8725.html,1665,0,0,0,1,0,1,4,1,0,0,0,0,1,1,0,0,,0,0,0,0,0,form-focused
html,html_9418.html,915,1,0,2,0,0,0,0,3,0,0,0,0,1,0,0,0,,0,0,0,0,0,form-focused
html,html_10889.html,1390,0,0,3,1,0,1,3,3,0,0,1,1,1,1,0,0,,0,0,0,0,0,form-focused
html,html_12353.html,854,0,0,0,1,0,1,0,1,0,1,0,0,0,0,0,0,,0,0,0,0,0,card-heavy-modern
html,html_14115.html,1479,0,0,0,1,0,1,0,2,0,0,1,0,0,0,0,0,,0,0,0,0,0,card-heavy-modern
html,html_1780.html,1746,0,0,0,1,0,0,3,1,0,0,0,0,1,0,0,0,,0,0,0,0,0,form-focused
html,html_725.html,909,0,0,0,0,0,0,0,1,0,0,0,0,0,1,0,0,,0,0,0,0,0,card-heavy-modern
html,html_10401.html,1120,0,0,0,1,0,1,0,1,0,0,0,0,1,1,0,0,,0,0,0,0,0,form-focused
html,html_7934.html,1852,0,0,0,1,0,0,5,2,0,0,0,0,1,0,0,0,,0,0,0,0,0,form-focused
html,html_2133.html,2225,0,0,0,1,0,0,4,3,0,0,0,0,1,1,1,0,,0,0,0,0,0,form-focused
html,html_10627.html,1272,0,0,0,1,0,1,4,0,0,0,0,0,1,1,0,0,,0,0,0,0,0,form-focused
html,html_7034.html,2096,1,0,0,1,1,0,5,1,0,0,0,0,1,1,0,0,,0,0,0,0,0,form-focused
html,html_2201.html,1224,0,0,1,1,0,0,4,2,0,0,0,0,1,1,0,0,,0,0,0,0,0,form-focused
html,html_413.html,1721,3,0,3,1,0,2,3,2,0,0,1,0,0,0,0,0,,0,0,0,0,0,card-heavy-modern
html,html_7807.html,1180,0,0,0,0,0,0,0,1,0,1,0,0,0,1,0,0,,0,0,0,0,0,card-heavy-modern
html,html_1955.html,1305,1,0,0,1,1,1,3,1,0,0,0,0,1,0,0,0,,0,0,0,0,0,form-focused
html,html_11281.html,1773,0,0,0,1,0,2,5,2,0,0,0,0,1,0,0,0,,0,0,0,0,0,form-focused
html,html_14029.html,1642,1,0,0,0,0,2,0,2,0,0,0,0,0,0,0,0,,0,0,0,0,0,card-heavy-modern
html,html_10192.html,1840,0,0,0,0,0,0,0,0,0,0,0,0,0,0,0,0,,0,0,0,0,0,card-heavy-modern
html,html_13930.html,1527,1,0,0,0,0,1,0,1,0,0,1,0,1,1,0,0,,0,0,0,0,0,form-focused
html,html_7263.html,2340,0,0,3,1,0,0,7,3,0,0,0,0,0,0,0,0,,0,0,0,0,0,card-heavy-modern
html,html_9356.html,1249,1,0,0,1,0,0,4,2,0,0,0,0,1,1,0,0,,0,0,0,0,0,form-focused
html,html_10120.html,1840,0,0,2,1,0,1,3,2,0,0,1,0,1,1,0,0,,0,0,0,0,0,form-focused
html,html_3995.html,2404,0,0,3,1,0,0,3,5,0,0,0,0,1,1,0,0,,0,0,0,0,0,form-focused
html,html_6193.html,2435,1,0,1,1,0,0,3,1,0,0,0,0,1,1,0,0,,0,0,0,0,0,form-focused
html,html_2951.html,1468,0,0,0,0,0,0,2,0,0,0,0,0,1,0,1,0,,0,0,0,0,0,form-focused
html,html_1590.html,1898,0,0,0,1,0,0,3,1,0,0,0,0,1,0,1,0,,0,0,0,0,0,form-focused
html,html_11235.html,1946,1,0,0,1,1,2,3,0,0,0,0,0,1,0,0,0,,0,0,0,0,0,form-focused
html,html_8816.html,1437,1,0,0,0,0,0,4,1,0,0,1,0,1,1,0,0,,0,0,0,0,0,form-focused
html,html_4009.html,1013,0,0,3,0,0,0,0,4,0,0,1,0,0,1,0,0,,0,0,0,0,0,card-heavy-modern
html,html_2015.html,2869,0,0,0,1,0,0,3,5,0,1,0,0,1,0,0,0,,0,0,0,0,0,form-focused
html,html_11729.html,1104,0,0,0,1,0,1,2,2,0,0,0,0,0,1,0,0,,0,0,0,0,0,card-heavy-modern
html,html_1057.html,2078,1,0,0,0,1,0,0,2,0,0,0,0,0,0,0,0,,0,0,0,0,0,form-focused
html,html_11750.html,1953,0,0,2,1,0,2,4,2,1,0,0,0,1,1,0,0,,0,0,0,0,0,form-focused
html,html_9292.html,972,0,0,3,0,0,0,0,4,0,0,1,0,0,0,0,0,,0,0,0,0,0,card-heavy-modern
html,html_8798.html,1642,0,0,0,0,0,4,0,0,0,0,0,0,0,0,1,0,,0,0,0,0,0,image-rich-gallery
html,html_4048.html,1751,0,0,0,1,0,1,2,4,0,0,1,0,0,0,0,1,#fea,0,0,0,0,0,card-heavy-modern
html,html_2216.html,1019,0,0,0,0,0,0,0,1,0,0,0,0,0,0,0,0,,0,0,0,0,0,card-heavy-modern
html,html_1422.html,2494,2,0,2,0,1,1,0,4,0,0,1,0,0,0,0,0,,0,0,0,0,0,form-focused
html,html_8276.html,1013,1,0,0,0,0,1,0,1,1,0,0,0,0,1,0,0,,0,0,0,0,0,card-heavy-modern
html,html_14879.html,1270,0,0,3,0,0,0,0,4,1,0,0,0,0,1,1,0,,0,0,0,0,0,card-heavy-modern
html,html_14667.html,719,0,0,1,1,0,0,0,1,0,0,0,0,0,0,0,0,,0,0,0,0,0,card-heavy-modern
html,html_5653.html,1786,0,0,0,0,0,0,0,6,0,0,0,0,1,0,0,0,,0,0,0,0,0,form-focused
html,html_14340.html,1801,0,0,0,0,0,0,0,4,0,0,0,0,0,1,1,0,,0,0,0,0,0,card-heavy-modern
html,html_7460.html,1681,0,0,1,1,0,1,4,1,0,0,0,0,1,0,0,0,,0,0,0,0,0,form-focused
html,html_5599.html,1186,0,0,0,0,0,0,1,1,0,0,0,0,0,0,0,0,,0,0,0,0,0,card-heavy-modern
html,html_2504.html,1792,0,0,4,1,0,0,3,5,0,0,0,0,0,0,0,0,,0,0,0,0,0,card-heavy-modern
html,html_6278.html,1577,1,0,0,0,0,0,0,0,0,0,0,0,1,1,0,0,,0,0,0,0,0,form-focused
html,html_4600.html,2760,1,0,2,1,0,4,6,2,1,0,0,0,1,1,0,0,,0,0,0,0,0,form-focused
html,html_1702.html,1620,0,0,0,1,0,5,7,0,0,0,0,0,1,0,0,0,,0,0,0,0,0,form-focused
html,html_8882.html,1832,0,0,3,1,0,1,3,4,0,0,0,0,1,1,0,0,,0,0,0,0,0,form-focused
html,html_4215.html,1538,0,0,0,0,0,0,0,2,0,0,0,0,1,1,0,0,,0,0,0,0,0,form-focused
html,html_859.html,1565,1,0,4,1,0,1,4,4,0,0,0,1,1,0,0,0,,0,0,0,0,0,form-focused
html,html_8252.html,1884,0,0,3,1,0,1,9,2,0,0,0,1,1,0,0,0,,0,0,0,0,0,form-focused
html,html_11664.html,1497,0,0,0,1,0,0,4,3,0,0,0,0,1,1,0,0,,0,0,0,0,0,form-focused
html,html_5497.html,1683,0,0,0,0,0,0,0,5,0,0,0,0,0,0,0,0,,0,0,0,0,0,card-heavy-modern
html,html_5251.html,1992,1,0,0,1,0,0,3,1,0,0,0,0,1,1,0,0,,0,0,0,0,0,form-focused
html,html_6077.html,1198,0,0,0,0,0,1,0,2,0,1,1,0,0,1,0,0,,0,0,0,0,0,card-heavy-modern
html,html_11965.html,781,0,0,1,0,0,0,0,2,0,0,0,0,0,0,0,0,,0,0,0,0,0,card-heavy-modern
html,html_4623.html,2781,0,0,0,1,0,0,3,4,0,0,0,0,1,0,1,1,#fea,0,0,0,0,0,form-focused
html,html_14219.html,4414,0,0,0,1,0,0,9,1,0,0,0,0,1,1,0,0,,0,0,0,0,0,form-focused
html,html_14230.html,1542,1,0,1,0,0,0,0,3,0,0,1,0,0,0,0,0,,0,0,0,0,0,card-heavy-modern
html,html_12716.html,661,0,0,0,0,0,0,0,2,0,0,0,0,0,0,0,0,,0,0,0,0,0,card-heavy-modern
html,html_12863.html,1829,0,0,0,1,0,0,3,1,0,0,0,0,1,1,0,0,,0,0,0,0,0,form-focused
html,html_2546.html,1973,0,0,2,1,0,0,7,4,0,0,1,0,1,0,0,0,,0,0,0,0,0,form-focused
html,html_11611.html,2044,0,0,0,1,0,3,4,1,0,0,0,0,1,1,0,0,,0,0,0,0,0,form-focused
html,html_6566.html,1444,0,0,3,1,0,0,4,3,0,0,1,0,0,1,0,0,,0,0,0,0,0,card-heavy-modern
html,html_5327.html,1083,1,0,1,0,0,0,0,2,0,0,0,0,1,1,0,0,,0,0,0,0,0,form-focused
html,html_5044.html,1971,0,0,0,0,0,1,3,3,0,0,0,0,0,0,0,0,,0,0,0,0,0,card-heavy-modern
html,html_8522.html,1722,0,0,0,1,0,0,3,1,0,0,0,0,1,0,1,0,,0,0,0,0,0,form-focused
html,html_120.html,1589,1,0,1,1,0,1,4,2,0,0,0,0,1,1,0,0,,0,0,0,0,0,form-focused
html,html_9011.html,726,0,0,2,0,0,0,0,3,0,0,0,0,0,0,0,0,,0,0,0,0,0,card-heavy-modern
html,html_744.html,1675,1,0,0,0,0,1,3,1,0,0,0,0,0,0,0,0,,0,0,0,0,0,card-heavy-modern
html,html_12361.html,2855,0,0,0,1,0,0,3,3,0,0,0,0,1,1,0,0,,0,0,0,0,0,form-focused
html,html_2238.html,1403,0,0,3,1,0,0,4,5,0,0,0,0,1,1,0,0,,0,0,0,0,0,form-focused
html,html_8933.html,2017,0,0,0,0,0,1,3,0,0,0,0,0,0,0,0,0,,0,0,0,0,0,card-heavy-modern
html,html_880.html,1846,2,0,0,0,0,1,0,4,0,0,0,0,0,0,0,0,,0,0,0,0,0,card-heavy-modern
html,html_14012.html,2323,1,0,0,1,0,0,3,1,0,0,0,0,1,0,1,0,,0,0,0,0,0,form-focused
html,html_486.html,2029,2,0,1,1,1,1,6,1,0,0,0,0,1,0,0,0,,0,0,0,0,0,form-focused
html,html_5371.html,1362,0,1,0,0,0,1,0,3,0,0,0,0,0,0,0,0,,0,0,0,0,0,card-heavy-modern
html,html_5908.html,2693,1,0,0,1,0,0,4,1,0,0,0,0,1,1,0,0,,0,0,0,0,0,form-focused
html,html_6035.html,1617,0,0,0,1,0,0,4,1,0,0,0,0,1,1,0,0,,0,0,0,0,0,form-focused
html,html_10152.html,2338,0,0,3,1,0,1,5,2,0,0,0,0,1,0,1,0,,0,0,0,0,0,form-focused
html,html_6553.html,1057,1,0,0,0,0,1,0,1,0,0,0,0,0,0,0,0,,0,0,0,0,0,card-heavy-modern
html,html_5927.html,1476,0,0,0,1,0,4,6,1,0,0,0,0,1,0,1,0,,0,0,0,0,0,form-focused
html,html_4722.html,2283,1,0,3,1,0,4,4,3,0,0,0,0,1,1,0,0,,0,0,0,0,0,form-focused
html,html_12381.html,2219,0,0,2,1,0,2,4,1,0,0,0,0,1,1,0,0,,0,0,0,0,0,form-focused
html,html_5446.html,1026,0,0,4,0,0,0,0,5,0,0,0,0,1,0,1,0,,0,0,0,0,0,form-focused
html,html_6656.html,3675,1,0,2,1,1,0,5,6,0,1,0,1,1,1,0,1,#fea,0,0,0,0,0,form-focused
html,html_3383.html,2871,0,0,1,1,0,0,7,1,0,0,1,0,0,1,0,0,,0,0,0,0,0,card-heavy-modern
html,html_1652.html,919,0,0,0,0,0,0,0,1,0,0,0,0,0,1,0,0,,0,0,0,0,0,card-heavy-modern
html,html_1410.html,1250,0,0,0,0,0,0,1,1,0,0,0,0,0,1,0,0,,0,0,0,0,0,card-heavy-modern
html,html_5954.html,2317,0,0,0,1,0,3,4,2,0,0,0,0,1,0,1,0,,0,0,0,0,0,form-focused
html,html_78.html,1555,0,0,0,1,0,0,4,4,0,0,0,0,1,1,0,0,,0,0,0,0,0,form-focused
html,html_6592.html,2057,1,0,2,1,1,4,7,3,0,1,0,0,1,1,0,0,,0,0,0,0,0,form-focused
html,html_5405.html,2117,0,0,0,1,0,2,4,1,0,0,0,0,0,1,0,0,,0,0,0,0,0,card-heavy-modern
html,html_9497.html,1076,0,0,0,0,0,0,0,2,0,0,0,0,0,0,0,0,,0,0,0,0,0,card-heavy-modern
html,html_10134.html,1768,0,0,4,1,0,1,4,4,0,0,0,0,1,0,0,1,#fac,0,0,0,0,0,form-focused
html,html_9856.html,1549,0,0,0,0,0,0,0,0,0,0,0,0,0,0,0,0,,0,0,0,0,0,card-heavy-modern
html,html_9211.html,2335,0,0,0,1,0,1,3,0,0,0,0,0,1,0,0,0,,0,0,0,0,0,form-focused
html,html_6961.html,1630,1,0,0,0,0,2,0,2,0,0,0,0,0,0,0,0,,0,0,0,0,0,card-heavy-modern
html,html_12246.html,1468,1,0,1,0,0,0,0,4,0,0,1,0,1,1,0,0,,0,0,0,0,0,form-focused
html,html_6141.html,736,0,0,0,0,0,1,0,0,0,0,0,0,0,0,0,0,,0,0,0,0,0,card-heavy-modern
html,html_6283.html,1506,0,0,1,1,0,0,5,3,0,0,0,0,1,1,0,0,,0,0,0,0,0,form-focused
html,html_4017.html,1969,1,0,0,1,0,0,4,1,0,0,0,0,0,1,0,0,,0,0,0,0,0,card-heavy-modern
html,html_10317.html,1586,0,0,2,1,0,1,3,1,0,0,0,0,1,1,0,0,,0,0,0,0,0,form-focused
html,html_10559.html,1195,0,0,4,1,0,0,0,5,0,0,0,0,0,0,0,0,,0,0,0,0,0,card-heavy-modern
html,html_14140.html,1352,0,0,0,1,0,1,2,1,0,0,0,0,0,1,0,0,,0,0,0,0,0,card-heavy-modern
html,html_761.html,1011,1,0,0,0,1,0,0,2,0,0,0,0,0,1,0,0,,0,0,0,0,0,form-focused
html,html_10768.html,1468,1,0,4,0,0,0,0,4,0,0,0,0,1,1,0,0,,0,0,0,0,0,form-focused
html,html_10068.html,2074,0,0,3,1,0,0,3,3,0,0,0,0,1,0,0,0,,0,0,0,0,0,form-focused
html,html_12721.html,2028,1,0,3,1,0,2,4,3,1,0,1,0,0,0,0,0,,0,0,0,0,0,card-heavy-modern
html,html_13804.html,1839,1,0,2,1,0,0,5,4,0,0,1,0,1,1,0,0,,0,0,0,0,0,form-focused
html,html_13786.html,1370,1,0,0,0,0,0,0,1,0,0,0,0,0,1,0,0,,0,0,0,0,0,card-heavy-modern
html,html_517.html,2094,0,0,0,0,0,0,3,1,0,0,0,0,1,1,0,0,,0,0,0,0,0,form-focused
html,html_4654.html,1395,0,0,0,0,0,0,0,3,0,0,1,0,0,1,0,0,,0,0,0,0,0,card-heavy-modern
html,html_3344.html,1737,0,0,3,1,0,0,3,3,0,0,0,0,1,1,0,0,,0,0,0,0,0,form-focused
html,html_8997.html,2841,1,0,0,0,1,4,0,0,0,0,0,0,0,0,0,0,,0,0,0,0,0,form-focused
html,html_3468.html,2617,1,0,2,0,0,1,4,6,0,0,0,0,1,1,0,0,,0,0,0,0,0,form-focused
html,html_7483.html,1298,0,0,3,1,0,2,3,3,0,0,0,0,1,1,0,0,,0,0,0,0,0,form-focused
html,html_13731.html,1416,0,0,0,1,0,2,0,1,0,0,0,0,0,0,0,0,,0,0,0,0,0,card-heavy-modern
html,html_5154.html,1205,0,0,0,0,0,1,0,3,0,0,0,0,0,0,0,0,,0,0,0,0,0,card-heavy-modern
html,html_9082.html,2007,0,0,1,1,0,1,6,1,0,0,0,0,1,1,0,0,,0,0,0,0,0,form-focused
html,html_6856.html,1055,0,0,2,0,0,0,3,4,0,0,0,0,1,0,1,0,,0,0,0,0,0,form-focused
html,html_10209.html,1091,0,0,1,0,0,0,0,1,0,0,0,0,0,0,0,0,,0,0,0,0,0,card-heavy-modern
html,html_10104.html,2199,0,0,0,1,0,0,3,1,0,0,0,0,1,1,0,0,,0,0,0,0,0,form-focused
html,html_5435.html,1833,0,0,2,1,0,0,7,4,0,0,0,1,1,1,0,0,,0,0,0,0,0,form-focused
html,html_1574.html,1657,0,0,0,0,0,2,0,3,0,0,1,0,0,1,0,0,,0,0,0,0,0,card-heavy-modern
html,html_1797.html,1846,1,0,1,1,0,1,0,1,0,0,0,0,1,0,0,0,,0,0,0,0,0,form-focused
html,html_5775.html,1772,0,0,2,0,0,1,0,3,0,0,0,0,0,1,0,0,,0,0,0,0,0,card-heavy-modern
html,html_11504.html,2238,1,0,4,1,0,0,4,4,0,0,0,0,1,1,0,0,,0,0,0,0,0,form-focused
html,html_5226.html,3471,1,0,0,1,1,0,5,3,0,0,0,0,1,1,0,0,,0,0,0,0,0,form-focused
html,html_14126.html,1907,0,0,0,1,0,2,5,3,0,0,0,0,1,1,0,0,,0,0,0,0,0,form-focused
html,html_481.html,1583,0,0,4,1,0,2,4,3,1,0,1,0,1,1,0,0,,0,0,0,0,0,form-focused
html,html_13919.html,1699,0,0,0,1,0,1,5,1,0,0,0,0,1,1,0,0,,0,0,0,0,0,form-focused
html,html_1442.html,1218,0,0,0,0,0,0,1,1,0,0,0,0,0,1,0,0,,0,0,0,0,0,card-heavy-modern
html,html_12565.html,1014,1,0,0,0,0,1,0,2,0,0,0,0,0,0,0,0,,0,0,0,0,0,card-heavy-modern
html,html_6854.html,1164,0,0,3,1,0,0,2,4,0,0,0,0,1,1,0,0,,0,0,0,0,0,form-focused
html,html_2293.html,824,1,0,0,0,0,0,0,3,0,0,0,0,0,0,1,0,,0,0,0,0,0,card-heavy-modern
html,html_6161.html,1508,0,0,1,1,0,0,1,3,0,0,1,0,0,0,0,0,,0,0,0,0,0,card-heavy-modern
html,html_8150.html,3415,1,0,1,0,0,2,5,1,0,0,0,0,0,0,0,0,,0,0,0,0,0,card-heavy-modern
html,html_2614.html,1451,0,0,4,0,0,1,0,6,0,0,0,0,1,0,0,0,,0,0,0,0,0,form-focused
html,html_2694.html,2678,1,0,2,1,1,0,3,4,0,0,1,0,0,0,0,0,,0,0,0,0,0,form-focused
html,html_4250.html,2205,0,0,0,1,0,0,3,1,0,0,0,0,0,0,0,0,,0,0,0,0,0,card-heavy-modern
html,html_200.html,1209,0,0,0,1,0,1,3,0,0,0,0,0,1,0,0,0,,0,0,0,0,0,form-focused
html,html_6753.html,1605,0,0,0,0,0,0,0,0,0,0,0,0,0,1,0,0,,0,0,0,0,0,card-heavy-modern
html,html_4294.html,1613,0,0,0,1,0,1,0,1,1,0,0,0,1,1,0,0,,0,0,0,0,0,form-focused
html,html_3338.html,1767,1,0,4,1,0,0,4,4,1,0,0,0,1,0,1,0,,0,0,0,0,0,form-focused
html,html_1660.html,2140,0,0,0,1,0,2,5,1,0,0,0,0,1,1,0,0,,0,0,0,0,0,form-focused
html,html_1208.html,1272,0,0,0,1,0,1,4,1,0,0,0,0,0,0,0,0,,0,0,0,0,0,card-heavy-modern
html,html_7518.html,2118,0,0,0,1,0,0,4,1,0,0,0,0,1,0,0,0,,0,0,0,0,0,form-focused
html,html_11225.html,1368,0,0,3,1,0,4,3,3,0,0,1,0,0,0,0,0,,0,0,0,0,0,card-heavy-modern
html,html_14783.html,1188,0,0,1,1,0,1,4,1,0,0,0,0,1,1,0,0,,0,0,0,0,0,form-focused
html,html_9681.html,2032,0,0,0,1,0,1,5,1,0,0,0,0,1,1,0,0,,0,0,0,0,0,form-focused
html,html_8093.html,1233,1,0,0,1,0,0,0,1,0,0,0,0,0,1,0,0,,0,0,0,0,0,card-heavy-modern
html,html_5606.html,2149,2,0,0,1,0,0,3,1,0,0,0,0,1,1,0,0,,0,0,0,0,0,form-focused
html,html_8978.html,2099,1,0,3,1,1,1,6,6,0,0,0,0,1,0,0,0,,0,0,0,0,0,form-focused
html,html_3188.html,915,0,0,0,0,0,0,3,1,0,0,0,1,0,0,0,0,,0,0,0,0,0,card-heavy-modern
html,html_5152.html,1289,0,0,3,1,0,0,3,4,0,0,0,0,0,1,0,0,,0,0,0,0,0,card-heavy-modern
html,html_4561.html,1462,1,0,0,1,0,0,0,0,0,0,0,0,0,1,0,0,,0,0,0,0,0,card-heavy-modern
html,html_8694.html,1387,0,0,1,2,0,1,5,1,0,0,0,0,1,1,0,0,,0,0,0,0,0,form-focused
html,html_13816.html,1888,0,0,2,1,0,3,3,2,0,0,0,0,1,0,0,0,,0,0,0,0,0,form-focused
html,html_10426.html,2030,2,0,0,1,1,0,3,4,0,0,0,0,1,0,0,0,,0,0,0,0,0,form-focused
html,html_8246.html,1405,1,0,1,1,0,2,7,1,1,0,0,1,1,0,0,0,,0,0,0,0,0,form-focused
html,html_5968.html,846,0,0,0,1,0,0,0,1,0,0,1,0,0,1,0,0,,0,0,0,0,0,card-heavy-modern
html,html_4112.html,880,0,0,0,0,0,1,0,1,0,0,0,0,0,1,0,0,,0,0,0,0,0,card-heavy-modern
html,html_2459.html,1929,0,0,0,0,0,1,0,0,0,0,0,0,0,0,0,0,,0,0,0,0,0,card-heavy-modern
html,html_14454.html,1655,0,0,1,0,0,3,0,5,0,0,0,0,0,1,0,0,,0,0,0,0,0,card-heavy-modern
html,html_5672.html,1154,0,0,0,0,0,0,0,3,0,0,0,1,1,1,0,0,,0,0,0,0,0,form-focused
html,html_10514.html,1833,0,0,4,1,0,0,4,5,0,0,0,0,1,1,1,0,,0,0,0,0,0,form-focused
html,html_2569.html,1442,0,0,2,0,0,1,0,5,0,0,1,0,1,1,0,0,,0,0,0,0,0,form-focused
html,html_7608.html,1234,1,0,0,1,0,0,4,3,0,1,0,0,1,0,0,0,,0,0,0,0,0,form-focused
html,html_1871.html,1413,0,0,0,0,0,0,1,1,0,0,0,0,0,1,0,0,,0,0,0,0,0,card-heavy-modern
html,html_13875.html,1431,1,0,0,0,0,0,3,3,0,0,1,0,1,0,0,0,,0,0,0,0,0,form-focused
html,html_4883.html,1504,1,0,2,0,1,0,0,3,0,0,0,0,0,0,0,0,,0,0,0,0,0,form-focused
html,html_11757.html,1518,0,0,1,1,0,1,4,1,0,0,0,0,1,1,0,0,,0,0,0,0,0,form-focused
html,html_6974.html,1620,0,0,0,1,0,2,5,1,1,0,0,0,1,1,0,0,,0,0,0,0,0,form-focused
html,html_8162.html,2020,0,0,0,1,0,0,7,1,0,0,0,0,1,0,1,0,,0,0,0,0,0,form-focused
html,html_5383.html,2099,1,0,3,1,1,0,4,3,0,0,0,0,1,0,1,0,,0,0,0,0,0,form-focused
html,html_9620.html,2113,1,0,0,1,1,1,6,2,0,0,0,0,1,0,0,0,,0,0,0,0,0,form-focused
html,html_4703.html,1315,1,0,0,1,0,1,5,1,0,0,0,0,1,1,0,0,,0,0,0,0,0,form-focused
html,html_2054.html,1541,2,0,2,1,0,1,0,2,0,0,0,0,1,1,0,0,,0,0,0,0,0,form-focused
html,html_6865.html,1623,1,0,0,0,0,1,0,1,0,1,0,0,0,0,0,0,,0,0,0,0,0,card-heavy-modern
html,html_98.html,2605,1,0,0,1,0,1,10,0,0,0,0,0,1,1,0,0,,0,0,0,0,0,form-focused
html,html_6053.html,1356,0,0,1,1,0,1,5,1,0,0,0,0,1,1,0,0,,0,0,0,0,0,form-focused
html,html_14836.html,1669,0,0,1,0,0,1,0,0,1,1,0,0,0,0,0,0,,0,0,0,0,0,card-heavy-modern
html,html_13809.html,1491,0,0,2,0,0,0,0,3,0,0,0,0,0,0,0,0,,0,0,0,0,0,card-heavy-modern
html,html_13275.html,1347,0,0,0,0,0,0,0,1,0,0,0,0,0,0,0,0,,0,0,0,0,0,card-heavy-modern
html,html_10087.html,2008,0,0,0,1,0,0,2,3,0,0,0,1,1,0,0,0,,0,0,0,0,0,form-focused
html,html_7662.html,1111,0,0,0,0,0,0,0,1,0,0,0,0,0,1,0,0,,0,0,0,0,0,card-heavy-modern
html,html_8313.html,2025,0,0,2,1,0,0,3,3,0,0,0,0,1,1,0,0,,0,0,0,0,0,form-focused
html,html_14409.html,1273,0,2,0,0,0,0,0,1,0,0,0,0,0,0,0,0,,0,0,0,0,0,card-heavy-modern
html,html_14799.html,1622,0,0,2,1,0,0,4,3,0,0,0,0,1,1,0,0,,0,0,0,0,0,form-focused
html,html_1818.html,1918,0,0,2,1,0,2,4,2,1,0,0,0,1,1,0,0,,0,0,0,0,0,form-focused
html,html_522.html,1706,0,0,2,1,0,2,4,1,0,0,0,0,1,1,0,0,,0,0,0,0,0,form-focused
html,html_2280.html,2150,1,0,0,0,1,1,0,2,0,0,0,0,0,0,0,0,,0,0,0,0,0,form-focused
html,html_4414.html,1339,0,0,0,0,0,0,0,4,1,0,0,0,0,0,0,0,,0,0,0,0,0,card-heavy-modern
html,html_13290.html,1402,0,0,0,0,0,0,0,0,0,0,0,0,0,0,0,0,,0,0,0,0,0,card-heavy-modern
html,html_14357.html,1813,1,0,0,1,0,1,3,1,1,0,0,0,1,1,0,0,,0,0,0,0,0,form-focused
html,html_8991.html,1964,1,0,0,1,0,0,3,1,0,0,0,0,1,1,0,0,,0,0,0,0,0,form-focused
html,html_14106.html,2214,1,0,1,1,0,1,4,1,0,0,0,0,1,0,0,0,,0,0,0,0,0,form-focused
html,html_3408.html,897,0,0,0,0,0,0,0,5,0,0,0,0,0,1,0,0,,0,0,0,0,0,card-heavy-modern
html,html_6098.html,1556,1,0,1,1,0,1,7,2,0,0,0,0,1,1,0,0,,0,0,0,0,0,form-focused
html,html_6474.html,1321,0,0,1,0,0,0,0,3,0,0,0,0,0,1,0,0,,0,0,0,0,0,card-heavy-modern
html,html_5173.html,1414,0,0,0,1,0,1,4,1,0,0,0,0,1,0,0,0,,0,0,0,0,0,form-focused
html,html_9553.html,3362,1,0,0,1,0,0,7,1,0,0,0,0,1,0,0,0,,0,0,0,0,0,form-focused
html,html_8200.html,2078,0,0,0,1,0,1,4,1,0,0,0,0,1,0,0,0,,0,0,0,0,0,form-focused
html,html_9390.html,2145,1,0,1,1,0,1,3,1,0,0,0,0,1,0,1,0,,0,0,0,0,0,form-focused
html,html_144.html,1429,0,0,0,0,0,0,1,4,0,1,0,0,0,0,0,0,,0,0,0,0,0,card-heavy-modern
html,html_6871.html,2435,0,0,0,0,0,0,0,0,0,0,0,1,1,1,1,0,,0,0,0,0,0,form-focused
html,html_38.html,1606,1,0,0,0,0,1,0,5,0,0,1,0,0,0,0,0,,0,0,0,0,0,card-heavy-modern
html,html_5085.html,1974,0,0,0,0,0,1,0,0,0,0,0,0,1,1,0,0,,0,0,0,0,0,form-focused
html,html_6315.html,1854,1,0,0,0,1,4,9,3,0,0,0,1,1,0,0,0,,0,0,0,0,0,form-focused
html,html_8731.html,1137,0,0,3,1,0,1,3,3,0,0,0,0,1,0,0,0,,0,0,0,0,0,form-focused
html,html_6948.html,986,0,0,0,0,0,0,0,3,0,0,0,0,0,1,0,0,,0,0,0,0,0,card-heavy-modern
html,html_14708.html,1903,0,0,0,0,0,3,0,0,1,1,0,0,0,0,0,0,,0,0,0,0,0,card-heavy-modern
html,html_12424.html,1345,1,0,1,0,0,0,0,1,0,0,0,0,0,1,0,0,,0,0,0,0,0,card-heavy-modern
html,html_3845.html,2660,0,0,0,1,0,0,7,1,0,0,0,0,1,1,0,0,,0,0,0,0,0,form-focused
html,html_5045.html,1529,0,0,0,0,0,1,0,0,0,0,0,0,0,0,0,0,,0,0,0,0,0,card-heavy-modern
html,html_14016.html,1244,1,0,0,0,0,1,0,1,0,0,0,0,0,0,0,0,,0,0,0,0,0,card-heavy-modern
html,html_6423.html,1534,2,0,0,0,0,1,0,1,0,0,0,0,0,1,0,0,,0,0,0,0,0,card-heavy-modern
html,html_3947.html,1818,0,0,0,1,0,0,3,1,0,0,0,0,1,0,0,0,,0,0,0,0,0,form-focused
html,html_12737.html,2896,0,0,1,1,0,0,7,0,0,0,0,0,1,0,1,0,,0,0,0,0,0,form-focused
html,html_6118.html,1811,0,0,0,1,0,0,3,1,0,0,0,0,1,1,0,0,,0,0,0,0,0,form-focused
html,html_8595.html,2760,0,0,0,1,0,0,6,2,0,0,0,0,0,0,0,0,,0,0,0,0,0,card-heavy-modern
html,html_14361.html,1067,1,0,0,1,0,0,4,1,0,0,0,0,1,1,0,0,,0,0,0,0,0,form-focused
html,html_8048.html,1084,0,0,0,0,0,1,0,1,0,0,0,0,0,0,0,0,,0,0,0,0,0,card-heavy-modern
html,html_5793.html,1517,1,0,0,0,0,0,0,5,0,0,0,0,0,0,0,0,,0,0,0,0,0,card-heavy-modern
html,html_12120.html,2189,1,0,0,1,1,0,4,1,0,0,0,0,1,1,0,0,,0,0,0,0,0,form-focused
html,html_14372.html,2413,0,0,3,1,0,3,5,4,0,1,0,0,1,0,0,0,,0,0,0,0,0,form-focused
html,html_3576.html,1895,0,0,3,1,0,0,4,3,0,0,0,0,0,1,0,0,,0,0,0,0,0,card-heavy-modern
html,html_3290.html,2344,0,0,0,1,0,2,5,1,0,0,0,0,0,0,0,0,,0,0,0,0,0,card-heavy-modern
html,html_5077.html,1697,2,0,0,1,1,1,7,1,0,0,0,0,1,1,0,0,,0,0,0,0,0,form-focused
html,html_642.html,2312,0,0,0,0,0,3,0,4,0,0,0,0,0,0,0,0,,0,0,0,0,0,card-heavy-modern
html,html_1746.html,2346,1,0,0,1,0,1,3,1,0,0,0,0,1,1,0,0,,0,0,0,0,0,form-focused
html,html_7936.html,1479,0,0,2,0,0,0,0,3,0,0,0,0,0,1,0,0,,0,0,0,0,0,card-heavy-modern
html,html_10084.html,708,1,0,0,0,0,0,0,1,0,0,0,0,0,1,0,0,,0,0,0,0,0,card-heavy-modern
html,html_13473.html,1104,0,0,0,0,0,0,0,3,0,0,0,0,1,1,0,0,,0,0,0,0,0,form-focused
html,html_14570.html,1571,0,0,0,0,0,0,0,3,0,0,0,0,0,1,0,0,,0,0,0,0,0,card-heavy-modern
html,html_7906.html,982,0,0,0,1,0,0,3,1,0,0,1,0,0,0,0,0,,0,0,0,0,0,card-heavy-modern
html,html_2374.html,2537,1,0,1,1,0,0,4,2,0,0,0,0,1,1,0,0,,0,0,0,0,0,form-focused
html,html_10708.html,1009,1,0,0,0,0,0,0,1,0,0,0,0,1,0,0,0,,0,0,0,0,0,form-focused
html,html_7880.html,1501,0,0,0,1,0,1,4,1,0,0,0,0,1,0,1,0,,0,0,0,0,0,form-focused
html,html_8611.html,1557,0,0,0,1,0,0,4,2,0,0,0,0,1,1,0,0,,0,0,0,0,0,form-focused
html,html_11950.html,1579,0,0,0,1,0,2,4,1,1,0,0,0,1,1,0,0,,0,0,0,0,0,form-focused
html,html_2813.html,2098,0,0,3,0,0,0,3,3,0,0,0,0,0,1,0,0,,0,0,0,0,0,card-heavy-modern
html,html_3148.html,1828,0,0,0,1,0,0,3,1,0,0,0,0,1,1,0,0,,0,0,0,0,0,form-focused
html,html_5577.html,967,0,0,0,0,0,1,0,1,0,0,0,0,0,0,0,0,,0,0,0,0,0,card-heavy-modern
html,html_6487.html,2605,0,0,0,1,0,1,7,1,1,0,0,0,1,1,0,0,,0,0,0,0,0,form-focused
html,html_10030.html,1938,0,0,0,0,0,1,1,1,0,0,0,0,1,1,0,0,,0,0,0,0,0,form-focused
html,html_7975.html,1461,0,0,0,0,0,2,0,2,0,0,0,0,0,0,1,0,,0,0,0,0,0,image-rich-gallery
html,html_369.html,2418,0,0,0,0,0,0,0,0,0,0,0,0,0,1,0,0,,0,0,0,0,0,card-heavy-modern
html,html_3721.html,3353,0,0,0,1,0,4,3,0,1,0,0,0,0,1,0,0,,0,0,0,0,0,card-heavy-modern
html,html_14618.html,2078,1,0,0,1,0,1,4,1,0,0,0,0,1,0,0,0,,0,0,0,0,0,form-focused
html,html_10106.html,2301,0,0,1,1,0,0,4,1,0,0,0,0,1,1,0,0,,0,0,0,0,0,form-focused
html,html_7220.html,2412,0,0,0,1,0,0,3,4,0,0,0,0,0,1,0,0,,0,0,0,0,0,card-heavy-modern
html,html_3984.html,2303,0,0,0,1,0,4,4,4,0,0,0,0,1,0,0,0,,0,0,0,0,0,form-focused
html,html_10041.html,1240,0,0,0,1,0,1,4,1,1,0,0,0,1,0,0,0,,0,0,0,0,0,form-focused
html,html_8705.html,1572,0,0,0,1,0,1,3,1,0,0,0,0,1,0,0,0,,0,0,0,0,0,form-focused
html,html_9898.html,1228,1,0,0,0,1,1,0,2,0,0,0,0,1,0,0,0,,0,0,0,0,0,form-focused
html,html_6979.html,1426,0,0,0,1,0,1,4,1,0,0,0,0,0,1,0,0,,0,0,0,0,0,card-heavy-modern
html,html_2264.html,1781,0,0,0,1,0,1,3,0,0,0,0,0,1,1,0,0,,0,0,0,0,0,form-focused
html,html_7128.html,1141,0,0,0,1,0,1,4,1,0,0,0,0,1,1,0,0,,0,0,0,0,0,form-focused
html,html_11184.html,1388,0,1,0,1,0,2,4,2,0,0,0,0,1,0,0,0,,0,0,0,0,0,form-focused
html,html_9350.html,2409,0,0,0,1,0,0,4,0,0,0,0,0,1,0,0,0,,0,0,0,0,0,form-focused
html,html_3044.html,1363,0,0,3,0,0,1,0,4,0,0,1,0,0,0,0,0,,0,0,0,0,0,card-heavy-modern
html,html_13231.html,2716,0,0,0,1,0,0,5,2,0,0,1,0,1,1,0,0,,0,0,0,0,0,form-focused
html,html_6026.html,2275,0,0,0,1,0,1,4,3,0,0,0,0,1,1,0,0,,0,0,0,0,0,form-focused
html,html_6505.html,1704,0,0,0,1,0,2,3,2,0,0,0,0,1,1,0,0,,0,0,0,0,0,form-focused
html,html_11403.html,1704,0,0,0,0,0,0,0,0,0,0,0,0,0,0,0,0,,0,0,0,0,0,card-heavy-modern
html,html_2254.html,1783,0,0,2,2,0,1,8,1,1,0,0,0,0,1,0,0,,0,0,0,0,0,card-heavy-modern
html,html_6618.html,1736,0,0,2,1,0,2,2,3,0,0,1,0,0,0,0,0,,0,0,0,0,0,card-heavy-modern
html,html_10254.html,2504,0,0,0,1,0,0,3,1,0,0,0,0,0,1,0,0,,0,0,0,0,0,card-heavy-modern
html,html_14231.html,948,0,0,4,0,0,0,0,5,0,0,0,0,1,0,0,0,,0,0,0,0,0,form-focused
html,html_384.html,1346,0,0,3,0,0,0,0,4,0,0,0,0,0,0,0,0,,0,0,0,0,0,card-heavy-modern
html,html_1543.html,1285,0,0,0,0,0,0,0,3,0,0,0,0,0,0,0,0,,0,0,0,0,0,card-heavy-modern
html,html_13587.html,1313,1,0,0,1,0,1,4,0,0,0,0,0,1,0,0,0,,0,0,0,0,0,form-focused
html,html_2760.html,2145,1,0,2,1,0,2,5,4,0,0,0,0,1,0,0,0,,0,0,0,0,0,form-focused
html,html_12158.html,1120,0,0,2,1,0,0,5,3,0,0,0,0,1,0,0,0,,0,0,0,0,0,form-focused
html,html_2838.html,2185,0,0,3,0,0,0,0,10,0,0,0,0,1,1,0,0,,0,0,0,0,0,form-focused
html,html_5727.html,1350,0,0,0,0,0,0,0,5,0,0,1,0,0,0,0,0,,0,0,0,0,0,card-heavy-modern
html,html_1722.html,981,0,0,0,1,0,1,4,0,0,0,0,0,1,0,0,0,,0,0,0,0,0,form-focused
html,html_13064.html,1982,0,0,3,1,0,0,3,4,0,0,0,0,0,0,0,1,#acade,0,0,0,0,0,card-heavy-modern
html,html_14033.html,2499,1,0,1,0,1,1,0,2,0,0,0,0,0,0,0,0,,0,0,0,0,0,form-focused
html,html_9411.html,2279,1,0,0,1,0,1,5,4,0,0,0,0,1,0,0,0,,0,0,0,0,0,form-focused
html,html_14635.html,2334,0,0,0,1,0,0,3,1,0,0,0,0,1,1,0,0,,0,0,0,0,0,form-focused
html,html_12646.html,2111,1,0,0,1,0,0,3,1,0,0,0,0,1,1,0,0,,0,0,0,0,0,form-focused
html,html_2143.html,2413,0,0,3,1,0,3,3,5,0,0,1,1,1,0,0,0,,0,0,0,0,0,form-focused
html,html_8947.html,1871,0,0,1,0,0,1,0,5,0,0,0,0,0,0,1,0,,0,0,0,0,0,image-rich-gallery
html,html_7093.html,1324,0,0,0,0,0,1,0,3,0,0,0,0,0,0,1,0,,0,0,0,0,0,image-rich-gallery
html,html_7393.html,1728,0,0,0,1,0,0,2,1,0,0,0,0,1,0,0,0,,0,0,0,0,0,form-focused
html,html_2452.html,1311,0,0,0,1,0,0,3,2,0,0,1,0,0,1,0,0,,0,0,0,0,0,card-heavy-modern
html,html_1681.html,1456,0,0,0,1,0,2,4,1,0,0,0,0,1,1,0,0,,0,0,0,0,0,form-focused
html,html_2471.html,1118,0,0,0,0,0,1,0,1,0,0,0,0,0,0,0,0,,0,0,0,0,0,card-heavy-modern
html,html_7247.html,1610,0,0,0,1,0,4,6,1,0,0,0,0,1,0,0,0,,0,0,0,0,0,form-focused
html,html_1144.html,1250,0,0,0,0,0,3,0,4,0,1,0,0,0,0,0,0,,0,0,0,0,0,card-heavy-modern
html,html_3607.html,1324,0,0,0,0,0,0,1,2,1,0,0,0,0,0,0,0,,0,0,0,0,0,card-heavy-modern
html,html_7249.html,1328,1,0,0,1,0,1,6,1,0,1,0,0,0,0,0,0,,0,0,0,0,0,card-heavy-modern
html,html_14199.html,1991,0,0,0,1,0,4,4,1,0,0,0,0,1,0,0,0,,0,0,0,0,0,form-focused
html,html_12054.html,1502,0,0,1,1,0,0,4,3,0,0,0,0,1,1,0,0,,0,0,0,0,0,form-focused
html,html_5503.html,1963,0,0,0,0,0,1,0,4,0,0,0,0,1,1,0,0,,0,0,0,0,0,form-focused
html,html_13117.html,2214,1,0,0,0,1,0,0,1,0,0,0,0,0,1,0,0,,0,0,0,0,0,form-focused
html,html_7541.html,2194,0,0,2,1,0,0,4,3,0,0,1,0,0,1,0,0,,0,0,0,0,0,card-heavy-modern
html,html_6915.html,1405,0,0,0,1,0,1,1,1,0,0,0,0,0,0,1,0,,0,0,0,0,0,image-rich-gallery
html,html_14449.html,1530,0,0,4,1,0,4,4,4,0,0,1,0,1,1,0,0,,0,0,0,0,0,form-focused
html,html_11682.html,926,0,0,0,1,0,1,4,0,0,0,0,0,0,1,0,0,,0,0,0,0,0,card-heavy-modern
html,html_12963.html,1613,1,0,2,0,0,1,0,3,0,0,0,0,0,0,0,0,,0,0,0,0,0,card-heavy-modern
html,html_10723.html,2453,0,0,2,0,0,1,0,13,0,0,0,0,0,0,0,0,,0,0,0,0,0,card-heavy-modern
html,html_7450.html,971,1,0,0,0,0,0,0,3,0,0,0,0,0,0,0,0,,0,0,0,0,0,card-heavy-modern
html,html_10743.html,877,0,0,0,0,0,0,3,4,0,0,1,0,0,0,0,0,,0,0,0,0,0,card-heavy-modern
html,html_9235.html,917,0,0,0,1,0,0,0,1,0,0,0,0,0,0,0,0,,0,0,0,0,0,card-heavy-modern
html,html_1250.html,1674,0,0,0,1,0,0,3,1,0,0,0,0,0,0,1,0,,0,0,0,0,0,card-heavy-modern
html,html_3360.html,1343,3,0,0,0,0,1,0,1,0,0,0,0,0,0,0,0,,0,0,0,0,0,card-heavy-modern
html,html_11758.html,2048,0,0,1,1,0,1,3,1,0,0,0,0,1,0,0,0,,0,0,0,0,0,form-focused
html,html_13264.html,1675,1,0,0,0,0,1,0,1,0,0,0,0,1,1,0,0,,0,0,0,0,0,form-focused
html,html_962.html,1433,0,0,0,1,0,2,4,1,0,0,0,0,1,0,0,0,,0,0,0,0,0,form-focused
html,html_60.html,1629,0,0,0,1,0,1,4,1,1,0,0,0,1,1,0,0,,0,0,0,0,0,form-focused
html,html_3091.html,1453,0,0,0,0,0,0,0,1,0,0,0,0,0,0,0,0,,0,0,0,0,0,card-heavy-modern
html,html_14687.html,1452,1,0,0,1,0,0,4,1,0,0,0,0,1,0,0,0,,0,0,0,0,0,form-focused
html,html_1672.html,1212,1,0,1,0,0,1,0,3,0,0,0,0,1,1,0,0,,0,0,0,0,0,form-focused
html,html_2334.html,1415,1,0,0,0,0,0,4,2,0,0,0,0,1,1,0,0,,0,0,0,0,0,form-focused
html,html_322.html,821,0,0,0,0,0,1,0,1,0,0,0,0,0,0,0,0,,0,0,0,0,0,card-heavy-modern
html,html_2711.html,2280,0,0,2,1,0,2,3,5,0,0,0,0,1,0,0,0,,0,0,0,0,0,form-focused
html,html_662.html,1724,0,0,0,1,0,2,0,4,0,0,0,0,1,0,0,0,,0,0,0,0,0,form-focused
html,html_4633.html,1523,0,0,0,1,0,1,3,1,0,0,0,0,0,0,1,0,,0,0,0,0,0,image-rich-gallery
html,html_7612.html,1249,0,0,0,0,0,0,0,4,0,0,1,0,0,0,0,0,,0,0,0,0,0,card-heavy-modern
html,html_13838.html,2110,0,0,4,1,0,0,3,4,0,0,0,0,0,1,0,0,,0,0,0,0,0,card-heavy-modern
html,html_6659.html,756,0,0,0,1,0,0,0,1,0,0,0,0,0,0,0,0,,0,0,0,0,0,card-heavy-modern
html,html_3581.html,1032,0,0,0,1,0,2,0,1,1,0,0,0,0,1,0,0,,0,0,0,0,0,card-heavy-modern
html,html_2985.html,1928,2,0,3,0,1,1,0,5,0,0,1,0,0,1,0,0,,0,0,0,0,0,form-focused
html,html_10180.html,1006,0,0,0,0,0,0,0,1,0,0,0,0,0,0,0,0,,0,0,0,0,0,card-heavy-modern
html,html_8851.html,898,0,1,0,0,0,0,0,1,0,1,0,0,0,0,0,0,,0,0,0,0,0,card-heavy-modern
html,html_9373.html,1732,0,0,0,0,0,1,0,3,0,0,0,0,0,1,0,0,,0,0,0,0,0,card-heavy-modern
html,html_3494.html,2054,1,0,1,1,0,0,5,1,0,0,0,0,1,0,0,0,,0,0,0,0,0,form-focused
html,html_12020.html,1548,0,0,0,1,0,2,4,1,0,1,0,0,1,1,0,0,,0,0,0,0,0,form-focused
html,html_3137.html,3858,1,0,0,1,1,1,3,3,0,1,0,0,1,0,0,0,,0,0,0,0,0,form-focused
html,html_9989.html,1138,1,0,0,0,0,0,0,1,0,0,0,0,0,0,0,0,,0,0,0,0,0,card-heavy-modern
html,html_9561.html,2607,0,0,0,0,0,0,1,4,0,0,0,0,1,0,1,0,,0,0,0,0,0,form-focused
html,html_13848.html,1697,0,0,0,1,1,2,4,2,0,0,0,0,1,1,0,0,,0,0,0,0,0,form-focused
html,html_5780.html,907,1,0,1,0,0,1,0,2,0,0,0,0,0,0,0,0,,0,0,0,0,0,card-heavy-modern
html,html_10340.html,2667,0,0,3,1,0,0,5,4,0,0,0,0,1,0,1,0,,0,0,0,0,0,form-focused
html,html_1624.html,2072,0,0,0,1,0,4,5,3,0,0,1,0,1,1,0,0,,0,0,0,0,0,form-focused
html,html_6205.html,1469,0,0,0,1,0,1,4,1,0,0,0,0,1,1,0,0,,0,0,0,0,0,form-focused
html,html_12731.html,1977,0,0,0,0,0,2,0,0,0,0,0,0,0,0,1,0,,0,0,0,0,0,image-rich-gallery
html,html_7197.html,751,0,0,0,0,0,0,0,3,0,0,0,0,0,0,0,0,,0,0,0,0,0,card-heavy-modern
html,html_12566.html,1447,0,0,0,1,0,1,4,2,0,0,0,0,1,0,0,0,,0,0,0,0,0,form-focused
html,html_2818.html,2680,1,0,0,1,0,0,5,2,0,0,0,0,1,0,0,0,,0,0,0,0,0,form-focused
html,html_10328.html,2365,0,0,1,1,0,0,7,1,0,0,0,0,1,1,0,0,,0,0,0,0,0,form-focused
html,html_2647.html,766,0,0,0,0,0,0,0,0,0,0,0,0,0,0,0,0,,0,0,0,0,0,card-heavy-modern
html,html_7809.html,1452,2,0,1,1,0,0,4,1,0,0,0,0,1,1,0,0,,0,0,0,0,0,form-focused
html,html_1102.html,1014,0,0,0,0,0,0,0,1,0,0,0,0,0,1,0,0,,0,0,0,0,0,card-heavy-modern
html,html_7206.html,1585,0,0,0,0,0,4,0,4,0,0,0,0,0,0,0,0,,0,0,0,0,0,card-heavy-modern
html,html_644.html,1327,1,0,0,0,0,1,0,1,0,0,0,0,0,0,0,0,,0,0,0,0,0,card-heavy-modern
html,html_215.html,1927,1,2,0,1,1,0,8,4,0,0,0,0,1,0,0,0,,0,0,0,0,0,form-focused
html,html_6554.html,2012,0,0,0,1,0,1,4,1,0,0,0,0,1,1,0,0,,0,0,0,0,0,form-focused
html,html_8678.html,2174,0,0,0,1,0,1,4,1,0,0,0,0,1,1,0,0,,0,0,0,0,0,form-focused
html,html_9396.html,2071,0,0,1,2,0,1,6,1,0,0,0,0,1,1,0,0,,0,0,0,0,0,form-focused
html,html_12651.html,1393,1,0,0,0,0,0,0,1,0,0,0,0,0,1,0,0,,0,0,0,0,0,card-heavy-modern
html,html_13797.html,1131,0,0,0,0,0,0,0,1,0,0,0,0,0,0,0,0,,0,0,0,0,0,card-heavy-modern
html,html_8523.html,1413,0,0,0,0,0,0,0,1,1,0,0,0,0,0,0,0,,0,0,0,0,0,card-heavy-modern
html,html_8607.html,1185,0,0,1,1,0,1,4,3,0,0,0,0,1,0,0,0,,0,0,0,0,0,form-focused
html,html_12034.html,933,0,3,3,0,0,0,0,4,0,0,1,0,0,0,0,0,,0,0,0,0,0,card-heavy-modern
html,html_12554.html,942,0,0,1,1,0,0,3,2,0,1,0,0,1,0,0,0,,0,0,0,0,0,form-focused
html,html_7430.html,1586,0,0,0,1,0,0,4,2,0,0,1,0,1,1,0,0,,0,0,0,0,0,form-focused
html,html_11727.html,1260,0,0,1,1,0,1,3,1,0,0,0,0,0,1,0,0,,0,0,0,0,0,card-heavy-modern
html,html_72.html,1290,0,0,0,1,0,1,5,1,0,0,0,0,0,0,0,0,,0,0,0,0,0,card-heavy-modern
html,html_8055.html,1425,0,0,0,1,0,1,4,1,0,0,0,0,1,1,0,0,,0,0,0,0,0,form-focused
html,html_8797.html,2073,0,0,1,1,0,1,3,1,0,0,0,0,1,0,0,0,,0,0,0,0,0,form-focused
html,html_7253.html,2117,0,0,0,1,0,3,6,1,0,0,0,0,1,0,1,0,,0,0,0,0,0,form-focused
html,html_12699.html,1020,0,0,0,0,0,1,0,1,0,0,0,0,0,1,0,0,,0,0,0,0,0,card-heavy-modern
html,html_14291.html,1683,0,0,1,1,0,2,4,2,1,1,0,0,1,1,0,0,,0,0,0,0,0,form-focused
html,html_5594.html,1224,1,0,0,0,0,0,0,0,0,0,0,0,0,0,0,0,,0,0,0,0,0,card-heavy-modern
html,html_8839.html,2209,0,0,0,1,0,0,3,2,0,0,0,0,1,0,0,0,,0,0,0,0,0,form-focused
html,html_3587.html,1021,0,0,3,0,0,1,0,4,0,0,0,0,1,1,0,0,,0,0,0,0,0,form-focused
html,html_2787.html,993,1,0,0,0,0,1,0,1,0,0,0,0,0,1,0,0,,0,0,0,0,0,card-heavy-modern
html,html_14508.html,2195,0,0,3,1,0,1,3,3,0,0,0,0,1,1,0,0,,0,0,0,0,0,form-focused
html,html_6861.html,1192,0,0,0,1,0,1,3,1,0,0,0,0,0,0,0,0,,0,0,0,0,0,card-heavy-modern
html,html_13345.html,1317,0,0,0,1,0,1,3,3,0,0,0,0,1,0,0,0,,0,0,0,0,0,form-focused
html,html_13701.html,1117,0,0,0,1,0,0,6,1,0,0,0,0,0,0,0,0,,0,0,0,0,0,card-heavy-modern
html,html_4701.html,2849,0,0,0,1,0,0,4,0,0,0,0,0,1,1,0,0,,0,0,0,0,0,form-focused
html,html_1916.html,1422,1,0,0,0,0,0,0,3,0,0,0,0,1,0,0,0,,0,0,0,0,0,form-focused
html,html_7226.html,2549,0,0,0,0,0,1,0,6,0,0,1,0,0,1,0,0,,0,0,0,0,0,card-heavy-modern
html,html_1395.html,1246,0,0,3,0,0,0,0,4,0,0,1,0,0,1,0,0,,0,0,0,0,0,card-heavy-modern
html,html_9199.html,1595,0,0,3,1,0,0,3,3,0,0,1,0,0,1,0,0,,0,0,0,0,0,card-heavy-modern
html,html_1851.html,2556,0,0,0,1,0,0,5,1,0,1,0,0,1,1,0,0,,0,0,0,0,0,form-focused
html,html_532.html,1817,0,0,1,1,0,0,3,1,0,0,0,0,1,0,0,0,,0,0,0,0,0,form-focused
html,html_9036.html,1845,0,0,1,1,0,1,4,2,0,0,0,0,1,0,0,0,,0,0,0,0,0,form-focused
html,html_4075.html,1617,1,0,0,1,0,0,3,1,0,0,0,0,0,0,0,0,,0,0,0,0,0,card-heavy-modern
html,html_656.html,1672,1,0,0,1,0,1,2,1,0,0,0,0,0,1,0,0,,0,0,0,0,0,card-heavy-modern
html,html_13347.html,1602,0,0,0,1,0,0,4,1,0,0,0,1,1,1,0,0,,0,0,0,0,0,form-focused
html,html_12333.html,2101,0,0,3,1,0,4,7,3,0,0,0,0,1,1,0,0,,0,0,0,0,0,form-focused
html,html_6171.html,1463,0,0,0,0,0,1,0,2,0,0,0,0,0,1,0,0,,0,0,0,0,0,card-heavy-modern
html,html_6873.html,975,0,0,0,0,0,1,0,1,0,0,0,0,0,0,0,0,,0,0,0,0,0,card-heavy-modern
html,html_9689.html,1357,0,0,0,0,0,1,0,4,0,0,0,0,0,0,0,0,,0,0,0,0,0,card-heavy-modern
html,html_7802.html,2594,1,0,0,0,1,1,0,3,1,0,1,0,0,0,0,0,,0,0,0,0,0,form-focused
html,html_305.html,1721,0,0,3,0,0,1,0,3,0,0,0,1,1,1,0,0,,0,0,0,0,0,form-focused
html,html_3151.html,2253,0,0,1,0,0,2,3,1,1,0,0,0,1,1,0,0,,0,0,0,0,0,form-focused
html,html_6328.html,1294,0,1,3,1,0,2,3,3,0,0,0,0,1,0,0,0,,0,0,0,0,0,form-focused
html,html_12121.html,2264,1,0,0,1,0,0,3,1,0,0,0,0,1,0,0,0,,0,0,0,0,0,form-focused
html,html_1837.html,1557,0,0,1,1,0,0,6,1,0,0,0,0,1,0,0,0,,0,0,0,0,0,form-focused
html,html_13877.html,2213,0,0,0,1,0,1,3,3,1,0,1,0,0,1,0,1,#fac,0,0,0,0,0,card-heavy-modern
html,html_10245.html,2052,0,0,2,1,0,2,7,2,1,0,0,0,1,1,0,0,,0,0,0,0,0,form-focused
html,html_10560.html,1184,0,0,0,1,0,1,5,1,0,0,1,0,1,0,0,0,,0,0,0,0,0,form-focused
html,html_1866.html,2583,0,0,0,0,0,1,3,5,0,0,0,0,0,0,0,1,#fac,0,0,0,0,0,card-heavy-modern
html,html_10111.html,1857,0,0,0,1,0,1,3,3,0,0,0,0,0,0,0,0,,0,0,0,0,0,card-heavy-modern
html,html_1832.html,1868,0,0,0,1,0,0,4,4,0,0,0,0,1,1,0,0,,0,0,0,0,0,form-focused
html,html_441.html,1974,2,0,0,0,1,0,0,2,0,0,0,0,0,0,0,0,,0,0,0,0,0,form-focused
html,html_7954.html,2157,4,0,4,1,0,0,4,4,0,0,0,0,0,0,0,0,,0,0,0,0,0,card-heavy-modern
html,html_2503.html,2182,0,1,0,0,0,1,0,3,0,0,0,0,1,1,0,0,,0,0,0,0,0,form-focused
html,html_7234.html,2144,0,0,3,1,0,0,3,5,0,0,1,0,0,0,0,1,#dea,0,0,0,0,0,card-heavy-modern
html,html_9600.html,1630,0,0,0,0,0,4,0,3,0,0,0,0,0,1,0,0,,0,0,0,0,0,card-heavy-modern
html,html_14117.html,1704,1,0,2,1,0,0,4,3,0,0,1,0,1,0,0,0,,0,0,0,0,0,form-focused
html,html_1392.html,1710,0,0,3,1,0,0,3,3,0,0,0,0,0,1,0,0,,0,0,0,0,0,card-heavy-modern
html,html_392.html,1712,0,0,2,1,0,3,2,3,1,0,0,0,0,1,0,0,,0,0,0,0,0,card-heavy-modern
html,html_4770.html,1177,0,0,0,0,0,1,0,0,0,0,0,0,0,0,0,0,,0,0,0,0,0,card-heavy-modern
html,html_12767.html,2130,0,0,0,1,0,0,4,0,0,0,0,0,1,1,0,0,,0,0,0,0,0,form-focused
html,html_4305.html,1757,1,0,0,1,0,1,3,1,0,0,0,0,0,0,0,0,,0,0,0,0,0,card-heavy-modern
html,html_10047.html,1754,1,0,0,0,0,1,0,2,0,0,0,0,0,0,0,0,,0,0,0,0,0,card-heavy-modern
html,html_3456.html,1427,0,0,0,1,0,2,4,2,0,0,0,0,1,0,0,0,,0,0,0,0,0,form-focused
html,html_13272.html,1175,0,0,0,0,0,3,3,1,0,0,0,0,0,0,1,0,,0,0,0,0,0,image-rich-gallery
html,html_7259.html,2205,0,0,3,1,0,0,3,3,0,0,0,0,1,0,1,0,,0,0,0,0,0,form-focused
html,html_1412.html,950,0,0,0,0,0,0,0,0,0,0,0,0,0,0,1,0,,0,0,0,0,0,card-heavy-modern
html,html_6294.html,1585,0,0,0,1,0,4,4,1,0,0,0,0,1,0,1,0,,0,0,0,0,0,form-focused
html,html_8529.html,1551,1,0,4,1,0,0,3,4,0,0,1,0,0,1,0,0,,0,0,0,0,0,card-heavy-modern
html,html_8784.html,1234,0,0,0,1,0,2,0,2,0,0,0,0,0,0,0,0,,0,0,0,0,0,card-heavy-modern
html,html_5066.html,1437,1,0,0,0,0,1,0,1,0,0,0,0,0,0,0,0,,0,0,0,0,0,card-heavy-modern
html,html_3878.html,1578,0,0,0,0,0,0,0,1,0,0,0,0,0,0,0,0,,0,0,0,0,0,card-heavy-modern
html,html_6213.html,2077,0,0,0,1,0,0,3,2,0,0,0,0,1,0,1,0,,0,0,0,0,0,form-focused
html,html_9222.html,1519,0,1,1,0,0,0,0,7,0,1,0,0,1,1,0,0,,0,0,0,0,0,form-focused
html,html_4079.html,1472,0,0,2,1,0,1,4,2,0,0,0,0,1,1,0,0,,0,0,0,0,0,form-focused
html,html_14960.html,2398,0,0,4,1,0,0,3,4,1,0,0,0,1,1,0,0,,0,0,0,0,0,form-focused
html,html_5949.html,1295,1,0,0,0,0,1,0,1,0,0,0,0,0,0,0,0,,0,0,0,0,0,card-heavy-modern
html,html_4636.html,1875,0,0,3,1,0,1,3,3,0,0,1,0,0,1,0,0,,0,0,0,0,0,card-heavy-modern
html,html_4013.html,1715,0,0,0,0,0,0,0,1,0,0,0,0,0,0,0,0,,0,0,0,0,0,card-heavy-modern
html,html_11531.html,2390,0,0,5,1,0,1,4,5,0,0,0,0,0,0,0,0,,0,0,0,0,0,card-heavy-modern
html,html_8448.html,2211,0,0,4,1,0,1,4,4,0,0,1,0,0,0,0,0,,0,0,0,0,0,card-heavy-modern
html,html_5798.html,1021,0,0,2,0,0,0,0,4,0,0,0,0,1,0,0,0,,0,0,0,0,0,form-focused
html,html_13066.html,1793,1,0,0,1,0,0,3,1,0,0,1,0,1,1,0,0,,0,0,0,0,0,form-focused
html,html_5330.html,1737,3,0,0,0,0,1,0,2,0,0,0,0,0,1,0,0,,0,0,0,0,0,card-heavy-modern
html,html_13575.html,1246,0,0,0,1,0,1,3,1,0,0,0,0,1,1,0,0,,0,0,0,0,0,form-focused
html,html_9189.html,1536,0,0,0,1,0,1,4,2,0,0,0,0,1,1,0,0,,0,0,0,0,0,form-focused
html,html_10365.html,2017,1,0,0,1,0,0,3,1,0,0,0,0,1,1,0,0,,0,0,0,0,0,form-focused
html,html_14150.html,4294,0,0,0,0,0,3,3,3,0,0,0,0,0,0,0,0,,0,0,0,0,0,card-heavy-modern
html,html_8388.html,2393,0,0,0,0,0,0,0,0,0,0,0,0,1,1,0,0,,0,0,0,0,0,form-focused
html,html_5159.html,1311,0,0,3,1,0,1,6,3,0,0,0,0,1,0,0,0,,0,0,0,0,0,form-focused
html,html_14616.html,1830,0,0,3,0,0,0,0,4,0,0,0,0,1,1,0,0,,0,0,0,0,0,form-focused
html,html_12862.html,1536,0,0,0,0,0,1,0,2,0,0,0,0,0,0,0,0,,0,0,0,0,0,card-heavy-modern
html,html_1607.html,1665,1,0,0,0,0,1,2,3,0,0,0,0,1,1,0,0,,0,0,0,0,0,form-focused
html,html_8104.html,1543,0,0,3,1,0,0,3,3,0,0,1,0,1,1,0,0,,0,0,0,0,0,form-focused
html,html_2522.html,1322,1,0,2,1,0,0,4,2,1,0,0,0,1,1,0,0,,0,0,0,0,0,form-focused
html,html_8238.html,2134,0,1,0,1,0,0,3,3,0,0,0,0,1,0,0,0,,0,0,0,0,0,form-focused
html,html_4078.html,1363,2,0,0,1,0,1,4,2,0,0,0,0,1,0,0,0,,0,0,0,0,0,form-focused
html,html_4122.html,958,0,0,0,0,0,1,0,1,0,0,0,0,0,0,0,0,,0,0,0,0,0,card-heavy-modern
html,html_2592.html,1582,0,0,0,0,0,0,2,3,0,0,0,0,0,1,0,0,,0,0,0,0,0,card-heavy-modern
html,html_3416.html,1796,0,0,0,0,0,1,3,2,1,0,0,0,0,1,0,0,,0,0,0,0,0,card-heavy-modern
html,html_12807.html,1334,0,0,1,1,0,1,3,1,0,0,0,0,0,0,0,0,,0,0,0,0,0,card-heavy-modern
html,html_3763.html,1379,0,0,1,0,0,1,0,4,0,0,0,0,1,0,0,0,,0,0,0,0,0,form-focused
html,html_6984.html,1116,0,0,1,0,0,1,0,4,0,0,0,0,1,0,1,0,,0,0,0,0,0,form-focused
html,html_5474.html,1659,1,1,0,1,0,1,5,2,0,0,0,0,1,1,0,0,,0,0,0,0,0,form-focused
html,html_13213.html,1921,0,0,0,0,0,0,0,0,0,0,0,0,1,1,0,0,,0,0,0,0,0,form-focused
html,html_7261.html,1445,0,0,0,0,0,0,0,4,0,0,1,0,0,1,0,0,,0,0,0,0,0,card-heavy-modern
html,html_6448.html,890,0,0,0,0,0,1,0,1,0,0,0,0,0,1,0,0,,0,0,0,0,0,card-heavy-modern
html,html_2125.html,1468,0,0,1,1,0,0,4,1,0,0,0,0,1,1,0,0,,0,0,0,0,0,form-focused
html,html_8920.html,2282,1,0,5,1,0,2,4,5,1,0,0,0,0,0,0,0,,0,0,0,0,0,card-heavy-modern
html,html_9929.html,1379,0,0,1,0,0,0,0,1,1,0,0,0,0,0,0,0,,0,0,0,0,0,card-heavy-modern
html,html_590.html,2579,1,0,2,1,0,0,4,2,0,0,0,0,1,1,0,0,,0,0,0,0,0,form-focused
html,html_6585.html,735,0,0,0,0,0,0,0,1,0,0,0,0,0,1,0,0,,0,0,0,0,0,card-heavy-modern
html,html_9472.html,1876,0,0,0,0,0,1,0,1,0,0,0,1,0,0,0,0,,0,0,0,0,0,card-heavy-modern
html,html_13282.html,1904,0,0,0,1,0,1,7,1,1,0,0,0,1,1,0,0,,0,0,0,0,0,form-focused
html,html_9787.html,1972,0,0,0,1,0,0,4,1,0,0,0,0,1,1,0,0,,0,0,0,0,0,form-focused
html,html_2755.html,1206,0,0,0,0,0,1,0,5,0,0,0,0,1,0,0,0,,0,0,0,0,0,form-focused
html,html_3353.html,1316,0,0,0,0,0,1,0,1,0,0,0,0,0,0,1,0,,0,0,0,0,0,image-rich-gallery
html,html_5809.html,2092,0,0,0,1,0,1,4,2,1,0,0,0,1,0,0,0,,0,0,0,0,0,form-focused
html,html_7679.html,1724,0,0,1,1,0,2,3,4,1,0,0,0,1,1,0,0,,0,0,0,0,0,form-focused
html,html_7756.html,1491,0,0,0,0,0,4,0,1,0,0,0,0,0,0,0,0,,0,0,0,0,0,card-heavy-modern
html,html_4699.html,1017,1,0,1,0,0,1,3,1,0,0,0,0,1,0,0,0,,0,0,0,0,0,form-focused
html,html_8787.html,1630,0,0,0,0,0,1,0,1,0,0,0,0,0,0,0,0,,0,0,0,0,0,card-heavy-modern
html,html_3092.html,1649,0,0,0,2,0,0,6,3,0,0,1,0,1,0,0,0,,0,0,0,0,0,form-focused
html,html_11500.html,1603,0,0,0,1,0,1,4,1,0,0,0,0,1,1,0,0,,0,0,0,0,0,form-focused
html,html_7810.html,3053,0,0,1,1,0,1,9,1,1,0,0,0,0,0,0,0,,0,0,0,0,0,card-heavy-modern
html,html_4748.html,2068,1,0,0,0,0,0,0,1,0,0,0,0,0,0,0,0,,0,0,0,0,0,card-heavy-modern
html,html_2466.html,1571,0,0,0,0,0,1,0,4,0,0,0,0,0,0,0,0,,0,0,0,0,0,card-heavy-modern
html,html_8706.html,1658,0,0,0,1,0,0,5,3,0,0,0,0,1,0,0,0,,0,0,0,0,0,form-focused
html,html_2673.html,1604,0,0,0,0,0,0,1,2,0,0,0,0,0,0,0,0,,0,0,0,0,0,card-heavy-modern
html,html_7858.html,1652,0,0,2,0,0,2,0,3,0,0,1,0,0,0,0,0,,0,0,0,0,0,card-heavy-modern
html,html_6886.html,1885,0,0,4,1,0,0,6,4,0,0,0,0,0,1,0,0,,0,0,0,0,0,card-heavy-modern
html,html_1345.html,1452,0,0,1,1,0,0,7,3,0,0,0,0,1,1,0,0,,0,0,0,0,0,form-focused
html,html_9144.html,2108,0,1,0,1,0,1,3,3,0,0,0,0,0,1,0,0,,0,0,0,0,0,card-heavy-modern
html,html_3296.html,1002,0,0,1,0,0,1,0,4,0,0,1,0,0,0,0,0,,0,0,0,0,0,card-heavy-modern
html,html_10056.html,1978,0,0,1,1,0,0,2,1,0,0,0,0,0,0,0,0,,0,0,0,0,0,card-heavy-modern
html,html_6580.html,2934,1,0,0,1,0,0,3,3,0,0,0,0,1,1,0,0,,0,0,0,0,0,form-focused
html,html_10682.html,2691,1,0,3,1,1,2,4,3,0,0,0,1,1,0,0,0,,0,0,0,0,0,form-focused
html,html_2252.html,1659,0,0,2,1,0,0,4,3,0,0,0,0,1,0,0,0,,0,0,0,0,0,form-focused
html,html_13837.html,1733,0,0,0,1,0,1,3,1,0,0,0,0,0,0,0,0,,0,0,0,0,0,card-heavy-modern
html,html_10541.html,1075,0,0,0,0,0,0,1,1,0,0,0,0,0,0,0,0,,0,0,0,0,0,card-heavy-modern
html,html_3490.html,2232,1,0,0,1,1,1,5,3,0,0,0,0,1,0,0,0,,0,0,0,0,0,form-focused
html,html_11643.html,1147,0,0,0,0,0,2,0,1,0,0,0,0,0,0,0,0,,0,0,0,0,0,card-heavy-modern
html,html_1935.html,1378,0,1,0,0,0,1,1,2,0,0,0,0,0,0,0,0,,0,0,0,0,0,card-heavy-modern
html,html_2523.html,1330,0,0,2,1,1,1,0,2,0,0,1,0,0,1,0,0,,0,0,0,0,0,form-focused
html,html_10749.html,1694,0,0,3,1,0,0,0,4,0,0,0,0,0,1,0,0,,0,0,0,0,0,card-heavy-modern
html,html_13788.html,2958,0,0,4,1,0,1,4,4,1,1,1,0,0,0,0,1,#fea,0,0,0,0,0,card-heavy-modern
html,html_9391.html,2036,0,0,0,0,0,0,0,6,0,0,0,0,0,0,0,0,,0,0,0,0,0,card-heavy-modern
html,html_11796.html,1692,0,0,0,1,0,0,3,1,0,0,0,0,0,0,0,0,,0,0,0,0,0,card-heavy-modern
html,html_7319.html,1997,0,0,0,0,0,0,0,0,0,0,0,1,0,1,0,0,,0,0,0,0,0,card-heavy-modern
html,html_10090.html,1604,1,3,4,1,0,0,3,5,0,0,1,0,0,0,0,0,,0,0,0,0,0,card-heavy-modern
html,html_14078.html,1653,0,0,3,0,0,0,0,4,0,0,0,0,1,1,0,0,,0,0,0,0,0,form-focused
html,html_11398.html,1551,0,0,0,1,0,1,3,1,0,0,0,0,0,1,0,0,,0,0,0,0,0,card-heavy-modern
html,html_2353.html,1601,0,0,0,1,0,0,4,3,0,0,0,0,1,0,0,0,,0,0,0,0,0,form-focused
html,html_4750.html,2290,0,0,0,1,0,0,0,1,0,0,0,0,0,0,0,0,,0,0,0,0,0,card-heavy-modern
html,html_4119.html,1492,0,0,0,1,0,0,3,1,0,0,0,0,0,1,1,0,,0,0,0,0,0,card-heavy-modern
html,html_12306.html,1746,0,0,0,0,0,0,0,4,0,0,0,1,1,1,0,0,,0,0,0,0,0,form-focused
html,html_5651.html,1547,0,0,0,0,0,0,0,4,0,0,0,1,1,1,1,0,,0,0,0,0,0,form-focused
html,html_10611.html,1406,1,0,0,0,0,0,4,1,0,0,0,0,1,1,0,0,,0,0,0,0,0,form-focused
html,html_3235.html,1072,0,0,0,1,0,0,0,2,0,0,0,0,0,1,0,0,,0,0,0,0,0,card-heavy-modern
html,html_9837.html,1960,0,0,3,0,0,1,0,3,0,0,0,0,0,1,0,0,,0,0,0,0,0,card-heavy-modern
html,html_814.html,1799,0,0,3,1,0,1,3,3,0,0,0,0,0,0,0,0,,0,0,0,0,0,card-heavy-modern
html,html_844.html,709,0,0,0,0,0,0,0,1,0,0,0,0,0,0,0,0,,0,0,0,0,0,card-heavy-modern
html,html_14551.html,1232,0,0,0,1,0,1,4,1,0,0,0,0,1,1,1,0,,0,0,0,0,0,form-focused
html,html_7896.html,964,0,0,0,0,0,0,0,0,0,0,0,0,0,0,0,0,,0,0,0,0,0,card-heavy-modern
html,html_14177.html,1391,0,0,3,1,0,1,3,3,0,0,1,0,1,0,0,0,,0,0,0,0,0,form-focused
html,html_6363.html,1503,0,0,0,0,0,1,0,2,0,0,0,0,0,0,0,0,,0,0,0,0,0,card-heavy-modern
html,html_7495.html,1310,0,0,0,0,0,1,0,2,0,0,1,0,0,1,0,0,,0,0,0,0,0,card-heavy-modern
html,html_1402.html,1821,0,0,0,1,0,0,3,1,0,0,0,0,1,1,0,0,,0,0,0,0,0,form-focused
html,html_9636.html,2288,1,0,0,1,0,0,4,3,0,0,0,0,0,1,0,0,,0,0,0,0,0,card-heavy-modern
html,html_14963.html,1957,0,0,3,1,0,0,5,4,0,0,1,0,1,1,0,0,,0,0,0,0,0,form-focused
html,html_6197.html,2031,1,0,1,1,0,0,6,1,0,0,0,0,1,1,1,0,,0,0,0,0,0,form-focused
html,html_11920.html,2128,1,0,0,1,0,0,3,1,1,0,0,0,1,0,0,0,,0,0,0,0,0,form-focused
html,html_3768.html,1573,0,0,0,1,0,2,0,1,0,0,0,0,1,0,0,0,,0,0,0,0,0,form-focused
html,html_652.html,777,0,0,0,0,0,0,0,1,0,0,0,1,0,0,0,0,,0,0,0,0,0,card-heavy-modern
html,html_7243.html,1948,0,0,1,1,0,1,7,3,1,1,0,0,1,1,0,0,,0,0,0,0,0,form-focused
html,html_9296.html,1412,0,0,0,1,0,1,4,1,0,0,0,1,1,1,0,0,,0,0,0,0,0,form-focused
html,html_2829.html,2239,0,0,3,1,0,1,4,3,0,0,1,0,0,1,0,0,,0,0,0,0,0,card-heavy-modern
html,html_9860.html,1275,1,0,0,0,0,1,3,1,0,0,0,0,0,1,0,0,,0,0,0,0,0,card-heavy-modern
html,html_11998.html,1515,0,0,0,1,0,1,3,1,0,0,0,0,1,0,0,0,,0,0,0,0,0,form-focused
html,html_11882.html,1862,0,0,0,1,0,1,3,1,0,0,0,0,1,1,0,0,,0,0,0,0,0,form-focused
html,html_7402.html,1430,0,0,0,1,0,1,3,2,0,0,0,0,1,0,0,0,,0,0,0,0,0,form-focused
html,html_11730.html,3067,0,0,0,1,0,0,3,6,0,0,1,0,0,0,0,1,#fea,0,0,0,0,0,card-heavy-modern
html,html_8701.html,2018,1,0,2,0,0,0,0,5,0,0,0,0,0,1,0,0,,0,0,0,0,0,card-heavy-modern
html,html_7244.html,2017,0,0,0,1,0,0,6,1,0,0,0,0,1,0,0,0,,0,0,0,0,0,form-focused
html,html_13630.html,1453,0,0,0,1,0,2,2,1,0,0,0,0,0,0,0,0,,0,0,0,0,0,card-heavy-modern
html,html_4467.html,2579,1,0,0,1,0,1,13,3,0,0,0,0,1,0,0,0,,0,0,0,0,0,form-focused
html,html_4898.html,1620,2,0,0,1,0,0,4,4,0,0,0,0,0,0,0,0,,0,0,0,0,0,card-heavy-modern
html,html_10928.html,2066,0,0,0,0,0,4,0,0,0,0,0,0,0,1,0,0,,0,0,0,0,0,card-heavy-modern
html,html_1130.html,1314,0,0,0,1,0,1,4,1,0,0,0,0,1,1,0,0,,0,0,0,0,0,form-focused
html,html_14837.html,1591,1,0,1,1,0,2,9,2,0,0,0,0,1,0,0,0,,0,0,0,0,0,form-focused
html,html_9203.html,1956,0,0,1,1,0,1,4,1,0,0,0,0,0,0,0,0,,0,0,0,0,0,card-heavy-modern
html,html_8030.html,1460,0,0,0,0,0,2,2,3,0,0,0,0,1,0,0,0,,0,0,0,0,0,form-focused
html,html_4286.html,997,0,0,0,1,0,0,5,1,0,0,0,0,1,1,0,0,,0,0,0,0,0,form-focused
html,html_8696.html,1731,0,0,3,1,0,1,3,3,0,0,0,1,1,1,0,0,,0,0,0,0,0,form-focused
html,html_5375.html,2077,1,0,0,0,1,0,1,2,0,0,0,0,0,0,0,0,,0,0,0,0,0,form-focused
html,html_2197.html,2474,1,0,0,1,0,2,4,1,1,0,0,0,1,1,0,0,,0,0,0,0,0,form-focused
html,html_447.html,1667,0,0,2,1,0,2,3,1,0,0,0,0,1,1,0,0,,0,0,0,0,0,form-focused
html,html_13646.html,1488,0,0,2,1,0,0,2,3,0,0,0,0,0,0,0,0,,0,0,0,0,0,card-heavy-modern
html,html_1356.html,2683,0,0,1,1,0,0,4,3,0,0,0,0,1,0,0,0,,0,0,0,0,0,form-focused
html,html_7735.html,1603,0,0,0,1,0,0,4,1,0,0,0,0,1,0,0,0,,0,0,0,0,0,form-focused
html,html_472.html,1974,1,0,1,1,0,2,3,1,0,0,0,0,1,1,0,0,,0,0,0,0,0,form-focused
html,html_6623.html,1584,1,0,2,0,1,1,0,4,0,0,0,0,0,1,0,0,,0,0,0,0,0,form-focused
html,html_1552.html,1921,2,0,2,0,1,0,0,3,0,0,0,0,0,1,0,0,,0,0,0,0,0,form-focused
html,html_1173.html,2365,0,0,0,0,0,3,0,7,0,0,0,0,0,0,0,0,,0,0,0,0,0,card-heavy-modern
html,html_7514.html,1679,0,0,0,1,0,2,6,2,0,0,0,0,0,1,0,0,,0,0,0,0,0,card-heavy-modern
html,html_6719.html,2698,0,0,0,1,0,0,3,1,0,0,0,0,1,1,0,0,,0,0,0,0,0,form-focused
html,html_5413.html,1273,0,0,3,1,0,0,4,3,0,0,0,0,0,1,0,0,,0,0,0,0,0,card-heavy-modern
html,html_9124.html,1376,0,0,3,0,0,1,0,3,0,0,0,0,1,1,0,0,,0,0,0,0,0,form-focused
html,html_11934.html,1213,0,0,0,0,0,1,0,2,0,0,0,0,0,0,0,0,,0,0,0,0,0,card-heavy-modern
html,html_13623.html,1070,0,0,0,0,0,0,0,3,0,0,1,0,0,0,0,0,,0,0,0,0,0,card-heavy-modern
html,html_2150.html,1348,1,0,0,0,0,1,0,2,0,1,0,0,0,1,0,0,,0,0,0,0,0,card-heavy-modern
html,html_6898.html,1909,0,0,1,1,0,4,8,1,0,0,0,0,1,1,0,0,,0,0,0,0,0,form-focused
html,html_8626.html,1148,0,0,4,1,0,0,0,5,0,0,0,0,0,1,0,0,,0,0,0,0,0,card-heavy-modern
html,html_7633.html,884,0,0,0,1,0,0,0,1,1,0,0,0,0,0,0,0,,0,0,0,0,0,card-heavy-modern
html,html_4783.html,1248,0,0,0,1,0,1,5,1,0,0,0,0,1,1,0,0,,0,0,0,0,0,form-focused
html,html_1020.html,1359,0,0,0,0,0,2,0,0,0,0,0,0,0,1,0,0,,0,0,0,0,0,card-heavy-modern
html,html_2313.html,1363,0,0,1,1,0,0,6,3,0,0,0,0,0,0,0,0,,0,0,0,0,0,card-heavy-modern
html,html_12887.html,1402,0,0,1,1,0,0,4,2,0,0,0,0,1,1,0,0,,0,0,0,0,0,form-focused
html,html_10284.html,1634,0,0,0,1,0,2,7,1,0,0,1,0,1,1,0,0,,0,0,0,0,0,form-focused
html,html_1028.html,1443,1,0,0,1,0,1,4,1,1,0,0,0,1,1,0,0,,0,0,0,0,0,form-focused
html,html_9058.html,1379,0,0,0,1,0,1,3,1,0,0,0,1,0,0,0,0,,0,0,0,0,0,card-heavy-modern
html,html_6516.html,1447,0,0,0,0,0,0,0,3,0,0,1,0,0,0,1,0,,0,0,0,0,0,card-heavy-modern
html,html_12461.html,1248,1,0,0,0,0,1,0,1,0,0,0,0,0,0,0,0,,0,0,0,0,0,card-heavy-modern
html,html_11678.html,2316,0,0,2,1,0,2,5,1,1,1,0,0,0,1,0,1,#acce,0,0,0,0,0,card-heavy-modern
html,html_14136.html,2318,0,0,0,1,0,0,3,0,0,0,0,0,1,1,0,0,,0,0,0,0,0,form-focused
html,html_1812.html,1815,0,0,0,1,0,0,3,1,0,0,0,0,1,1,0,0,,0,0,0,0,0,form-focused
html,html_13685.html,1818,0,0,0,1,0,0,4,3,0,0,0,0,1,0,0,0,,0,0,0,0,0,form-focused
html,html_14134.html,1758,0,0,0,1,0,0,3,1,0,0,0,0,1,0,0,0,,0,0,0,0,0,form-focused
html,html_8989.html,1941,0,0,0,1,0,1,3,4,0,0,0,0,1,0,0,0,,0,0,0,0,0,form-focused
html,html_6942.html,920,0,0,0,0,0,0,0,1,0,0,0,0,0,1,0,0,,0,0,0,0,0,card-heavy-modern
html,html_12992.html,1761,1,0,1,1,0,0,3,2,1,0,0,0,1,1,0,0,,0,0,0,0,0,form-focused
html,html_14880.html,1540,0,0,2,0,0,0,0,3,0,0,0,0,0,1,0,0,,0,0,0,0,0,card-heavy-modern
html,html_6307.html,3328,0,0,0,1,0,1,6,3,1,0,0,0,1,1,0,0,,0,0,0,0,0,form-focused
html,html_280.html,1269,0,0,0,0,0,1,2,6,1,0,1,0,1,0,0,0,,0,0,0,0,0,form-focused
html,html_3378.html,2248,0,0,0,1,0,0,7,1,0,0,0,1,1,1,0,0,,0,0,0,0,0,form-focused
html,html_1074.html,1337,0,0,3,1,0,0,3,4,0,0,0,0,0,0,0,0,,0,0,0,0,0,card-heavy-modern
html,html_4220.html,602,1,0,0,1,0,0,0,1,0,0,0,0,0,0,0,0,,0,0,0,0,0,card-heavy-modern
html,html_10274.html,1435,1,0,0,0,0,1,0,1,0,0,0,0,0,0,0,0,,0,0,0,0,0,card-heavy-modern
html,html_9972.html,4221,0,0,1,1,0,1,10,1,1,0,0,0,1,0,0,0,,0,0,0,0,0,form-focused
html,html_5434.html,1710,1,0,1,1,1,0,2,3,0,0,0,0,0,0,0,0,,0,0,0,0,0,form-focused
html,html_10850.html,1237,1,0,2,0,0,0,3,3,0,0,1,0,0,0,0,0,,0,0,0,0,0,card-heavy-modern
html,html_10584.html,2230,0,0,0,1,0,0,3,2,0,0,0,0,0,1,0,0,,0,0,0,0,0,card-heavy-modern
html,html_14580.html,2080,0,0,0,0,0,1,3,0,0,0,0,0,1,0,1,0,,0,0,0,0,0,form-focused
html,html_8039.html,3324,1,0,0,1,0,0,4,2,0,0,0,0,0,1,0,0,,0,0,0,0,0,card-heavy-modern
html,html_8587.html,665,1,0,0,0,0,0,0,1,0,0,0,0,0,0,1,0,,0,0,0,0,0,card-heavy-modern
html,html_3393.html,2055,3,0,3,1,0,1,4,3,0,0,0,0,1,1,0,0,,0,0,0,0,0,form-focused
html,html_14422.html,2014,0,0,0,1,0,1,6,2,0,0,0,0,1,1,0,0,,0,0,0,0,0,form-focused
html,html_8185.html,2358,0,0,0,1,0,0,13,5,0,0,0,0,1,1,0,0,,0,0,0,0,0,form-focused
html,html_11822.html,1386,1,0,0,1,0,1,4,1,0,0,0,0,1,1,0,0,,0,0,0,0,0,form-focused
html,html_11042.html,2153,0,0,0,1,0,0,4,6,0,0,1,0,1,0,0,0,,0,0,0,0,0,form-focused
html,html_11699.html,2497,0,0,0,1,0,0,0,2,0,1,0,0,1,1,0,0,,0,0,0,0,0,form-focused
html,html_9409.html,1825,0,0,4,1,0,0,4,4,0,0,0,0,1,1,0,0,,0,0,0,0,0,form-focused
html,html_14614.html,1063,1,0,3,0,0,0,0,4,0,0,1,0,0,0,0,0,,0,0,0,0,0,card-heavy-modern
html,html_9494.html,1485,0,0,0,0,0,1,3,1,0,0,0,0,0,0,0,0,,0,0,0,0,0,card-heavy-modern
html,html_13642.html,1977,0,0,0,0,0,0,0,4,0,0,0,0,0,1,0,0,,0,0,0,0,0,card-heavy-modern
html,html_3291.html,1327,1,0,0,1,0,2,4,1,0,0,0,0,1,0,0,0,,0,0,0,0,0,form-focused
html,html_8643.html,2188,0,0,0,0,0,2,1,4,0,0,1,0,0,1,1,0,,0,0,0,0,0,image-rich-gallery
html,html_10219.html,955,0,0,1,0,0,0,0,1,0,0,0,0,0,0,0,0,,0,0,0,0,0,card-heavy-modern
html,html_3853.html,2675,0,0,0,0,0,2,6,1,0,0,0,0,1,1,0,0,,0,0,0,0,0,form-focused
html,html_12572.html,1757,0,0,0,1,0,1,3,1,0,0,0,0,0,1,0,0,,0,0,0,0,0,card-heavy-modern
html,html_12359.html,1911,0,0,0,1,0,0,3,1,0,0,0,0,1,1,0,0,,0,0,0,0,0,form-focused
html,html_10722.html,2163,1,0,0,1,0,0,3,1,0,0,0,0,1,0,0,0,,0,0,0,0,0,form-focused
html,html_9413.html,1995,0,0,0,1,0,0,8,1,0,0,1,0,1,1,0,0,,0,0,0,0,0,form-focused
html,html_12505.html,2415,0,0,0,1,0,0,5,1,0,0,0,0,0,0,1,0,,0,0,0,0,0,card-heavy-modern
html,html_6701.html,1318,1,0,3,0,0,0,0,3,1,0,0,0,0,0,0,0,,0,0,0,0,0,card-heavy-modern
html,html_12318.html,2156,0,0,0,1,0,1,3,1,0,0,0,0,1,1,0,0,,0,0,0,0,0,form-focused
html,html_11636.html,1777,0,0,4,1,0,0,3,4,0,0,1,0,0,0,0,0,,0,0,0,0,0,card-heavy-modern
html,html_11433.html,2372,1,0,4,1,1,0,3,4,1,0,0,0,0,0,1,0,,0,0,0,0,0,form-focused
html,html_5898.html,1376,0,0,4,0,0,0,0,5,0,1,1,0,0,0,0,0,,0,0,0,0,0,card-heavy-modern
html,html_396.html,998,1,0,0,0,0,0,0,4,0,0,0,0,0,0,0,0,,0,0,0,0,0,card-heavy-modern
html,html_2161.html,1813,0,0,1,1,0,3,0,5,0,0,0,0,0,0,0,0,,0,0,0,0,0,card-heavy-modern
html,html_917.html,1958,0,0,0,0,0,3,6,3,0,0,0,1,1,0,0,0,,0,0,0,0,0,form-focused
html,html_12315.html,1179,1,0,2,0,0,2,0,0,0,0,0,0,1,1,0,0,,0,0,0,0,0,form-focused
html,html_11251.html,2550,0,0,0,1,0,1,4,3,1,0,0,0,1,1,0,0,,0,0,0,0,0,form-focused
html,html_4892.html,2066,0,0,0,1,0,1,7,1,0,0,0,0,0,1,1,0,,0,0,0,0,0,image-rich-gallery
html,html_3862.html,1138,0,0,2,0,0,2,0,2,0,0,0,0,0,0,0,0,,0,0,0,0,0,card-heavy-modern
html,html_13492.html,1769,0,0,0,0,0,2,0,3,0,0,0,0,0,0,0,0,,0,0,0,0,0,card-heavy-modern
html,html_13398.html,1246,0,0,0,0,0,0,0,2,0,0,1,0,0,1,0,0,,0,0,0,0,0,card-heavy-modern
html,html_12069.html,1097,0,0,0,0,0,0,1,1,0,0,0,0,0,0,0,0,,0,0,0,0,0,card-heavy-modern
html,html_11812.html,1798,1,0,0,1,0,0,3,1,0,0,0,0,1,1,0,0,,0,0,0,0,0,form-focused
html,html_569.html,2138,0,3,3,1,0,0,3,3,0,0,1,0,1,0,0,0,,0,0,0,0,0,form-focused
html,html_2684.html,2575,1,0,0,1,1,3,3,1,0,0,0,0,1,0,1,0,,0,0,0,0,0,form-focused
html,html_10065.html,1315,1,0,0,0,0,0,0,2,0,0,0,0,0,1,0,0,,0,0,0,0,0,card-heavy-modern
html,html_12401.html,915,0,0,0,0,0,1,0,1,0,0,0,0,0,1,0,0,,0,0,0,0,0,card-heavy-modern
html,html_1270.html,970,0,0,0,0,0,1,1,1,0,0,0,0,0,0,0,0,,0,0,0,0,0,card-heavy-modern
html,html_5592.html,938,0,0,0,0,0,0,0,1,0,0,0,0,0,0,0,0,,0,0,0,0,0,card-heavy-modern
html,html_555.html,1657,0,0,0,1,0,0,4,2,0,0,0,0,1,0,0,0,,0,0,0,0,0,form-focused
html,html_4859.html,1319,0,0,1,1,0,0,4,2,0,0,0,0,1,0,0,0,,0,0,0,0,0,form-focused
html,html_2377.html,1057,0,0,0,1,0,1,0,1,0,0,0,0,0,0,0,0,,0,0,0,0,0,card-heavy-modern
html,html_14953.html,1405,0,0,0,0,0,2,0,1,0,0,0,0,0,0,0,0,,0,0,0,0,0,card-heavy-modern
html,html_9089.html,2436,0,0,0,1,0,1,3,2,0,0,0,0,1,0,1,0,,0,0,0,0,0,form-focused
html,html_6002.html,1348,1,0,0,1,0,1,3,1,0,0,0,0,1,1,0,0,,0,0,0,0,0,form-focused
html,html_6645.html,1627,0,0,0,1,0,1,5,1,0,0,0,0,1,1,0,0,,0,0,0,0,0,form-focused
html,html_7973.html,1316,0,0,0,0,0,0,0,1,0,0,0,0,1,1,0,0,,0,0,0,0,0,form-focused
html,html_11911.html,1347,0,0,1,0,0,1,0,3,0,0,0,0,0,0,0,0,,0,0,0,0,0,card-heavy-modern
html,html_4615.html,1531,1,0,0,1,0,1,4,2,0,0,0,0,1,1,0,0,,0,0,0,0,0,form-focused
html,html_13633.html,1696,0,0,1,1,0,0,3,1,0,0,0,0,1,0,0,0,,0,0,0,0,0,form-focused
html,html_2393.html,1643,0,0,0,0,0,0,6,0,0,0,1,0,1,1,0,0,,0,0,0,0,0,form-focused
html,html_11239.html,1418,0,0,0,0,0,0,0,0,0,0,0,0,0,0,0,0,,0,0,0,0,0,card-heavy-modern
html,html_12804.html,1542,1,0,0,0,1,1,0,4,0,0,0,0,1,0,0,0,,0,0,0,0,0,form-focused
html,html_7748.html,2028,0,0,0,0,0,0,0,0,0,0,0,0,0,0,1,0,,0,0,0,0,0,card-heavy-modern
html,html_11720.html,1678,0,0,0,1,0,1,4,3,0,0,0,0,1,1,0,0,,0,0,0,0,0,form-focused
html,html_14464.html,1969,1,0,2,1,1,2,2,3,0,0,0,0,1,0,0,0,,0,0,0,0,0,form-focused
html,html_11378.html,1453,1,0,0,1,0,1,4,1,1,0,0,0,1,1,0,0,,0,0,0,0,0,form-focused
html,html_10973.html,1987,0,0,0,0,0,0,0,0,1,0,0,1,1,0,0,0,,0,0,0,0,0,form-focused
html,html_7637.html,1708,0,0,2,1,0,2,0,2,0,0,1,0,0,0,0,0,,0,0,0,0,0,card-heavy-modern
html,html_6456.html,1119,0,0,0,0,0,1,1,2,0,0,0,0,0,1,0,0,,0,0,0,0,0,card-heavy-modern
html,html_4190.html,1618,0,0,0,0,0,2,0,1,1,0,0,0,0,1,0,0,,0,0,0,0,0,card-heavy-modern
html,html_13140.html,1678,0,0,3,1,0,1,3,3,0,0,0,0,0,0,0,0,,0,0,0,0,0,card-heavy-modern
html,html_3756.html,1764,0,0,0,0,0,0,0,2,0,0,0,0,0,1,0,0,,0,0,0,0,0,card-heavy-modern
html,html_13062.html,1564,0,0,0,0,0,0,0,3,0,0,0,1,1,1,0,0,,0,0,0,0,0,form-focused
html,html_3495.html,2563,0,0,4,1,0,0,4,4,0,0,0,0,0,0,0,0,,0,0,0,0,0,card-heavy-modern
html,html_3413.html,1727,0,0,0,1,0,0,4,2,0,0,0,0,0,0,1,0,,0,0,0,0,0,card-heavy-modern
html,html_12735.html,1032,0,0,1,0,0,0,0,7,0,0,0,0,1,0,0,0,,0,0,0,0,0,form-focused
html,html_15.html,2113,0,0,0,1,0,0,4,0,0,0,0,0,0,1,0,0,,0,0,0,0,0,card-heavy-modern
html,html_14716.html,1522,0,0,3,1,0,2,3,3,0,0,1,0,0,1,0,0,,0,0,0,0,0,card-heavy-modern
html,html_5816.html,1256,0,0,0,0,0,1,0,1,0,0,0,0,0,0,0,0,,0,0,0,0,0,card-heavy-modern
html,html_4612.html,2633,0,0,0,1,0,0,3,0,0,0,0,0,1,0,0,0,,0,0,0,0,0,form-focused
html,html_13466.html,1442,0,0,0,1,0,1,7,2,0,0,0,0,1,0,0,0,,0,0,0,0,0,form-focused
html,html_926.html,1291,0,0,0,0,0,1,1,1,0,0,0,0,0,1,0,0,,0,0,0,0,0,card-heavy-modern
html,html_5785.html,1431,2,0,0,1,0,0,0,1,0,0,0,0,0,0,0,0,,0,0,0,0,0,card-heavy-modern
html,html_11216.html,1922,0,0,0,1,0,0,7,3,0,0,0,0,1,0,0,0,,0,0,0,0,0,form-focused
html,html_4222.html,1204,0,0,0,1,0,0,4,3,0,0,1,0,0,0,0,0,,0,0,0,0,0,card-heavy-modern
html,html_4738.html,1632,0,0,0,1,0,2,7,1,0,0,0,0,1,1,0,0,,0,0,0,0,0,form-focused
html,html_2732.html,2251,1,0,0,1,0,1,4,1,0,0,0,1,1,1,0,0,,0,0,0,0,0,form-focused
html,html_8600.html,1379,0,0,0,1,0,1,5,0,0,0,0,0,1,0,0,0,,0,0,0,0,0,form-focused
html,html_13435.html,1497,1,2,2,1,1,1,3,3,0,0,1,0,1,0,0,0,,0,0,0,0,0,form-focused
html,html_2233.html,1831,0,0,0,1,0,1,4,1,0,0,0,0,1,1,0,0,,0,0,0,0,0,form-focused
html,html_3155.html,897,0,0,0,0,0,1,0,1,0,0,0,0,0,1,0,0,,0,0,0,0,0,card-heavy-modern
html,html_695.html,2537,0,0,0,1,0,0,8,1,0,0,0,0,1,1,0,0,,0,0,0,0,0,form-focused
html,html_14328.html,1273,0,0,0,0,0,1,0,1,0,0,0,0,0,1,0,0,,0,0,0,0,0,card-heavy-modern
html,html_2641.html,2022,0,0,3,2,0,0,6,6,0,0,1,0,1,1,0,0,,0,0,0,0,0,form-focused
html,html_7491.html,1407,1,0,0,1,0,1,4,1,0,0,0,0,1,1,0,0,,0,0,0,0,0,form-focused
html,html_4973.html,1616,0,0,0,0,0,1,1,1,0,0,0,0,0,1,0,0,,0,0,0,0,0,card-heavy-modern
html,html_6439.html,1600,0,0,4,1,0,0,4,5,0,0,0,0,0,0,0,1,#acade,0,0,0,0,0,card-heavy-modern
html,html_14562.html,1984,0,0,0,0,0,0,0,6,0,0,0,0,0,0,0,0,,0,0,0,0,0,card-heavy-modern
html,html_7240.html,2397,1,0,3,1,0,1,4,3,0,0,0,0,0,0,0,0,,0,0,0,0,0,card-heavy-modern
html,html_5944.html,819,0,0,0,0,0,0,0,1,0,0,0,0,0,1,0,0,,0,0,0,0,0,card-heavy-modern
html,html_566.html,2106,0,0,0,1,0,0,3,1,0,0,0,0,0,0,0,0,,0,0,0,0,0,card-heavy-modern
html,html_6584.html,1942,0,0,0,0,0,3,0,3,0,0,0,0,0,0,0,0,,0,0,0,0,0,card-heavy-modern
html,html_4235.html,1976,0,0,1,2,0,1,6,1,0,0,0,0,1,1,0,0,,0,0,0,0,0,form-focused
html,html_13937.html,1319,0,0,1,0,0,1,0,4,0,0,0,0,1,0,0,0,,0,0,0,0,0,form-focused
html,html_14209.html,1383,1,0,3,0,0,0,0,4,0,0,0,0,0,0,0,0,,0,0,0,0,0,card-heavy-modern
html,html_1178.html,1353,1,0,0,0,0,3,0,1,0,0,0,0,0,0,0,0,,0,0,0,0,0,card-heavy-modern
html,html_6475.html,1505,1,0,0,0,0,1,0,3,0,0,0,0,1,0,0,0,,0,0,0,0,0,form-focused
html,html_9973.html,1826,0,0,0,1,0,2,3,1,0,0,0,0,1,0,0,0,,0,0,0,0,0,form-focused
html,html_12139.html,2360,0,0,0,1,0,0,3,4,0,0,0,0,0,0,0,0,,0,0,0,0,0,card-heavy-modern
html,html_3987.html,1698,1,0,4,0,0,0,0,5,0,0,0,0,0,0,0,0,,0,0,0,0,0,card-heavy-modern
html,html_7160.html,1878,0,0,0,1,0,0,3,1,0,0,0,0,1,0,0,0,,0,0,0,0,0,form-focused
html,html_6288.html,2054,0,0,0,1,0,0,2,2,0,0,0,0,0,0,0,0,,0,0,0,0,0,card-heavy-modern
html,html_12585.html,1510,0,0,0,0,0,1,0,3,0,0,0,0,0,1,0,0,,0,0,0,0,0,card-heavy-modern
html,html_10398.html,1470,0,0,0,1,0,1,10,0,0,0,0,0,0,0,0,0,,0,0,0,0,0,card-heavy-modern
html,html_2405.html,1661,0,0,0,1,0,0,3,1,0,0,0,0,1,0,0,0,,0,0,0,0,0,form-focused
html,html_9017.html,695,0,0,0,1,0,1,0,1,0,0,0,0,1,0,0,0,,0,0,0,0,0,form-focused
html,html_4186.html,1530,0,0,2,1,0,1,4,1,1,0,0,0,1,0,0,0,,0,0,0,0,0,form-focused
html,html_5358.html,1391,0,0,2,0,1,0,3,3,0,0,0,0,1,1,0,0,,0,0,0,0,0,form-focused
html,html_12376.html,993,0,0,0,0,0,1,0,1,0,0,0,0,0,0,0,0,,0,0,0,0,0,card-heavy-modern
html,html_8136.html,1860,0,0,3,1,0,1,3,3,0,0,0,0,1,1,0,0,,0,0,0,0,0,form-focused
html,html_4052.html,2033,0,0,0,1,0,0,3,1,0,0,0,0,1,0,0,0,,0,0,0,0,0,form-focused
html,html_13739.html,2067,0,0,0,1,0,1,4,1,0,0,0,0,1,1,0,0,,0,0,0,0,0,form-focused
html,html_3292.html,1654,1,0,0,0,0,3,0,5,0,0,0,0,0,0,0,0,,0,0,0,0,0,card-heavy-modern
html,html_12030.html,1864,0,0,0,0,0,2,0,0,0,0,0,0,0,1,0,0,,0,0,0,0,0,card-heavy-modern
html,html_710.html,4011,1,0,2,1,0,1,4,4,0,0,1,0,1,1,0,0,,0,0,0,0,0,form-focused
html,html_12097.html,1428,1,0,0,0,0,3,0,1,0,0,0,0,0,1,0,0,,0,0,0,0,0,card-heavy-modern
html,html_5313.html,1852,0,0,2,1,0,0,4,2,0,0,0,0,1,0,1,0,,0,0,0,0,0,form-focused
html,html_8012.html,2459,0,0,3,1,0,4,4,3,0,0,1,0,1,0,0,0,,0,0,0,0,0,form-focused
html,html_6442.html,1327,0,0,2,0,0,0,0,6,0,0,0,0,1,1,0,0,,0,0,0,0,0,form-focused
html,html_2487.html,1361,1,0,0,0,0,0,0,1,0,0,0,0,1,0,0,0,,0,0,0,0,0,form-focused
html,html_12377.html,1635,0,0,2,1,0,2,4,2,0,0,1,0,1,1,0,0,,0,0,0,0,0,form-focused
html,html_4599.html,1241,1,0,1,0,0,0,0,1,0,0,0,0,1,1,0,0,,0,0,0,0,0,form-focused
html,html_5802.html,1787,0,0,0,1,0,0,4,2,0,0,0,0,1,1,0,0,,0,0,0,0,0,form-focused
html,html_3618.html,1301,0,0,0,1,0,1,5,1,0,0,0,0,1,1,0,0,,0,0,0,0,0,form-focused
html,html_3170.html,1667,0,1,0,0,0,2,0,5,1,0,0,0,0,0,0,0,,0,0,0,0,0,card-heavy-modern
html,html_13174.html,2135,0,1,0,0,0,1,2,2,0,0,0,0,0,0,0,0,,0,0,0,0,0,card-heavy-modern
html,html_7224.html,1716,0,0,1,1,0,0,3,2,0,0,1,0,0,1,0,0,,0,0,0,0,0,card-heavy-modern
html,html_13684.html,1505,0,0,0,0,0,0,3,6,0,0,0,0,0,0,0,0,,0,0,0,0,0,card-heavy-modern
html,html_494.html,1506,0,0,2,1,0,0,3,4,0,0,0,0,1,1,0,0,,0,0,0,0,0,form-focused
html,html_603.html,1593,0,0,0,1,0,1,4,2,1,0,0,0,1,1,0,0,,0,0,0,0,0,form-focused
html,html_12783.html,2262,0,0,2,1,0,0,4,2,0,0,0,0,0,0,0,0,,0,0,0,0,0,card-heavy-modern
html,html_14071.html,1248,0,0,0,0,0,0,0,3,0,1,0,0,1,1,0,0,,0,0,0,0,0,form-focused
html,html_3885.html,1422,0,0,0,1,0,1,4,1,1,0,0,0,1,1,0,0,,0,0,0,0,0,form-focused
html,html_5393.html,1910,1,0,0,0,1,1,3,0,0,0,0,0,1,1,0,0,,0,0,0,0,0,form-focused
html,html_10865.html,1192,0,0,1,0,0,0,0,3,0,0,0,0,0,0,0,0,,0,0,0,0,0,card-heavy-modern
html,html_9645.html,1517,0,0,0,1,0,1,4,1,0,0,0,0,1,1,0,0,,0,0,0,0,0,form-focused
html,html_5184.html,1295,1,0,0,1,0,0,0,0,0,0,0,0,0,0,0,0,,0,0,0,0,0,card-heavy-modern
html,html_11681.html,2348,4,0,4,1,0,1,4,4,0,0,1,0,0,0,0,0,,0,0,0,0,0,card-heavy-modern
html,html_6953.html,1251,0,0,0,0,0,0,0,1,0,0,0,0,0,0,0,0,,0,0,0,0,0,card-heavy-modern
html,html_1100.html,2215,0,0,0,1,0,0,3,1,0,0,0,0,1,0,0,0,,0,0,0,0,0,form-focused
html,html_6320.html,802,0,0,0,0,0,0,0,1,0,0,0,0,0,1,0,0,,0,0,0,0,0,card-heavy-modern
html,html_1303.html,1782,0,0,0,0,0,0,0,0,0,0,0,0,0,1,0,0,,0,0,0,0,0,card-heavy-modern
html,html_5470.html,2961,0,0,3,1,0,0,3,4,0,0,0,0,0,1,0,0,,0,0,0,0,0,card-heavy-modern
html,html_7360.html,1474,0,0,0,1,0,2,4,1,0,0,0,0,1,1,0,0,,0,0,0,0,0,form-focused
html,html_9745.html,1522,1,0,2,0,0,0,0,3,0,0,0,0,0,1,0,0,,0,0,0,0,0,card-heavy-modern
html,html_7634.html,882,0,0,0,0,0,0,0,2,0,0,0,0,0,0,0,0,,0,0,0,0,0,card-heavy-modern
html,html_14873.html,1436,0,2,3,1,0,1,4,3,0,0,0,0,0,0,0,0,,0,0,0,0,0,card-heavy-modern
html,html_12455.html,1560,0,0,0,0,0,1,1,2,0,0,0,0,0,1,1,0,,0,0,0,0,0,image-rich-gallery
html,html_5726.html,1298,0,0,0,1,0,0,4,2,0,0,0,0,1,0,0,0,,0,0,0,0,0,form-focused
html,html_1120.html,2261,0,0,0,1,0,0,3,1,0,0,0,0,1,0,0,0,,0,0,0,0,0,form-focused
html,html_8341.html,1126,0,0,1,0,0,1,0,3,1,0,1,0,0,1,0,0,,0,0,0,0,0,card-heavy-modern
html,html_14203.html,1655,0,0,0,1,0,4,5,1,0,0,0,0,1,1,0,0,,0,0,0,0,0,form-focused
html,html_2184.html,1667,0,0,0,0,0,0,0,1,0,0,0,0,0,1,0,0,,0,0,0,0,0,card-heavy-modern
html,html_11679.html,1673,1,0,0,1,0,3,4,1,1,0,0,0,1,0,0,0,,0,0,0,0,0,form-focused
html,html_2851.html,1404,1,0,0,0,0,1,0,2,0,0,0,0,1,1,0,0,,0,0,0,0,0,form-focused
html,html_5691.html,816,0,0,0,0,0,1,0,1,0,0,0,0,0,0,0,0,,0,0,0,0,0,card-heavy-modern
html,html_3931.html,1947,0,0,0,0,0,0,0,5,0,0,0,0,0,0,0,0,,0,0,0,0,0,card-heavy-modern
html,html_14700.html,1449,0,0,0,0,0,1,0,3,0,0,0,0,0,1,0,0,,0,0,0,0,0,card-heavy-modern
html,html_12670.html,1598,0,0,0,1,0,4,5,0,0,0,0,0,1,0,0,0,,0,0,0,0,0,form-focused
html,html_5250.html,1603,0,0,2,1,0,3,3,2,0,0,0,0,1,1,0,0,,0,0,0,0,0,form-focused
html,html_7171.html,1272,0,0,4,1,0,0,0,7,0,0,0,0,1,0,1,0,,0,0,0,0,0,form-focused
html,html_969.html,912,0,0,0,0,0,0,0,1,0,0,0,0,0,0,0,0,,0,0,0,0,0,card-heavy-modern
html,html_11845.html,1669,0,0,0,2,0,0,6,1,0,0,1,0,1,0,0,0,,0,0,0,0,0,form-focused
html,html_8156.html,2372,0,0,1,1,0,0,10,0,0,0,0,0,1,1,0,0,,0,0,0,0,0,form-focused
html,html_9722.html,2059,1,0,0,0,0,2,0,3,0,0,0,0,0,0,1,0,,0,0,0,0,0,image-rich-gallery
html,html_10970.html,2171,0,0,0,1,0,0,3,1,0,0,0,1,1,1,0,0,,0,0,0,0,0,form-focused
html,html_3642.html,2370,0,0,0,0,0,1,0,4,0,0,1,0,0,0,0,0,,0,0,0,0,0,card-heavy-modern
html,html_940.html,1556,0,0,2,0,0,1,0,2,0,0,0,0,1,1,0,0,,0,0,0,0,0,form-focused
html,html_11313.html,1966,1,0,0,0,1,0,0,4,0,0,0,0,0,0,0,0,,0,0,0,0,0,form-focused
html,html_5650.html,1322,0,0,2,0,0,0,0,4,0,0,0,0,1,1,0,0,,0,0,0,0,0,form-focused
html,html_1947.html,1527,0,0,0,0,0,1,0,2,0,0,0,0,0,1,0,0,,0,0,0,0,0,card-heavy-modern
html,html_4323.html,2018,1,0,3,2,0,1,2,2,0,1,0,1,0,0,0,0,,0,0,0,0,0,card-heavy-modern
html,html_485.html,1423,0,0,0,1,0,0,4,4,0,0,0,0,1,0,0,0,,0,0,0,0,0,form-focused
html,html_9081.html,1670,0,0,2,1,0,0,2,2,0,0,0,0,0,0,0,0,,0,0,0,0,0,card-heavy-modern
html,html_5963.html,1330,1,0,0,1,0,2,4,1,0,0,0,0,1,0,0,0,,0,0,0,0,0,form-focused
html,html_6272.html,1492,2,0,0,0,0,1,0,2,0,0,0,0,0,0,0,0,,0,0,0,0,0,card-heavy-modern
html,html_7538.html,1307,2,0,1,0,1,1,0,2,0,0,0,0,1,1,0,0,,0,0,0,0,0,form-focused
html,html_8423.html,1872,1,0,3,1,0,4,3,3,0,0,0,0,1,0,0,0,,0,0,0,0,0,form-focused
html,html_14912.html,1673,0,0,0,0,0,0,0,3,0,0,0,0,0,1,0,0,,0,0,0,0,0,card-heavy-modern
html,html_10450.html,1506,0,0,0,1,0,1,6,1,0,0,0,0,1,1,0,0,,0,0,0,0,0,form-focused
html,html_9818.html,1093,3,0,3,1,0,2,3,3,0,0,0,0,0,0,0,0,,0,0,0,0,0,card-heavy-modern
html,html_14352.html,1500,0,0,0,0,0,1,3,4,0,0,1,0,0,1,0,0,,0,0,0,0,0,card-heavy-modern
html,html_13130.html,1767,1,0,2,1,0,0,3,2,0,0,0,0,1,0,0,0,,0,0,0,0,0,form-focused
html,html_4995.html,2118,0,0,0,1,0,0,3,1,0,0,0,0,1,1,0,0,,0,0,0,0,0,form-focused
html,html_1787.html,1564,0,0,0,1,0,1,3,1,0,0,0,0,1,1,0,0,,0,0,0,0,0,form-focused
html,html_8020.html,1529,0,0,0,1,0,0,3,1,0,0,1,0,0,0,1,0,,0,0,0,0,0,card-heavy-modern
html,html_12930.html,1593,0,0,0,0,0,1,0,1,1,0,0,0,0,0,0,0,,0,0,0,0,0,card-heavy-modern
html,html_989.html,1843,1,0,1,0,1,0,0,3,0,0,0,0,0,0,0,0,,0,0,0,0,0,form-focused
html,html_8377.html,2064,0,0,3,0,0,1,0,5,0,0,0,0,1,0,1,0,,0,0,0,0,0,form-focused
html,html_8552.html,1497,1,0,0,1,0,2,4,2,0,0,0,0,1,0,0,0,,0,0,0,0,0,form-focused
html,html_3190.html,1034,0,0,0,0,0,2,0,1,0,0,0,0,0,1,0,0,,0,0,0,0,0,card-heavy-modern
html,html_6519.html,1509,0,0,1,1,0,1,4,1,0,0,0,0,1,0,0,0,,0,0,0,0,0,form-focused
html,html_11263.html,972,0,0,2,0,0,0,0,4,0,0,0,0,0,1,0,0,,0,0,0,0,0,card-heavy-modern
html,html_2352.html,1782,0,1,0,1,0,1,4,4,0,0,0,0,1,0,0,0,,0,0,0,0,0,form-focused
html,html_11942.html,1993,1,0,0,0,0,0,4,1,0,0,0,0,1,1,0,0,,0,0,0,0,0,form-focused
html,html_2619.html,800,0,0,2,0,0,0,0,3,0,0,0,0,1,0,1,0,,0,0,0,0,0,form-focused
html,html_1959.html,2011,0,0,0,1,0,1,3,1,1,0,0,0,1,1,0,0,,0,0,0,0,0,form-focused
html,html_1794.html,1784,0,0,2,1,0,0,4,3,0,0,0,0,1,1,0,0,,0,0,0,0,0,form-focused
html,html_3124.html,1855,0,0,0,1,0,0,4,1,0,0,0,0,1,1,0,0,,0,0,0,0,0,form-focused
html,html_5825.html,1330,0,0,0,1,0,1,6,1,0,0,0,1,1,1,0,0,,0,0,0,0,0,form-focused
html,html_961.html,1727,0,0,1,1,0,4,4,1,0,0,0,0,1,0,1,0,,0,0,0,0,0,form-focused
html,html_12678.html,1679,0,0,2,1,0,3,4,3,1,0,0,0,1,0,0,0,,0,0,0,0,0,form-focused
html,html_13719.html,2060,0,0,1,1,0,3,7,5,0,0,0,0,1,0,0,0,,0,0,0,0,0,form-focused
html,html_8534.html,1045,0,0,0,0,0,0,1,1,0,0,0,0,1,0,0,0,,0,0,0,0,0,form-focused
html,html_541.html,1688,0,0,0,1,0,1,3,1,0,0,0,0,0,0,0,0,,0,0,0,0,0,card-heavy-modern
html,html_4288.html,1472,0,0,0,1,0,1,4,1,0,0,0,0,1,1,0,0,,0,0,0,0,0,form-focused
html,html_13115.html,2503,0,0,3,1,0,0,4,4,0,0,0,0,0,0,0,0,,0,0,0,0,0,card-heavy-modern
html,html_9310.html,1214,1,0,2,0,0,1,0,5,0,0,1,0,1,0,0,0,,0,0,0,0,0,form-focused
html,html_6398.html,2018,0,0,0,0,0,0,0,0,0,0,0,0,0,1,0,0,,0,0,0,0,0,card-heavy-modern
html,html_2507.html,1657,0,0,1,1,0,1,3,1,0,0,0,0,1,1,0,0,,0,0,0,0,0,form-focused
html,html_11229.html,1140,0,0,0,1,0,1,7,0,0,0,0,0,1,0,0,0,,0,0,0,0,0,form-focused
html,html_12035.html,2617,1,0,0,1,0,0,5,0,0,0,0,0,1,1,0,0,,0,0,0,0,0,form-focused
html,html_12584.html,1205,0,0,0,1,0,0,4,1,0,0,0,0,1,0,1,0,,0,0,0,0,0,form-focused
html,html_5079.html,2179,0,0,0,1,1,0,10,4,0,0,0,0,1,0,0,0,,0,0,0,0,0,form-focused
html,html_9527.html,2948,1,0,0,1,1,1,3,2,0,0,0,0,1,1,0,0,,0,0,0,0,0,form-focused
html,html_9965.html,1630,1,0,0,1,0,0,3,1,0,0,0,0,1,0,0,0,,0,0,0,0,0,form-focused
html,html_4365.html,1510,0,0,6,0,0,1,0,6,0,0,0,0,0,0,1,0,,0,0,0,0,0,image-rich-gallery
html,html_12444.html,2072,0,0,0,0,0,0,0,0,0,0,0,0,0,1,0,0,,0,0,0,0,0,card-heavy-modern
html,html_10790.html,1798,0,0,0,1,0,1,6,1,0,0,0,0,1,1,0,0,,0,0,0,0,0,form-focused
html,html_8186.html,2042,0,0,0,0,0,0,0,0,0,0,0,0,1,1,0,0,,0,0,0,0,0,form-focused
html,html_62.html,1462,0,0,3,0,0,1,1,1,1,0,1,0,0,0,0,0,,0,0,0,0,0,card-heavy-modern
html,html_7501.html,1341,0,0,1,0,0,2,0,5,0,0,0,0,0,0,0,0,,0,0,0,0,0,card-heavy-modern
html,html_14628.html,1914,0,0,0,1,0,0,3,3,0,0,0,0,1,0,0,0,,0,0,0,0,0,form-focused
html,html_2982.html,2523,0,0,0,1,0,0,3,1,0,0,0,0,1,1,0,0,,0,0,0,0,0,form-focused
html,html_8530.html,812,0,0,0,0,0,1,0,1,0,0,0,0,0,1,0,0,,0,0,0,0,0,card-heavy-modern
html,html_12600.html,1544,0,0,0,0,0,0,3,5,0,0,0,0,1,1,0,0,,0,0,0,0,0,form-focused
html,html_1059.html,727,0,0,0,0,0,0,0,3,0,0,0,0,0,1,0,0,,0,0,0,0,0,card-heavy-modern
html,html_12303.html,1741,0,0,0,1,0,2,4,0,0,0,0,0,0,0,0,0,,0,0,0,0,0,card-heavy-modern
html,html_706.html,1438,1,0,0,0,0,1,0,1,0,0,0,0,0,1,0,0,,0,0,0,0,0,card-heavy-modern
html,html_4632.html,1402,1,0,0,0,0,0,0,4,0,0,0,0,1,1,0,0,,0,0,0,0,0,form-focused
html,html_3242.html,2633,0,0,0,1,0,0,3,4,0,0,1,0,1,1,0,0,,0,0,0,0,0,form-focused
html,html_606.html,1802,0,0,0,0,0,3,0,4,0,0,0,0,0,0,0,0,,0,0,0,0,0,card-heavy-modern
html,html_3791.html,1605,0,0,0,1,0,1,3,3,0,0,0,1,1,1,0,0,,0,0,0,0,0,form-focused
html,html_4184.html,1687,0,0,0,0,0,0,0,4,0,0,0,0,0,0,0,0,,0,0,0,0,0,card-heavy-modern
html,html_11389.html,1613,0,0,0,0,0,1,0,1,0,0,0,0,0,1,0,0,,0,0,0,0,0,card-heavy-modern
html,html_2366.html,1448,1,0,0,1,1,0,0,1,0,0,0,0,0,0,0,0,,0,0,0,0,0,form-focused
html,html_9468.html,1787,0,0,0,1,0,0,3,1,0,0,0,0,1,0,0,0,,0,0,0,0,0,form-focused
html,html_12685.html,2244,1,0,5,1,0,1,5,5,0,0,1,0,1,0,0,0,,0,0,0,0,0,form-focused
html,html_1205.html,2067,2,0,1,1,0,0,3,1,0,0,0,0,1,1,0,0,,0,0,0,0,0,form-focused
html,html_1667.html,1035,0,0,0,0,0,0,0,1,0,1,1,0,0,0,0,0,,0,0,0,0,0,card-heavy-modern
html,html_8258.html,1868,0,0,0,1,0,1,3,4,0,0,0,0,1,0,0,0,,0,0,0,0,0,form-focused
html,html_10782.html,1777,1,0,0,1,1,1,2,3,0,0,1,0,1,1,0,0,,0,0,0,0,0,form-focused
html,html_14287.html,1373,1,0,0,0,0,1,0,1,0,0,0,0,0,1,0,0,,0,0,0,0,0,card-heavy-modern
html,html_12406.html,1709,0,0,0,0,0,0,4,1,0,0,0,0,0,0,0,0,,0,0,0,0,0,card-heavy-modern
html,html_13385.html,1994,0,0,0,0,0,0,9,4,0,0,1,1,0,0,0,0,,0,0,0,0,0,card-heavy-modern
html,html_1638.html,1606,1,0,0,1,0,1,4,1,0,0,0,0,1,0,0,0,,0,0,0,0,0,form-focused
html,html_8968.html,1553,0,0,2,0,0,0,0,3,0,0,0,0,0,1,0,0,,0,0,0,0,0,card-heavy-modern
html,html_3992.html,1383,0,0,0,1,0,0,6,1,0,0,0,0,1,0,0,0,,0,0,0,0,0,form-focused
html,html_14151.html,2228,1,0,0,1,0,0,3,3,0,0,0,0,1,1,0,0,,0,0,0,0,0,form-focused
html,html_9498.html,1399,0,0,0,0,0,1,0,1,0,0,0,0,0,0,1,0,,0,0,0,0,0,image-rich-gallery
html,html_2202.html,2710,0,0,0,1,0,1,3,3,0,0,0,0,1,0,0,0,,0,0,0,0,0,form-focused
html,html_1352.html,1569,0,0,0,0,0,0,0,3,0,0,0,0,1,0,1,0,,0,0,0,0,0,form-focused
html,html_13413.html,2057,0,0,2,1,0,5,4,2,0,0,0,0,1,1,0,0,,0,0,0,0,0,form-focused
html,html_12839.html,2165,1,0,3,1,0,0,5,3,0,0,0,0,1,0,0,0,,0,0,0,0,0,form-focused
html,html_13169.html,2687,0,0,0,1,0,0,4,0,0,0,0,0,0,0,0,0,,0,0,0,0,0,card-heavy-modern
html,html_6102.html,1433,1,0,0,1,0,0,4,2,0,1,0,0,1,1,0,0,,0,0,0,0,0,form-focused
html,html_9164.html,958,0,0,0,1,0,1,0,2,0,0,1,0,0,0,0,0,,0,0,0,0,0,card-heavy-modern
html,html_2626.html,1089,0,0,3,0,0,1,0,3,0,0,0,0,0,1,0,0,,0,0,0,0,0,card-heavy-modern
html,html_1167.html,2378,0,1,0,1,0,0,5,1,0,0,0,0,1,1,0,0,,0,0,0,0,0,form-focused
html,html_10721.html,1490,0,0,0,0,0,1,0,2,0,0,0,0,0,1,0,0,,0,0,0,0,0,card-heavy-modern
html,html_6006.html,2178,0,0,4,1,0,0,3,4,0,0,1,0,0,1,1,0,,0,0,0,0,0,card-heavy-modern
html,html_9829.html,1504,0,0,1,0,0,1,0,3,0,0,0,0,0,0,0,0,,0,0,0,0,0,card-heavy-modern
html,html_5788.html,1216,0,0,0,0,0,1,0,1,0,0,0,0,0,1,0,0,,0,0,0,0,0,card-heavy-modern
html,html_14824.html,1601,0,0,0,1,0,4,4,1,0,1,0,0,1,0,0,0,,0,0,0,0,0,form-focused
html,html_12072.html,1153,0,0,0,0,0,1,0,0,0,0,0,0,0,0,0,0,,0,0,0,0,0,card-heavy-modern
html,html_13049.html,1207,0,0,1,1,0,1,2,1,0,0,0,0,0,0,0,0,,0,0,0,0,0,card-heavy-modern
html,html_10250.html,1520,0,0,1,1,0,1,3,3,0,0,1,0,0,1,0,0,,0,0,0,0,0,card-heavy-modern
html,html_10759.html,1120,0,0,1,1,0,0,6,4,0,0,0,0,0,0,0,0,,0,0,0,0,0,card-heavy-modern
html,html_7744.html,3677,1,0,0,1,0,0,10,0,0,0,0,0,1,0,0,0,,0,0,0,0,0,form-focused
html,html_8047.html,1838,0,0,0,1,0,2,3,1,1,0,0,0,1,0,0,0,,0,0,0,0,0,form-focused
html,html_4443.html,1287,1,0,0,0,0,0,3,1,0,0,0,0,1,0,0,0,,0,0,0,0,0,form-focused
html,html_13396.html,1450,0,0,0,0,0,0,0,2,0,0,0,0,0,1,0,0,,0,0,0,0,0,card-heavy-modern
html,html_8719.html,1741,0,0,0,1,0,1,4,1,0,0,0,0,1,0,0,0,,0,0,0,0,0,form-focused
html,html_4466.html,1499,1,0,3,1,1,0,8,3,0,0,1,0,0,0,0,0,,0,0,0,0,0,form-focused
html,html_6199.html,821,0,0,2,0,0,0,0,3,0,0,1,0,0,0,0,0,,0,0,0,0,0,card-heavy-modern
html,html_11888.html,2473,1,1,3,1,0,1,4,3,0,0,0,0,1,1,0,0,,0,0,0,0,0,form-focused
html,html_3629.html,2386,1,0,2,1,0,0,2,3,0,0,0,0,1,0,0,0,,0,0,0,0,0,form-focused
html,html_1777.html,1470,0,0,0,0,0,1,4,1,0,0,0,0,1,1,0,0,,0,0,0,0,0,form-focused
html,html_2298.html,1629,0,0,0,1,0,0,3,1,0,0,0,0,1,1,0,0,,0,0,0,0,0,form-focused
html,html_10321.html,1200,0,0,2,1,0,1,4,1,1,0,0,0,1,0,0,0,,0,0,0,0,0,form-focused
html,html_6489.html,3212,0,0,0,0,0,4,0,4,0,0,0,0,1,0,0,0,,0,0,0,0,0,form-focused
html,html_11262.html,1516,0,0,0,1,0,0,4,4,0,0,0,0,1,0,0,0,,0,0,0,0,0,form-focused
html,html_3121.html,882,0,0,0,0,0,0,0,2,0,0,0,0,0,0,0,0,,0,0,0,0,0,card-heavy-modern
html,html_1003.html,1852,0,0,4,0,0,0,0,7,0,0,1,0,1,0,0,0,,0,0,0,0,0,form-focused
html,html_4522.html,1381,0,0,0,0,0,2,0,3,0,0,0,0,1,0,0,0,,0,0,0,0,0,form-focused
html,html_3668.html,2582,1,0,2,1,0,1,4,2,0,0,0,0,1,1,0,0,,0,0,0,0,0,form-focused
html,html_4824.html,1451,0,0,3,1,0,4,3,3,1,0,0,0,1,0,1,0,,0,0,0,0,0,form-focused
html,html_492.html,1997,2,0,0,0,2,1,2,3,0,0,0,0,1,0,0,0,,0,0,0,0,0,form-focused
html,html_5262.html,1333,0,0,0,1,0,1,4,1,0,0,0,0,1,0,1,0,,0,0,0,0,0,form-focused
html,html_11931.html,1334,0,0,0,0,0,1,0,4,0,0,0,0,1,0,0,0,,0,0,0,0,0,form-focused
html,html_12489.html,2762,0,0,1,1,0,1,3,4,0,0,1,0,1,1,0,0,,0,0,0,0,0,form-focused
html,html_10318.html,2206,0,0,1,1,0,1,3,1,0,0,0,0,1,0,0,0,,0,0,0,0,0,form-focused
html,html_2297.html,2012,0,0,3,0,0,1,2,3,0,0,0,0,0,0,0,0,,0,0,0,0,0,card-heavy-modern
html,html_10797.html,1649,0,0,1,1,0,1,4,1,0,0,1,0,1,1,0,0,,0,0,0,0,0,form-focused
html,html_14261.html,2367,1,0,0,1,0,0,4,0,0,0,0,0,1,0,0,0,,0,0,0,0,0,form-focused
html,html_12105.html,2296,0,0,1,0,0,2,0,1,0,0,0,0,0,1,0,0,,0,0,0,0,0,card-heavy-modern
html,html_4005.html,3031,1,0,0,1,0,2,10,0,0,0,0,0,1,1,0,0,,0,0,0,0,0,form-focused
html,html_11695.html,1618,0,0,3,0,0,2,0,5,0,0,0,0,1,0,1,0,,0,0,0,0,0,form-focused
html,html_2780.html,1550,0,0,0,1,0,0,3,1,0,0,0,0,0,1,0,0,,0,0,0,0,0,card-heavy-modern
html,html_13427.html,1605,0,0,0,1,0,2,0,5,0,0,1,0,0,1,0,0,,0,0,0,0,0,card-heavy-modern
html,html_10141.html,1516,1,0,0,0,0,1,6,4,0,0,1,0,1,1,0,0,,0,0,0,0,0,form-focused
html,html_4840.html,1133,0,0,0,1,0,0,2,1,0,0,0,0,0,0,1,0,,0,0,0,0,0,card-heavy-modern
html,html_11330.html,1471,1,0,0,1,0,0,5,1,0,0,0,0,1,0,0,0,,0,0,0,0,0,form-focused
html,html_3266.html,887,0,0,0,0,0,1,0,1,0,0,0,0,0,0,0,0,,0,0,0,0,0,card-heavy-modern
html,html_8403.html,1801,0,0,0,0,0,0,0,3,0,0,0,0,0,0,0,0,,0,0,0,0,0,card-heavy-modern
html,html_9651.html,1458,0,0,0,0,0,2,0,3,0,0,0,0,0,0,0,0,,0,0,0,0,0,card-heavy-modern
html,html_8995.html,1520,0,0,0,0,0,1,3,5,0,1,0,0,1,0,0,0,,0,0,0,0,0,form-focused
html,html_11435.html,2123,0,0,2,1,0,0,2,2,0,0,0,0,0,0,0,0,,0,0,0,0,0,card-heavy-modern
html,html_5290.html,1064,0,0,0,0,0,2,0,2,0,0,0,0,0,0,0,0,,0,0,0,0,0,card-heavy-modern
html,html_11696.html,3163,1,0,0,0,1,0,2,2,0,0,0,0,0,0,0,0,,0,0,0,0,0,form-focused
html,html_4902.html,1299,0,0,0,0,0,0,0,4,0,0,0,0,0,0,0,0,,0,0,0,0,0,card-heavy-modern
html,html_7032.html,1896,0,0,0,1,0,0,3,1,0,0,0,0,1,0,0,0,,0,0,0,0,0,form-focused
html,html_10312.html,1113,0,0,4,0,0,0,3,6,0,0,0,0,1,0,1,0,,0,0,0,0,0,form-focused
html,html_10442.html,1734,0,0,2,0,0,1,1,3,0,0,0,0,0,0,0,0,,0,0,0,0,0,card-heavy-modern
html,html_3835.html,1852,4,0,0,1,0,5,4,1,0,0,0,0,1,0,0,0,,0,0,0,0,0,form-focused
html,html_2943.html,1724,0,0,0,0,0,0,0,4,0,1,1,0,0,1,0,0,,0,0,0,0,0,card-heavy-modern
html,html_8665.html,731,0,0,0,0,0,0,0,0,0,0,0,0,0,0,0,0,,0,0,0,0,0,card-heavy-modern
html,html_9754.html,1898,0,0,0,0,0,2,1,1,1,0,0,0,0,0,0,0,,0,0,0,0,0,card-heavy-modern
html,html_9533.html,1340,0,0,0,1,0,0,5,3,0,0,1,0,0,0,0,0,,0,0,0,0,0,card-heavy-modern
html,html_9479.html,2034,0,0,0,1,0,1,6,2,0,0,0,0,1,1,0,0,,0,0,0,0,0,form-focused
html,html_2907.html,1420,0,0,0,0,0,0,0,1,0,1,0,0,1,1,0,0,,0,0,0,0,0,form-focused
html,html_8191.html,1728,0,0,0,0,0,0,0,3,0,0,0,0,0,1,0,0,,0,0,0,0,0,card-heavy-modern
html,html_10947.html,2437,0,0,0,1,0,0,3,0,0,0,0,0,1,1,0,0,,0,0,0,0,0,form-focused
html,html_14318.html,2662,0,0,0,1,0,0,6,1,0,0,0,0,0,1,0,0,,0,0,0,0,0,card-heavy-modern
html,html_1125.html,1628,0,0,1,1,0,0,4,1,0,0,0,0,1,1,0,0,,0,0,0,0,0,form-focused
html,html_11465.html,1712,0,0,3,1,0,1,2,7,0,0,1,0,0,1,0,0,,0,0,0,0,0,card-heavy-modern
html,html_12871.html,1770,0,0,0,1,1,1,4,3,0,0,0,0,1,0,0,0,,0,0,0,0,0,form-focused
html,html_5777.html,1550,1,0,0,0,0,0,0,2,0,0,0,0,0,0,0,0,,0,0,0,0,0,card-heavy-modern
html,html_1920.html,1220,0,0,0,0,0,2,0,3,0,0,0,0,0,0,0,0,,0,0,0,0,0,card-heavy-modern
html,html_5447.html,2169,0,0,0,1,0,0,4,1,0,0,0,1,1,1,0,0,,0,0,0,0,0,form-focused
html,html_4020.html,1702,0,0,0,0,0,2,0,0,0,0,0,0,0,1,0,0,,0,0,0,0,0,card-heavy-modern
html,html_1913.html,1199,0,0,3,0,0,0,0,4,0,0,1,0,0,0,0,0,,0,0,0,0,0,card-heavy-modern
html,html_6260.html,1858,0,0,0,1,0,4,4,1,0,0,0,0,1,0,0,0,,0,0,0,0,0,form-focused
html,html_3714.html,3116,0,0,0,2,0,1,8,2,0,0,0,0,1,1,0,0,,0,0,0,0,0,form-focused
html,html_8226.html,2377,0,0,0,0,0,0,0,4,0,0,0,0,0,1,0,0,,0,0,0,0,0,card-heavy-modern
html,html_6819.html,1993,0,0,4,1,0,0,2,4,0,0,0,0,0,0,0,0,,0,0,0,0,0,card-heavy-modern
html,html_9073.html,1826,0,0,0,0,1,1,0,3,0,0,0,0,1,0,0,0,,0,0,0,0,0,form-focused
html,html_14774.html,2290,0,0,0,1,0,1,7,5,0,0,1,0,1,0,0,0,,0,0,0,0,0,form-focused
html,html_9099.html,1589,0,0,3,1,0,0,3,4,0,0,1,0,0,1,0,0,,0,0,0,0,0,card-heavy-modern
html,html_1788.html,2124,0,0,0,1,0,0,3,2,0,0,0,0,1,0,0,0,,0,0,0,0,0,form-focused
html,html_7568.html,1873,0,0,0,1,0,0,4,2,0,0,0,0,1,1,0,0,,0,0,0,0,0,form-focused
html,html_6635.html,1069,0,0,0,1,0,0,0,1,0,0,0,0,0,0,0,0,,0,0,0,0,0,card-heavy-modern
html,html_13415.html,1243,1,1,2,1,0,1,4,1,0,0,0,0,1,0,0,0,,0,0,0,0,0,form-focused
html,html_2995.html,1807,0,0,2,1,0,3,4,2,0,0,0,0,1,0,0,0,,0,0,0,0,0,form-focused
html,html_621.html,1470,1,0,0,0,0,1,0,2,0,0,0,0,0,0,0,0,,0,0,0,0,0,card-heavy-modern
html,html_4333.html,1276,0,0,0,0,0,1,0,3,0,0,0,0,0,0,0,0,,0,0,0,0,0,card-heavy-modern
html,html_7041.html,1524,2,0,0,0,0,1,0,1,0,0,0,0,0,0,0,0,,0,0,0,0,0,card-heavy-modern
html,html_10302.html,712,0,0,0,0,0,0,1,1,0,0,0,0,0,0,0,0,,0,0,0,0,0,card-heavy-modern
html,html_680.html,1909,0,0,0,1,0,1,6,2,0,0,0,0,1,0,0,0,,0,0,0,0,0,form-focused
html,html_877.html,3170,0,0,4,1,0,1,3,4,0,0,1,0,0,0,0,0,,0,0,0,0,0,card-heavy-modern
html,html_2001.html,1736,0,0,0,0,0,1,0,0,0,0,0,0,0,1,0,0,,0,0,0,0,0,card-heavy-modern
html,html_11156.html,1851,0,0,0,1,0,1,5,1,0,0,0,0,1,0,0,0,,0,0,0,0,0,form-focused
html,html_242.html,1912,0,0,0,0,0,0,0,1,1,0,1,0,0,0,0,0,,0,0,0,0,0,card-heavy-modern
html,html_410.html,909,0,0,0,0,0,0,0,0,0,0,0,0,0,1,0,0,,0,0,0,0,0,card-heavy-modern
html,html_11707.html,820,0,0,0,1,0,0,5,0,0,0,1,0,0,0,0,0,,0,0,0,0,0,card-heavy-modern
html,html_633.html,1698,0,0,0,1,0,0,2,0,0,0,0,0,1,1,0,0,,0,0,0,0,0,form-focused
html,html_2962.html,1231,0,0,0,0,0,0,0,1,0,0,0,0,0,0,0,0,,0,0,0,0,0,card-heavy-modern
html,html_94.html,1386,0,0,3,0,0,0,0,4,0,0,1,0,0,1,0,0,,0,0,0,0,0,card-heavy-modern
html,html_4852.html,2123,1,0,4,0,1,1,0,6,0,0,0,0,0,0,0,0,,0,0,0,0,0,form-focused
html,html_10016.html,1706,0,0,0,0,0,1,0,2,0,0,0,0,0,1,0,0,,0,0,0,0,0,card-heavy-modern
html,html_14421.html,2979,0,0,3,1,0,1,4,3,0,0,0,0,1,1,0,0,,0,0,0,0,0,form-focused
html,html_4863.html,1242,0,0,1,0,0,1,0,2,0,0,0,0,0,0,0,0,,0,0,0,0,0,card-heavy-modern
html,html_10788.html,1692,0,0,0,1,0,1,4,3,0,0,1,0,1,0,0,0,,0,0,0,0,0,form-focused
html,html_5648.html,872,0,0,0,1,0,0,5,1,0,0,0,0,1,0,0,0,,0,0,0,0,0,form-focused
html,html_354.html,833,0,0,0,1,0,1,3,0,0,0,0,0,1,0,0,0,,0,0,0,0,0,form-focused
html,html_13108.html,904,0,0,0,0,0,0,1,1,0,0,0,0,0,0,0,0,,0,0,0,0,0,card-heavy-modern
html,html_14888.html,1392,0,0,0,0,0,0,0,2,0,0,0,0,0,0,0,0,,0,0,0,0,0,card-heavy-modern
html,html_4986.html,1603,1,0,3,1,0,2,3,3,0,0,0,0,1,1,0,0,,0,0,0,0,0,form-focused
html,html_14116.html,1616,0,0,1,1,0,1,4,1,0,0,0,0,1,1,0,0,,0,0,0,0,0,form-focused
html,html_10668.html,2198,2,0,0,1,1,1,3,1,0,0,0,0,1,1,0,0,,0,0,0,0,0,form-focused
html,html_7001.html,1671,1,0,1,1,0,0,4,1,0,0,0,0,0,0,0,0,,0,0,0,0,0,card-heavy-modern
html,html_7513.html,1664,0,0,2,1,0,1,3,2,0,0,0,0,0,1,0,0,,0,0,0,0,0,card-heavy-modern
html,html_5016.html,1577,0,0,4,0,0,0,0,5,0,0,0,0,1,0,0,0,,0,0,0,0,0,form-focused
html,html_13236.html,1274,0,0,0,1,0,1,4,1,0,0,0,0,1,1,0,0,,0,0,0,0,0,form-focused
html,html_8870.html,1144,0,0,0,0,0,0,2,1,0,0,0,0,0,0,0,0,,0,0,0,0,0,card-heavy-modern
html,html_5321.html,1885,0,0,1,0,0,0,3,5,0,0,0,0,0,0,0,0,,0,0,0,0,0,card-heavy-modern
html,html_4554.html,1401,0,0,0,0,0,0,0,3,0,0,1,0,0,1,0,0,,0,0,0,0,0,card-heavy-modern
html,html_12483.html,1737,0,0,3,0,0,0,0,4,0,0,1,0,0,1,0,0,,0,0,0,0,0,card-heavy-modern
html,html_12308.html,1600,0,0,1,1,0,0,5,1,0,0,0,0,1,1,0,0,,0,0,0,0,0,form-focused
html,html_2881.html,2524,0,0,0,1,0,0,3,1,0,0,0,0,0,0,0,0,,0,0,0,0,0,card-heavy-modern
html,html_10529.html,2202,0,0,3,1,0,0,9,3,0,0,0,0,0,0,0,0,,0,0,0,0,0,card-heavy-modern
html,html_6662.html,900,0,0,0,0,0,1,0,0,0,1,0,0,0,0,0,0,,0,0,0,0,0,card-heavy-modern
html,html_6687.html,1944,0,0,0,0,0,1,3,2,0,0,0,0,1,0,0,0,,0,0,0,0,0,form-focused
html,html_8584.html,2020,0,0,0,0,0,1,0,1,0,0,0,0,0,0,0,0,,0,0,0,0,0,card-heavy-modern
html,html_8481.html,1242,2,0,0,0,0,0,0,1,0,0,0,0,0,0,0,0,,0,0,0,0,0,card-heavy-modern
html,html_6008.html,1490,0,0,1,1,0,0,3,2,0,0,0,0,0,0,0,0,,0,0,0,0,0,card-heavy-modern
html,html_14162.html,2032,0,0,0,1,0,4,4,1,0,0,0,0,1,0,0,0,,0,0,0,0,0,form-focused
html,html_13455.html,1642,0,0,0,0,0,0,6,1,0,0,0,0,1,1,0,0,,0,0,0,0,0,form-focused
html,html_2347.html,1197,1,0,0,0,0,1,0,2,0,0,0,0,0,0,0,0,,0,0,0,0,0,card-heavy-modern
html,html_14457.html,1649,0,0,1,1,0,0,3,1,0,0,0,0,1,1,0,0,,0,0,0,0,0,form-focused
html,html_3451.html,1141,1,0,3,0,0,2,0,1,0,0,0,0,0,0,1,0,,0,0,0,0,0,image-rich-gallery
html,html_8981.html,2194,0,0,0,1,0,2,8,1,1,0,0,0,1,0,0,0,,0,0,0,0,0,form-focused
html,html_6088.html,2051,1,0,3,1,0,0,4,4,1,0,0,0,1,1,0,0,,0,0,0,0,0,form-focused
html,html_4806.html,1881,0,0,0,1,0,0,4,3,0,0,0,0,1,1,0,0,,0,0,0,0,0,form-focused
html,html_10178.html,1446,2,0,0,1,0,0,0,1,0,0,0,0,0,1,0,0,,0,0,0,0,0,card-heavy-modern
html,html_6650.html,2244,0,0,0,1,0,1,4,3,0,0,0,0,1,0,0,0,,0,0,0,0,0,form-focused
html,html_4742.html,1446,0,0,1,1,0,1,4,1,0,0,0,0,1,0,0,0,,0,0,0,0,0,form-focused
html,html_12941.html,1711,0,0,2,1,0,4,2,2,1,0,0,0,0,0,0,0,,0,0,0,0,0,card-heavy-modern
html,html_12940.html,1119,0,0,2,0,0,1,0,5,0,0,0,0,0,0,0,0,,0,0,0,0,0,card-heavy-modern
html,html_8543.html,967,0,0,4,0,0,0,0,5,0,0,0,0,0,0,0,0,,0,0,0,0,0,card-heavy-modern
html,html_8098.html,2319,0,0,3,1,0,1,4,3,0,0,0,0,1,0,0,0,,0,0,0,0,0,form-focused
html,html_5467.html,1721,1,0,0,1,0,1,3,4,0,0,0,0,1,0,0,0,,0,0,0,0,0,form-focused
html,html_8179.html,1447,0,0,2,1,0,0,4,3,0,0,0,0,1,1,0,0,,0,0,0,0,0,form-focused
html,html_7262.html,1917,0,0,3,1,0,0,5,3,0,0,0,0,0,0,0,0,,0,0,0,0,0,card-heavy-modern
html,html_12261.html,1075,0,0,0,0,0,1,1,1,0,0,0,0,0,1,0,0,,0,0,0,0,0,card-heavy-modern
html,html_10704.html,1200,0,1,0,0,0,1,0,3,0,0,0,0,0,0,0,0,,0,0,0,0,0,card-heavy-modern
html,html_1067.html,1305,1,0,2,0,0,2,0,1,0,0,0,0,0,0,1,0,,0,0,0,0,0,image-rich-gallery
html,html_4219.html,1789,0,0,0,1,0,0,2,1,0,0,0,0,0,0,1,0,,0,0,0,0,0,card-heavy-modern
html,html_7168.html,2734,0,0,3,1,0,1,6,3,0,0,0,1,1,1,0,0,,0,0,0,0,0,form-focused
html,html_1693.html,2158,0,0,4,1,0,1,3,4,1,0,1,0,0,0,0,0,,0,0,0,0,0,card-heavy-modern
html,html_11491.html,1274,0,0,0,1,0,1,4,1,1,0,0,0,1,0,0,0,,0,0,0,0,0,form-focused
html,html_12372.html,1535,0,0,1,1,0,1,4,2,0,0,0,0,1,0,1,0,,0,0,0,0,0,form-focused
html,html_11099.html,1769,0,0,0,1,0,0,3,1,0,0,0,0,1,0,0,0,,0,0,0,0,0,form-focused
html,html_11388.html,998,1,0,0,0,0,0,0,1,0,0,0,0,0,0,0,0,,0,0,0,0,0,card-heavy-modern
html,html_3319.html,2022,2,0,0,0,0,0,0,4,0,0,0,0,0,0,0,0,,0,0,0,0,0,card-heavy-modern
html,html_14002.html,1771,0,0,1,1,0,0,4,3,0,0,0,0,1,0,0,0,,0,0,0,0,0,form-focused
html,html_12265.html,1509,0,0,0,1,0,1,4,5,0,0,1,0,0,0,0,0,,0,0,0,0,0,card-heavy-modern
html,html_12046.html,1473,1,0,0,1,0,1,5,1,0,0,0,0,1,0,0,0,,0,0,0,0,0,form-focused
html,html_3726.html,1284,0,0,1,1,0,1,4,4,0,0,1,0,0,0,0,0,,0,0,0,0,0,card-heavy-modern
html,html_13569.html,900,0,0,0,1,0,0,2,1,0,0,0,0,0,1,0,0,,0,0,0,0,0,card-heavy-modern
html,html_3250.html,1637,0,0,0,1,0,1,4,3,0,0,1,0,0,1,0,0,,0,0,0,0,0,card-heavy-modern
html,html_8469.html,2140,0,0,4,1,0,0,4,4,0,0,1,0,1,1,0,0,,0,0,0,0,0,form-focused
html,html_8766.html,1310,0,0,0,1,0,1,5,2,0,0,0,0,1,0,0,0,,0,0,0,0,0,form-focused
html,html_11160.html,2141,0,0,0,2,0,0,6,1,0,0,0,0,1,1,0,0,,0,0,0,0,0,form-focused
html,html_4123.html,1650,0,0,0,0,0,2,0,2,0,0,0,0,0,0,0,0,,0,0,0,0,0,card-heavy-modern
html,html_3566.html,1694,0,0,2,1,0,1,4,2,0,0,0,0,1,1,0,0,,0,0,0,0,0,form-focused
html,html_9504.html,1246,0,0,3,0,0,0,0,1,0,0,0,0,0,0,0,0,,0,0,0,0,0,card-heavy-modern
html,html_12599.html,1444,0,0,0,1,0,0,3,1,0,0,0,0,1,0,0,0,,0,0,0,0,0,form-focused
html,html_4360.html,1430,0,0,2,1,0,1,4,3,1,0,0,0,0,0,0,0,,0,0,0,0,0,card-heavy-modern
html,html_831.html,1390,0,1,2,1,0,1,3,2,0,0,0,0,0,0,0,0,,0,0,0,0,0,card-heavy-modern
html,html_3868.html,1573,0,0,0,1,0,0,3,1,0,0,0,0,1,0,0,0,,0,0,0,0,0,form-focused
html,html_4328.html,1418,0,0,5,1,0,1,5,5,0,0,1,0,0,0,0,1,#fac,0,0,0,0,0,card-heavy-modern
html,html_943.html,1261,0,0,0,0,0,0,0,2,0,0,0,0,0,0,0,0,,0,0,0,0,0,card-heavy-modern
html,html_1544.html,2521,0,0,0,1,0,1,3,4,0,0,0,0,0,0,1,1,#fea,0,0,0,0,0,image-rich-gallery
html,html_2186.html,1039,0,0,0,0,0,1,0,1,0,0,0,0,0,0,0,0,,0,0,0,0,0,card-heavy-modern
html,html_12118.html,2291,0,0,0,1,0,0,4,1,0,0,1,0,1,0,0,0,,0,0,0,0,0,form-focused
html,html_12129.html,829,0,0,0,1,0,0,3,0,0,0,0,0,1,0,0,0,,0,0,0,0,0,form-focused
html,html_12583.html,1484,0,0,0,0,0,1,0,1,0,0,0,0,0,0,0,0,,0,0,0,0,0,card-heavy-modern
html,html_11954.html,2358,0,0,0,1,0,0,3,3,0,0,0,0,1,1,0,0,,0,0,0,0,0,form-focused
html,html_2887.html,1379,0,0,0,0,0,0,0,3,0,0,0,0,0,0,0,0,,0,0,0,0,0,card-heavy-modern
html,html_6466.html,1654,0,0,2,1,0,1,3,3,0,0,0,0,0,0,0,0,,0,0,0,0,0,card-heavy-modern
html,html_3313.html,1432,0,0,0,1,0,1,4,1,0,0,0,0,1,0,0,0,,0,0,0,0,0,form-focused
html,html_2415.html,2508,0,0,4,1,0,0,4,4,0,0,0,0,0,1,1,0,,0,0,0,0,0,card-heavy-modern
html,html_8752.html,1798,0,0,4,1,0,0,4,5,0,0,1,0,0,0,0,0,,0,0,0,0,0,card-heavy-modern
html,html_9346.html,1943,0,0,0,1,0,1,8,1,0,0,0,0,1,0,0,0,,0,0,0,0,0,form-focused
html,html_704.html,1295,0,0,0,0,0,0,0,3,0,0,0,0,0,1,0,0,,0,0,0,0,0,card-heavy-modern
html,html_10488.html,2798,0,0,0,1,0,1,6,0,0,0,1,0,1,1,0,0,,0,0,0,0,0,form-focused
html,html_783.html,1208,1,0,0,0,0,1,0,1,0,0,0,0,0,1,0,0,,0,0,0,0,0,card-heavy-modern
html,html_6413.html,1165,1,0,0,0,0,1,0,1,0,0,0,0,0,1,0,0,,0,0,0,0,0,card-heavy-modern
html,html_7166.html,2044,0,0,1,1,0,1,3,1,0,0,0,0,1,0,0,0,,0,0,0,0,0,form-focused
html,html_13196.html,1972,0,0,0,0,0,0,3,2,0,0,0,0,1,0,0,0,,0,0,0,0,0,form-focused
html,html_4964.html,1368,1,0,0,0,0,0,0,3,0,0,1,0,0,1,0,0,,0,0,0,0,0,card-heavy-modern
html,html_5888.html,1142,0,0,0,1,0,1,4,2,0,0,1,0,1,1,0,0,,0,0,0,0,0,form-focused
html,html_6685.html,1470,0,0,0,0,0,2,0,3,0,0,0,0,0,1,0,0,,0,0,0,0,0,card-heavy-modern
html,html_1736.html,1780,0,0,3,1,0,0,3,3,0,0,0,0,0,0,0,0,,0,0,0,0,0,card-heavy-modern
html,html_5101.html,1766,2,0,0,1,0,1,4,2,0,0,0,0,1,1,0,0,,0,0,0,0,0,form-focused
html,html_1483.html,1861,0,0,0,1,0,0,7,2,0,0,0,0,1,1,0,0,,0,0,0,0,0,form-focused
html,html_9563.html,1020,0,0,0,0,0,0,0,3,0,0,0,0,0,0,0,0,,0,0,0,0,0,card-heavy-modern
html,html_5078.html,1096,0,0,0,1,0,0,0,1,0,0,0,0,0,1,0,0,,0,0,0,0,0,card-heavy-modern
html,html_8555.html,2064,1,0,1,1,0,0,3,1,0,0,0,0,1,1,0,0,,0,0,0,0,0,form-focused
html,html_9736.html,2056,0,0,0,1,0,0,3,2,0,0,0,0,0,1,0,0,,0,0,0,0,0,card-heavy-modern
html,html_1326.html,1785,0,0,3,1,0,2,4,3,1,0,0,0,1,1,0,0,,0,0,0,0,0,form-focused
html,html_1760.html,1691,0,0,0,1,0,0,3,0,0,0,0,0,1,0,0,0,,0,0,0,0,0,form-focused
html,html_2027.html,599,0,0,1,0,0,0,0,1,0,0,0,0,0,0,0,0,,0,0,0,0,0,card-heavy-modern
html,html_5099.html,1257,0,0,0,0,0,2,0,1,0,0,0,0,0,0,0,0,,0,0,0,0,0,card-heavy-modern
html,html_6777.html,1784,0,0,0,1,0,0,3,1,0,0,0,0,1,0,0,0,,0,0,0,0,0,form-focused
html,html_2489.html,1195,0,0,0,1,0,2,4,1,0,0,0,0,1,0,0,0,,0,0,0,0,0,form-focused
html,html_8493.html,1533,1,0,0,0,0,0,0,2,0,0,0,0,1,1,0,0,,0,0,0,0,0,form-focused
html,html_6866.html,1450,0,0,0,0,0,1,0,6,0,0,0,0,0,0,0,0,,0,0,0,0,0,card-heavy-modern
html,html_9407.html,2493,0,0,0,1,0,0,3,0,0,0,0,0,1,1,0,0,,0,0,0,0,0,form-focused
html,html_11766.html,1826,0,0,2,1,0,1,4,2,0,0,0,0,1,1,0,0,,0,0,0,0,0,form-focused
html,html_13762.html,1355,1,0,1,0,0,0,0,1,0,0,0,0,0,0,0,0,,0,0,0,0,0,card-heavy-modern
html,html_4566.html,1786,1,0,0,1,0,2,4,1,0,0,0,0,1,1,0,0,,0,0,0,0,0,form-focused
html,html_8363.html,1534,0,0,0,1,0,2,5,1,1,0,0,0,1,0,0,0,,0,0,0,0,0,form-focused
html,html_9649.html,1745,0,0,3,1,0,1,3,3,0,0,1,0,0,1,0,0,,0,0,0,0,0,card-heavy-modern
html,html_10086.html,1458,1,0,3,1,0,0,3,4,0,0,0,0,0,1,0,0,,0,0,0,0,0,card-heavy-modern
html,html_2869.html,2253,0,0,3,1,0,0,3,3,0,0,0,0,0,1,0,1,#fea,0,0,0,0,0,card-heavy-modern
html,html_10952.html,1144,0,0,0,0,0,0,0,0,0,0,0,0,0,0,1,0,,0,0,0,0,0,card-heavy-modern
html,html_3089.html,1666,0,0,0,1,0,3,4,1,1,0,0,0,0,0,0,0,,0,0,0,0,0,card-heavy-modern
html,html_1143.html,2555,1,0,2,1,0,0,3,2,0,0,0,0,1,1,0,0,,0,0,0,0,0,form-focused
html,html_12432.html,1717,0,0,4,1,0,0,1,4,0,1,0,0,0,0,1,0,,0,0,0,0,0,card-heavy-modern
html,html_4586.html,1187,0,0,0,1,0,1,4,1,0,0,0,0,1,1,0,0,,0,0,0,0,0,form-focused
html,html_1535.html,1856,0,0,1,1,0,0,3,1,0,0,0,0,1,0,1,0,,0,0,0,0,0,form-focused
html,html_11351.html,2014,0,0,0,0,0,0,4,1,0,0,0,0,1,1,0,0,,0,0,0,0,0,form-focused
html,html_607.html,1386,0,0,0,0,0,1,1,3,0,0,0,0,0,1,0,0,,0,0,0,0,0,card-heavy-modern
html,html_1006.html,1394,0,0,1,0,0,1,0,3,0,0,0,0,0,0,0,0,,0,0,0,0,0,card-heavy-modern
html,html_13577.html,1563,0,0,0,0,0,0,0,2,0,0,0,0,0,1,0,0,,0,0,0,0,0,card-heavy-modern
html,html_10510.html,1742,0,0,0,1,0,0,4,2,0,0,0,0,1,1,0,0,,0,0,0,0,0,form-focused
html,html_11325.html,2078,0,0,0,1,0,0,3,3,0,0,0,0,1,0,0,0,,0,0,0,0,0,form-focused
html,html_12454.html,1746,0,0,0,1,0,0,3,0,0,0,0,0,1,1,0,0,,0,0,0,0,0,form-focused
html,html_6787.html,1736,0,0,0,0,0,3,0,3,0,0,0,0,0,1,0,0,,0,0,0,0,0,card-heavy-modern
html,html_4456.html,1327,0,0,0,0,0,0,0,3,0,0,0,0,1,1,0,0,,0,0,0,0,0,form-focused
html,html_8175.html,1855,0,0,0,1,0,2,3,1,0,0,0,0,1,0,0,0,,0,0,0,0,0,form-focused
html,html_2174.html,1023,0,0,2,0,0,0,0,3,0,0,0,0,0,1,0,0,,0,0,0,0,0,card-heavy-modern
html,html_7010.html,906,1,0,2,0,1,0,0,3,0,0,0,0,0,0,0,0,,0,0,0,0,0,form-focused
html,html_4170.html,3008,0,0,0,1,0,0,6,1,0,0,0,0,0,0,0,0,,0,0,0,0,0,card-heavy-modern
html,html_3877.html,1776,0,0,0,0,0,3,4,2,0,0,0,0,1,1,0,0,,0,0,0,0,0,form-focused
html,html_6060.html,1014,0,0,0,0,0,0,0,1,0,0,0,0,0,1,0,0,,0,0,0,0,0,card-heavy-modern
html,html_8326.html,1156,0,0,1,1,0,1,6,3,0,0,0,0,1,1,0,0,,0,0,0,0,0,form-focused
html,html_2848.html,927,0,0,0,0,0,1,0,1,0,0,0,0,0,0,0,0,,0,0,0,0,0,card-heavy-modern
html,html_12509.html,2370,0,0,0,1,0,2,5,2,1,0,1,0,1,1,0,0,,0,0,0,0,0,form-focused
html,html_13369.html,2230,0,0,3,1,0,0,3,3,0,0,0,0,1,0,1,1,#fea,0,0,0,0,0,form-focused
html,html_13840.html,1938,0,0,3,0,0,0,0,4,0,0,0,0,0,0,0,0,,0,0,0,0,0,card-heavy-modern
html,html_14748.html,1686,1,0,0,0,1,1,1,4,0,0,0,0,1,1,0,0,,0,0,0,0,0,form-focused
html,html_4531.html,997,0,0,1,0,0,0,0,2,0,0,0,0,1,1,0,0,,0,0,0,0,0,form-focused
html,html_3031.html,904,0,0,3,0,0,1,0,3,1,0,0,0,0,0,0,0,,0,0,0,0,0,card-heavy-modern
html,html_7076.html,1787,0,0,2,0,0,1,1,4,0,0,0,0,0,0,0,0,,0,0,0,0,0,card-heavy-modern
html,html_317.html,2065,0,0,1,1,0,2,4,2,0,0,0,0,1,1,0,0,,0,0,0,0,0,form-focused
html,html_617.html,1814,1,0,0,1,0,0,4,1,0,0,0,0,1,0,0,0,,0,0,0,0,0,form-focused
html,html_14847.html,1549,0,0,0,0,0,3,0,3,0,0,0,0,0,0,0,0,,0,0,0,0,0,card-heavy-modern
html,html_12462.html,2204,1,0,0,1,0,1,3,1,0,0,0,0,1,0,0,0,,0,0,0,0,0,form-focused
html,html_4428.html,968,0,0,3,0,0,1,0,3,0,0,1,0,0,0,0,0,,0,0,0,0,0,card-heavy-modern
html,html_678.html,1650,1,0,0,0,0,0,3,2,0,0,0,0,1,0,0,0,,0,0,0,0,0,form-focused
html,html_9244.html,1413,0,0,0,1,0,1,3,1,0,0,0,0,1,0,0,0,,0,0,0,0,0,form-focused
html,html_9761.html,1372,1,0,0,0,0,0,0,1,0,0,0,0,0,0,0,0,,0,0,0,0,0,card-heavy-modern
html,html_5021.html,2636,0,0,1,1,0,0,7,1,0,0,0,0,1,1,0,0,,0,0,0,0,0,form-focused
html,html_2444.html,1611,1,0,2,1,0,0,7,2,0,0,0,0,1,1,0,0,,0,0,0,0,0,form-focused
html,html_6714.html,1300,1,0,0,1,0,1,3,1,0,0,0,0,1,0,0,0,,0,0,0,0,0,form-focused
html,html_8525.html,1769,0,0,4,1,0,1,5,5,0,0,1,0,0,0,0,0,,0,0,0,0,0,card-heavy-modern
html,html_5621.html,2072,1,0,3,1,0,1,2,4,0,0,0,0,0,0,0,0,,0,0,0,0,0,card-heavy-modern
html,html_14249.html,1491,0,0,2,0,0,1,0,3,0,0,0,0,0,0,0,0,,0,0,0,0,0,card-heavy-modern
html,html_2338.html,1215,0,0,3,1,0,1,3,3,0,0,0,0,0,0,0,0,,0,0,0,0,0,card-heavy-modern
html,html_7694.html,2187,0,0,0,1,0,1,3,2,0,0,0,0,0,1,0,0,,0,0,0,0,0,card-heavy-modern
html,html_6692.html,1921,2,0,0,0,0,2,0,0,0,0,0,0,0,0,0,0,,0,0,0,0,0,card-heavy-modern
html,html_14966.html,2043,3,0,0,0,1,0,3,4,0,0,0,0,1,0,0,0,,0,0,0,0,0,form-focused
html,html_3790.html,1799,0,0,3,1,0,1,3,3,0,0,1,0,0,1,0,0,,0,0,0,0,0,card-heavy-modern
html,html_4782.html,1211,1,0,0,0,0,0,0,0,0,0,0,0,0,0,0,0,,0,0,0,0,0,card-heavy-modern
html,html_10756.html,2168,0,0,0,1,0,0,3,1,0,0,0,0,1,0,0,0,,0,0,0,0,0,form-focused
html,html_8037.html,918,0,0,2,0,0,0,0,6,0,0,1,0,1,0,0,0,,0,0,0,0,0,form-focused
html,html_2022.html,1693,0,0,0,0,0,1,0,3,0,0,0,0,0,0,0,0,,0,0,0,0,0,card-heavy-modern
html,html_8442.html,1025,0,0,1,1,0,1,4,0,0,0,0,0,1,0,0,0,,0,0,0,0,0,form-focused
html,html_7305.html,1630,0,0,1,0,0,2,1,1,0,0,0,0,0,1,0,0,,0,0,0,0,0,card-heavy-modern
html,html_5220.html,1686,0,0,0,1,0,1,8,2,1,0,0,0,0,0,0,0,,0,0,0,0,0,card-heavy-modern
html,html_657.html,1587,0,0,0,1,0,0,7,1,0,0,1,1,0,1,0,0,,0,0,0,0,0,card-heavy-modern
html,html_9069.html,1644,0,0,0,0,0,1,0,3,0,0,0,0,0,0,0,0,,0,0,0,0,0,card-heavy-modern
html,html_1440.html,1562,0,0,0,1,0,0,4,1,0,0,1,0,1,0,0,0,,0,0,0,0,0,form-focused
html,html_77.html,1219,0,0,0,0,0,2,0,1,0,0,0,0,0,1,0,0,,0,0,0,0,0,card-heavy-modern
html,html_3460.html,2254,0,0,0,1,0,1,3,5,0,0,0,0,1,1,0,0,,0,0,0,0,0,form-focused
html,html_6676.html,1118,0,0,1,0,0,2,0,2,0,0,0,0,0,0,0,0,,0,0,0,0,0,card-heavy-modern
html,html_12680.html,2438,0,0,0,1,0,1,5,3,0,0,0,0,1,1,0,0,,0,0,0,0,0,form-focused
html,html_4666.html,2451,0,0,0,1,0,0,3,1,0,0,0,0,1,1,0,0,,0,0,0,0,0,form-focused
html,html_3904.html,1485,0,0,0,0,0,1,0,4,0,0,0,0,1,1,0,0,,0,0,0,0,0,form-focused
html,html_13512.html,1541,1,0,3,0,0,0,0,4,0,0,0,0,0,0,0,0,,0,0,0,0,0,card-heavy-modern
html,html_1289.html,1473,0,0,2,1,0,1,4,3,0,0,0,0,1,1,0,0,,0,0,0,0,0,form-focused
html,html_448.html,1189,1,0,0,1,0,0,5,1,0,0,0,0,1,1,0,0,,0,0,0,0,0,form-focused
html,html_12301.html,1915,0,0,0,1,0,1,4,1,1,0,0,0,1,1,1,0,,0,0,0,0,0,form-focused
html,html_10908.html,2158,0,0,1,1,0,4,7,1,0,0,0,0,1,0,0,0,,0,0,0,0,0,form-focused
html,html_10903.html,1286,0,0,0,1,0,1,4,1,0,0,0,1,1,1,0,0,,0,0,0,0,0,form-focused
html,html_13483.html,2297,0,0,0,0,0,0,3,2,0,0,0,0,1,1,0,0,,0,0,0,0,0,form-focused
html,html_8563.html,1068,0,0,0,0,0,0,0,1,0,0,0,0,0,0,0,0,,0,0,0,0,0,card-heavy-modern
html,html_13853.html,1835,0,0,0,1,0,0,7,1,0,0,0,0,1,1,0,0,,0,0,0,0,0,form-focused
html,html_6108.html,1365,0,0,3,1,0,0,3,4,0,0,0,0,0,1,0,1,#acade,0,0,0,0,0,card-heavy-modern
html,html_7821.html,1393,0,0,0,1,0,0,5,1,0,0,0,0,1,0,1,0,,0,0,0,0,0,form-focused
html,html_11831.html,715,0,0,0,0,0,0,0,1,0,0,0,0,0,0,0,0,,0,0,0,0,0,card-heavy-modern
html,html_11786.html,977,0,0,1,0,0,0,0,3,0,0,0,0,0,1,0,0,,0,0,0,0,0,card-heavy-modern
html,html_3421.html,1687,1,0,0,0,1,0,0,2,0,0,0,0,0,0,0,0,,0,0,0,0,0,form-focused
html,html_884.html,1240,0,0,0,1,0,0,5,3,0,0,0,0,1,1,0,0,,0,0,0,0,0,form-focused
html,html_13279.html,1562,0,0,1,1,0,1,5,1,0,0,0,0,1,1,0,0,,0,0,0,0,0,form-focused
html,html_6994.html,2770,0,0,1,1,0,0,5,3,0,0,0,0,1,1,1,0,,0,0,0,0,0,form-focused
html,html_1166.html,1471,1,0,2,0,0,1,0,3,0,0,1,0,0,0,0,0,,0,0,0,0,0,card-heavy-modern
html,html_6157.html,1706,1,0,4,1,0,0,4,5,0,0,0,0,1,0,0,0,,0,0,0,0,0,form-focused
html,html_9815.html,903,1,0,0,0,0,1,0,1,0,0,0,0,0,0,0,0,,0,0,0,0,0,card-heavy-modern
html,html_8089.html,1483,0,0,0,1,0,0,2,1,1,0,0,0,1,1,0,0,,0,0,0,0,0,form-focused
html,html_314.html,1873,1,0,0,0,0,1,0,4,0,0,0,1,1,1,0,0,,0,0,0,0,0,form-focused
html,html_7052.html,2330,2,0,0,1,1,0,8,5,0,1,0,0,1,1,0,0,,0,0,0,0,0,form-focused
html,html_3285.html,1447,0,0,0,0,0,0,0,3,0,0,0,0,0,0,0,0,,0,0,0,0,0,card-heavy-modern
html,html_12019.html,1828,0,0,0,1,0,1,3,0,0,0,0,0,1,1,0,0,,0,0,0,0,0,form-focused
html,html_5631.html,2562,1,0,0,1,0,0,3,3,0,0,0,1,1,1,0,0,,0,0,0,0,0,form-focused
html,html_3020.html,2697,0,0,0,1,0,0,5,3,0,0,1,0,1,0,0,0,,0,0,0,0,0,form-focused
html,html_9428.html,1375,0,0,0,1,0,0,3,3,0,0,0,0,1,0,0,0,,0,0,0,0,0,form-focused
html,html_10253.html,2163,0,0,0,1,0,1,3,1,1,0,0,0,1,1,0,0,,0,0,0,0,0,form-focused
html,html_3628.html,1582,0,0,0,0,0,1,0,0,0,0,0,0,0,1,0,0,,0,0,0,0,0,card-heavy-modern
html,html_5010.html,992,1,0,1,0,0,0,0,2,0,0,0,0,0,1,0,0,,0,0,0,0,0,card-heavy-modern
html,html_1695.html,1840,0,0,0,0,0,6,6,2,0,0,0,0,0,0,0,0,,0,0,0,0,0,card-heavy-modern
html,html_9644.html,1756,0,0,0,1,0,0,4,3,0,0,0,0,0,0,0,0,,0,0,0,0,0,card-heavy-modern
html,html_1585.html,3651,2,0,0,1,1,0,7,2,0,0,0,0,1,0,0,0,,0,0,0,0,0,form-focused
html,html_550.html,3381,0,0,0,1,0,3,2,3,0,0,0,0,0,0,0,0,,0,0,0,0,0,card-heavy-modern
html,html_13175.html,1616,0,0,0,1,0,1,4,1,0,0,0,0,1,1,0,0,,0,0,0,0,0,form-focused
html,html_8946.html,1088,2,0,0,0,0,0,0,1,0,0,0,0,0,0,0,0,,0,0,0,0,0,card-heavy-modern
html,html_4622.html,1712,1,0,3,1,0,1,3,3,0,0,0,0,0,0,0,0,,0,0,0,0,0,card-heavy-modern
html,html_3039.html,2173,0,0,0,1,0,0,4,3,0,0,0,0,0,0,0,0,,0,0,0,0,0,card-heavy-modern
html,html_6660.html,1930,0,0,0,0,0,2,0,3,0,0,0,0,0,0,0,0,,0,0,0,0,0,card-heavy-modern
html,html_1550.html,1880,0,0,0,1,0,0,3,1,0,0,0,0,0,1,0,0,,0,0,0,0,0,card-heavy-modern
html,html_1009.html,1406,0,0,0,0,0,0,0,4,0,0,0,0,0,1,0,0,,0,0,0,0,0,card-heavy-modern
html,html_13927.html,1299,1,0,0,0,0,1,3,1,0,0,0,1,0,1,0,0,,0,0,0,0,0,card-heavy-modern
html,html_12883.html,1433,0,0,0,1,0,1,4,1,0,0,0,0,1,0,1,0,,0,0,0,0,0,form-focused
html,html_2427.html,1168,0,0,0,0,0,2,0,1,0,0,0,0,0,1,0,0,,0,0,0,0,0,card-heavy-modern
html,html_12124.html,1387,0,0,0,0,0,1,1,0,0,0,0,0,0,0,0,0,,0,0,0,0,0,card-heavy-modern
html,html_6113.html,2583,0,0,3,1,0,0,5,4,0,0,1,0,0,0,0,0,,0,0,0,0,0,card-heavy-modern
html,html_7640.html,2385,1,0,0,1,1,1,8,3,0,0,0,0,1,0,1,0,,0,0,0,0,0,form-focused
html,html_7758.html,1077,0,0,0,0,0,0,0,2,0,0,0,0,0,0,0,0,,0,0,0,0,0,card-heavy-modern
html,html_13172.html,1680,0,0,0,0,0,1,0,1,0,1,0,0,0,0,0,0,,0,0,0,0,0,card-heavy-modern
html,html_6009.html,1635,0,0,0,1,0,0,3,1,1,0,0,0,1,1,0,0,,0,0,0,0,0,form-focused
html,html_812.html,1557,0,0,0,0,0,1,0,1,0,0,0,0,0,0,0,0,,0,0,0,0,0,card-heavy-modern
html,html_8636.html,2311,0,1,3,1,0,1,3,3,0,0,1,0,0,1,0,0,,0,0,0,0,0,card-heavy-modern
html,html_9454.html,2543,1,0,0,1,1,0,1,1,0,0,0,0,0,1,0,0,,0,0,0,0,0,form-focused
html,html_5547.html,1224,1,0,0,0,0,1,0,1,0,0,0,0,1,0,0,0,,0,0,0,0,0,form-focused
html,html_5762.html,1356,0,0,2,1,0,2,3,5,1,0,1,0,1,0,0,0,,0,0,0,0,0,form-focused
html,html_10896.html,1207,0,0,0,0,0,0,0,1,0,0,0,0,0,1,0,0,,0,0,0,0,0,card-heavy-modern
html,html_9921.html,1340,0,0,0,0,0,4,0,1,0,0,0,0,0,0,0,0,,0,0,0,0,0,card-heavy-modern
html,html_5081.html,2043,1,0,2,1,0,0,5,2,0,0,0,0,1,1,0,0,,0,0,0,0,0,form-focused
html,html_7745.html,1912,1,0,1,1,0,0,6,1,0,0,0,0,1,1,0,0,,0,0,0,0,0,form-focused
html,html_108.html,1353,0,0,0,0,0,0,0,1,0,0,0,0,0,1,0,0,,0,0,0,0,0,card-heavy-modern
html,html_13782.html,2211,1,0,4,1,0,2,6,3,1,0,0,1,1,1,0,0,,0,0,0,0,0,form-focused
html,html_12141.html,1069,0,0,0,0,0,0,0,4,0,0,0,0,0,0,0,0,,0,0,0,0,0,card-heavy-modern
html,html_2055.html,1382,0,0,0,1,0,2,5,1,0,0,0,0,1,0,0,0,,0,0,0,0,0,form-focused
html,html_2370.html,1279,0,0,0,0,0,2,2,1,0,0,0,0,0,0,1,0,,0,0,0,0,0,image-rich-gallery
html,html_11760.html,1284,0,0,0,0,0,0,0,3,0,0,0,1,1,1,0,0,,0,0,0,0,0,form-focused
html,html_7317.html,2194,0,0,1,1,0,0,3,1,0,0,0,0,1,1,0,0,,0,0,0,0,0,form-focused
html,html_7278.html,1662,0,0,0,1,0,1,3,1,0,0,0,0,1,0,0,0,,0,0,0,0,0,form-focused
html,html_11964.html,2254,0,0,0,0,0,1,0,1,0,0,0,0,0,0,0,0,,0,0,0,0,0,card-heavy-modern
html,html_12898.html,1477,1,0,1,1,0,1,4,3,0,0,0,0,1,0,0,0,,0,0,0,0,0,form-focused
html,html_6636.html,1052,1,0,2,0,0,0,0,4,0,0,1,0,0,1,0,0,,0,0,0,0,0,card-heavy-modern
html,html_10672.html,2133,0,0,0,1,0,2,8,1,0,0,0,0,1,0,0,0,,0,0,0,0,0,form-focused
html,html_8491.html,1627,0,0,2,0,0,1,6,4,1,0,0,0,0,0,0,0,,0,0,0,0,0,card-heavy-modern
html,html_11874.html,1445,0,0,0,0,1,0,0,3,0,0,0,0,1,0,1,0,,0,0,0,0,0,form-focused
html,html_4337.html,2249,0,0,0,1,0,0,3,1,0,0,0,0,1,0,0,0,,0,0,0,0,0,form-focused
html,html_3333.html,2194,0,0,3,1,0,0,3,3,0,0,0,0,0,1,0,0,,0,0,0,0,0,card-heavy-modern
html,html_7657.html,1304,0,0,0,0,0,1,1,1,0,0,0,0,0,1,0,0,,0,0,0,0,0,card-heavy-modern
html,html_311.html,1632,0,0,0,0,0,0,0,1,0,0,0,0,0,0,0,0,,0,0,0,0,0,card-heavy-modern
html,html_14839.html,2002,0,0,4,1,0,0,3,6,0,1,0,0,1,0,0,0,,0,0,0,0,0,form-focused
html,html_10107.html,1374,1,0,0,1,0,1,4,3,0,0,0,0,1,1,0,0,,0,0,0,0,0,form-focused
html,html_7480.html,2660,1,0,0,1,0,0,3,1,0,0,0,0,1,1,0,0,,0,0,0,0,0,form-focused
html,html_7728.html,2090,0,0,0,2,0,3,8,1,0,0,0,0,1,1,0,0,,0,0,0,0,0,form-focused
html,html_12694.html,1747,2,0,1,1,1,1,4,3,0,0,0,0,1,1,0,0,,0,0,0,0,0,form-focused
html,html_8218.html,3035,0,0,0,1,0,1,5,4,0,0,0,0,1,1,0,0,,0,0,0,0,0,form-focused
html,html_14745.html,2662,0,0,0,1,0,0,3,0,0,0,0,0,1,1,0,0,,0,0,0,0,0,form-focused
html,html_2910.html,1188,0,0,0,1,0,0,5,1,0,0,0,0,1,0,0,0,,0,0,0,0,0,form-focused
html,html_2741.html,1789,0,0,2,0,0,2,3,1,0,0,0,0,1,1,0,0,,0,0,0,0,0,form-focused
html,html_2861.html,2485,0,0,0,1,0,1,4,1,0,0,0,0,1,1,0,0,,0,0,0,0,0,form-focused
html,html_2363.html,1604,1,0,0,1,0,0,2,1,0,0,0,0,0,1,0,0,,0,0,0,0,0,card-heavy-modern
html,html_12637.html,2057,0,0,2,1,0,0,3,3,0,0,0,0,1,0,0,0,,0,0,0,0,0,form-focused
html,html_4419.html,671,0,0,0,0,0,2,1,0,0,0,0,0,0,0,0,0,,0,0,0,0,0,card-heavy-modern
html,html_2289.html,1858,1,0,0,1,0,1,3,1,1,0,0,0,1,1,0,0,,0,0,0,0,0,form-focused
html,html_6745.html,1389,2,0,0,0,0,1,0,1,0,0,0,0,0,1,0,0,,0,0,0,0,0,card-heavy-modern
html,html_13920.html,2196,1,0,2,1,0,1,5,3,0,1,0,0,1,0,0,0,,0,0,0,0,0,form-focused
html,html_11521.html,2371,1,0,0,1,0,1,3,5,0,0,0,0,1,0,0,0,,0,0,0,0,0,form-focused
html,html_9615.html,1329,1,0,1,0,0,1,0,3,0,0,0,0,0,1,0,0,,0,0,0,0,0,card-heavy-modern
html,html_2873.html,1719,0,0,0,1,0,2,4,1,0,0,0,0,1,1,0,0,,0,0,0,0,0,form-focused
html,html_9685.html,2173,0,0,1,0,0,0,4,1,0,0,0,0,1,0,0,0,,0,0,0,0,0,form-focused
html,html_10606.html,1499,0,0,0,1,0,2,4,1,0,0,0,0,1,0,0,0,,0,0,0,0,0,form-focused
html,html_10027.html,1172,0,0,4,0,0,0,0,5,0,0,0,0,0,0,0,0,,0,0,0,0,0,card-heavy-modern
html,html_10793.html,1885,1,0,0,1,0,2,4,0,0,0,0,0,1,0,0,0,,0,0,0,0,0,form-focused
html,html_900.html,1376,2,0,0,0,0,0,0,1,0,0,0,0,1,1,0,0,,0,0,0,0,0,form-focused
html,html_10384.html,3049,0,0,3,1,0,0,6,3,0,0,0,0,0,0,0,0,,0,0,0,0,0,card-heavy-modern
html,html_10446.html,1501,0,0,0,1,0,1,4,0,0,0,0,0,1,1,0,0,,0,0,0,0,0,form-focused
html,html_7164.html,1168,0,0,1,0,0,1,0,0,0,0,0,0,0,1,0,0,,0,0,0,0,0,card-heavy-modern
html,html_10144.html,1019,0,0,1,0,0,0,0,4,0,0,0,0,1,0,0,0,,0,0,0,0,0,form-focused
html,html_12211.html,1329,0,0,0,1,0,1,0,1,0,0,0,0,0,1,0,0,,0,0,0,0,0,card-heavy-modern
html,html_8877.html,1743,0,0,1,1,0,1,5,1,0,0,0,0,0,1,0,0,,0,0,0,0,0,card-heavy-modern
html,html_5197.html,1458,0,0,0,1,0,1,4,1,0,0,0,0,1,1,0,0,,0,0,0,0,0,form-focused
html,html_6741.html,1446,0,0,3,1,0,0,3,4,0,0,1,0,0,1,0,0,,0,0,0,0,0,card-heavy-modern
html,html_9165.html,1766,0,0,0,1,0,2,5,1,0,0,0,0,1,0,0,0,,0,0,0,0,0,form-focused
html,html_3223.html,2535,0,0,0,1,0,1,6,1,0,0,0,0,1,0,0,0,,0,0,0,0,0,form-focused
html,html_5122.html,921,0,0,0,1,0,1,4,0,0,0,0,0,1,0,0,0,,0,0,0,0,0,form-focused
html,html_4275.html,1244,0,0,0,1,0,1,4,1,0,0,0,0,1,0,0,0,,0,0,0,0,0,form-focused
html,html_10349.html,1781,1,0,2,1,0,1,4,2,0,0,0,0,1,1,0,0,,0,0,0,0,0,form-focused
html,html_1613.html,846,0,0,2,0,0,0,0,2,0,0,0,0,0,0,0,0,,0,0,0,0,0,card-heavy-modern
html,html_5611.html,2085,2,0,0,1,0,1,4,1,0,0,0,0,1,0,0,0,,0,0,0,0,0,form-focused
html,html_11948.html,1271,0,0,0,1,0,3,5,0,0,0,0,0,1,0,0,0,,0,0,0,0,0,form-focused
html,html_6817.html,1994,2,0,1,0,0,2,0,4,0,0,0,0,0,0,0,0,,0,0,0,0,0,card-heavy-modern
html,html_10098.html,1676,0,0,4,1,0,0,5,5,0,0,0,0,1,1,1,0,,0,0,0,0,0,form-focused
html,html_13400.html,1933,0,0,0,0,0,0,0,3,0,0,0,0,0,1,0,0,,0,0,0,0,0,card-heavy-modern
html,html_13865.html,2439,0,0,0,1,0,0,3,3,0,0,1,0,1,0,0,0,,0,0,0,0,0,form-focused
html,html_2229.html,1314,0,0,0,0,0,2,1,2,0,0,0,0,1,1,0,0,,0,0,0,0,0,form-focused
html,html_9318.html,815,0,0,0,0,0,0,0,1,1,0,0,0,0,0,0,0,,0,0,0,0,0,card-heavy-modern
html,html_13955.html,1416,0,0,0,1,0,1,4,1,0,0,0,1,1,1,0,0,,0,0,0,0,0,form-focused
html,html_10711.html,1483,0,0,0,0,0,2,0,2,0,0,0,0,0,1,0,0,,0,0,0,0,0,card-heavy-modern
html,html_7323.html,1810,0,0,0,1,0,0,4,1,0,0,0,0,1,0,0,0,,0,0,0,0,0,form-focused
html,html_12004.html,876,0,0,2,0,0,0,0,3,0,0,0,0,1,1,0,0,,0,0,0,0,0,form-focused
html,html_13650.html,1599,0,0,0,1,0,1,4,0,0,0,0,0,1,1,0,0,,0,0,0,0,0,form-focused
html,html_10944.html,2260,0,0,0,1,0,2,4,1,0,0,0,0,1,1,0,0,,0,0,0,0,0,form-focused
html,html_5274.html,2346,0,0,3,1,0,0,3,3,0,0,0,0,0,0,0,0,,0,0,0,0,0,card-heavy-modern
html,html_6863.html,890,0,0,0,1,0,1,3,0,0,0,0,0,0,0,0,0,,0,0,0,0,0,card-heavy-modern
html,html_9055.html,1249,0,0,0,1,0,0,7,0,0,0,0,0,1,0,0,0,,0,0,0,0,0,form-focused
html,html_8415.html,1602,0,0,3,0,0,0,0,5,0,0,1,0,0,1,0,0,,0,0,0,0,0,card-heavy-modern
html,html_10465.html,1130,1,0,1,0,0,1,0,3,0,0,0,0,0,0,0,0,,0,0,0,0,0,card-heavy-modern
html,html_13338.html,1531,0,0,1,1,0,0,1,2,0,0,0,0,0,0,0,0,,0,0,0,0,0,card-heavy-modern
html,html_4193.html,1315,0,0,2,1,0,2,3,1,0,0,0,0,1,0,0,0,,0,0,0,0,0,form-focused
html,html_618.html,1599,0,0,0,1,0,0,2,3,0,0,0,0,1,0,0,0,,0,0,0,0,0,form-focused
html,html_1612.html,1168,0,0,3,0,0,1,0,3,0,0,0,0,1,0,0,0,,0,0,0,0,0,form-focused
html,html_3511.html,2479,0,0,1,1,0,0,5,2,0,0,0,0,1,1,1,0,,0,0,0,0,0,form-focused
html,html_10652.html,1968,0,0,2,1,0,4,4,2,0,0,0,0,1,1,0,0,,0,0,0,0,0,form-focused
html,html_8169.html,692,1,0,0,0,0,0,0,1,0,0,0,0,0,0,0,0,,0,0,0,0,0,card-heavy-modern
html,html_12893.html,1270,1,0,1,1,0,1,4,2,0,0,1,0,0,0,0,0,,0,0,0,0,0,card-heavy-modern
html,html_14916.html,1876,0,0,2,1,0,1,4,2,0,0,0,0,1,1,0,0,,0,0,0,0,0,form-focused
html,html_4400.html,1150,0,0,1,0,0,0,0,3,0,0,0,0,0,1,0,0,,0,0,0,0,0,card-heavy-modern
html,html_2515.html,1352,1,0,3,0,0,0,0,4,0,0,1,0,0,1,0,0,,0,0,0,0,0,card-heavy-modern
html,html_4343.html,1906,0,0,0,1,0,1,4,5,0,0,0,0,1,1,0,0,,0,0,0,0,0,form-focused
html,html_13208.html,1807,3,0,3,1,0,0,4,3,0,0,0,1,1,1,0,0,,0,0,0,0,0,form-focused
html,html_2598.html,1115,0,0,0,0,0,1,0,0,0,0,0,0,0,0,0,0,,0,0,0,0,0,card-heavy-modern
html,html_4822.html,1463,0,0,0,1,0,0,3,0,0,0,0,0,1,0,0,0,,0,0,0,0,0,form-focused
html,html_11059.html,1903,1,0,0,0,0,3,0,2,0,0,0,0,0,0,0,0,,0,0,0,0,0,card-heavy-modern
html,html_14014.html,2018,0,0,0,1,0,1,3,2,0,0,0,0,1,1,0,0,,0,0,0,0,0,form-focused
html,html_13910.html,1198,1,0,1,0,0,0,0,2,0,0,0,0,0,0,0,0,,0,0,0,0,0,card-heavy-modern
html,html_14533.html,1608,1,0,0,1,1,0,4,1,0,0,0,0,1,0,0,0,,0,0,0,0,0,form-focused
html,html_4649.html,1391,2,0,0,0,0,0,0,0,0,0,0,0,0,0,0,0,,0,0,0,0,0,card-heavy-modern
html,html_1170.html,1649,0,0,4,0,0,0,1,5,0,0,1,0,1,1,0,0,,0,0,0,0,0,form-focused
html,html_14330.html,2837,1,0,0,0,0,0,0,5,0,0,0,0,0,1,0,0,,0,0,0,0,0,card-heavy-modern
html,html_1707.html,2000,0,0,2,1,0,1,1,6,0,0,0,0,0,1,0,0,,0,0,0,0,0,card-heavy-modern
html,html_2211.html,1030,1,0,0,0,0,1,0,1,0,0,0,0,1,1,0,0,,0,0,0,0,0,form-focused
html,html_6912.html,1404,1,0,1,0,0,0,0,3,0,0,0,0,0,1,0,0,,0,0,0,0,0,card-heavy-modern
html,html_4799.html,2228,1,0,0,1,0,0,3,3,0,0,0,0,1,1,0,0,,0,0,0,0,0,form-focused
html,html_8289.html,2604,0,0,0,1,0,1,3,2,0,0,0,0,1,1,0,0,,0,0,0,0,0,form-focused
html,html_586.html,1907,1,0,1,0,0,0,0,7,0,0,1,0,1,1,0,0,,0,0,0,0,0,form-focused
html,html_8526.html,1585,0,0,2,1,0,1,5,3,0,1,0,0,1,0,0,0,,0,0,0,0,0,form-focused
html,html_11849.html,2371,0,0,0,1,0,0,3,1,0,0,0,0,1,1,0,0,,0,0,0,0,0,form-focused
html,html_3627.html,1826,0,0,0,1,0,1,4,1,0,0,0,0,1,1,0,0,,0,0,0,0,0,form-focused
html,html_6370.html,1234,0,0,0,0,0,1,3,2,0,0,0,0,0,0,1,0,,0,0,0,0,0,image-rich-gallery
html,html_14348.html,1070,0,0,2,0,0,0,3,3,0,0,0,0,0,0,0,0,,0,0,0,0,0,card-heavy-modern
html,html_13992.html,1626,0,0,0,0,0,0,0,3,0,0,0,0,0,1,0,0,,0,0,0,0,0,card-heavy-modern
html,html_6820.html,1425,1,0,2,0,0,1,0,4,0,0,0,0,1,0,0,0,,0,0,0,0,0,form-focused
html,html_8153.html,1143,0,0,3,0,0,0,0,4,0,0,1,0,1,0,0,0,,0,0,0,0,0,form-focused
html,html_2919.html,1217,0,0,0,0,0,1,0,1,0,0,0,0,0,0,0,0,,0,0,0,0,0,card-heavy-modern
html,html_9719.html,695,0,2,2,0,0,0,0,3,0,0,0,0,0,0,1,0,,0,0,0,0,0,card-heavy-modern
html,html_7882.html,1790,0,0,0,0,0,0,0,0,0,0,0,0,0,1,0,0,,0,0,0,0,0,card-heavy-modern
html,html_1277.html,1942,0,0,3,0,0,0,3,4,0,0,0,0,1,1,0,0,,0,0,0,0,0,form-focused
html,html_10210.html,2005,0,0,0,1,0,2,4,2,0,0,0,0,1,1,0,0,,0,0,0,0,0,form-focused
html,html_3261.html,1367,0,0,0,1,0,1,4,3,0,0,0,0,0,0,0,0,,0,0,0,0,0,card-heavy-modern
html,html_11087.html,1298,0,0,4,1,0,2,3,3,1,0,0,0,0,0,0,0,,0,0,0,0,0,card-heavy-modern
html,html_8961.html,1391,0,0,0,0,0,0,0,2,0,0,0,1,1,1,0,0,,0,0,0,0,0,form-focused
html,html_14524.html,1151,0,0,0,0,0,1,0,0,0,1,0,0,0,0,0,0,,0,0,0,0,0,card-heavy-modern
html,html_14207.html,1212,0,0,1,0,0,0,0,1,0,0,0,0,0,1,0,0,,0,0,0,0,0,card-heavy-modern
html,html_3532.html,1444,0,0,4,1,0,0,5,4,0,0,1,0,1,0,0,0,,0,0,0,0,0,form-focused
html,html_14984.html,1462,1,0,0,1,0,0,0,1,0,0,0,0,0,0,0,0,,0,0,0,0,0,card-heavy-modern
html,html_5443.html,2107,0,0,2,1,1,0,2,5,0,0,1,0,1,0,0,0,,0,0,0,0,0,form-focused
html,html_4083.html,1580,0,0,0,1,0,1,4,4,0,0,1,0,0,1,0,0,,0,0,0,0,0,card-heavy-modern
html,html_2481.html,3593,0,0,0,1,0,0,7,3,0,0,0,0,1,1,0,0,,0,0,0,0,0,form-focused
html,html_8943.html,825,1,0,2,0,0,0,0,2,0,0,0,0,0,0,0,0,,0,0,0,0,0,card-heavy-modern
html,html_8676.html,995,0,0,0,0,0,0,0,1,0,0,0,0,0,1,0,0,,0,0,0,0,0,card-heavy-modern
html,html_7585.html,1182,0,0,0,0,0,0,0,0,0,0,0,0,0,1,0,0,,0,0,0,0,0,card-heavy-modern
html,html_3349.html,2117,1,0,0,1,1,1,7,2,0,0,0,0,1,0,0,0,,0,0,0,0,0,form-focused
html,html_14313.html,1304,0,0,0,0,0,0,0,3,0,0,0,0,0,1,0,0,,0,0,0,0,0,card-heavy-modern
html,html_6374.html,1067,1,0,3,0,0,1,0,3,0,0,0,0,0,0,0,0,,0,0,0,0,0,card-heavy-modern
html,html_5529.html,1881,1,0,0,1,1,0,7,1,0,0,0,0,1,1,0,0,,0,0,0,0,0,form-focused
html,html_7475.html,1472,0,1,3,1,0,1,4,2,0,0,0,0,1,0,1,0,,0,0,0,0,0,form-focused
html,html_7713.html,1810,0,0,0,1,0,0,5,2,0,0,1,0,1,1,0,0,,0,0,0,0,0,form-focused
html,html_11168.html,1556,1,0,0,1,0,0,4,1,0,0,0,0,1,0,0,0,,0,0,0,0,0,form-focused
html,html_1863.html,1070,0,0,0,1,0,0,4,2,0,0,0,0,1,1,0,0,,0,0,0,0,0,form-focused
html,html_1342.html,2263,1,0,0,0,0,1,3,1,0,0,0,0,0,0,0,0,,0,0,0,0,0,card-heavy-modern
html,html_4724.html,1701,1,0,1,1,0,1,4,3,0,0,1,0,1,1,0,0,,0,0,0,0,0,form-focused
html,html_1793.html,1784,1,0,2,1,0,0,3,3,0,0,0,0,1,1,0,0,,0,0,0,0,0,form-focused
html,html_11686.html,1527,3,0,0,0,0,1,3,1,0,1,0,0,1,0,0,0,,0,0,0,0,0,form-focused
html,html_1213.html,1459,1,0,1,1,0,2,3,1,1,0,0,0,1,0,0,0,,0,0,0,0,0,form-focused
html,html_4008.html,1119,1,0,1,0,0,1,0,2,0,0,0,0,0,0,0,0,,0,0,0,0,0,card-heavy-modern
html,html_12623.html,2118,0,0,3,1,0,0,3,3,0,0,0,0,0,0,0,0,,0,0,0,0,0,card-heavy-modern
html,html_7534.html,2191,0,0,0,1,0,0,2,1,0,0,0,0,0,1,0,0,,0,0,0,0,0,card-heavy-modern
html,html_12605.html,1556,1,0,1,0,0,1,0,2,0,0,0,0,0,1,0,0,,0,0,0,0,0,card-heavy-modern
html,html_14169.html,1044,0,0,0,0,0,0,0,1,0,0,0,0,0,0,0,0,,0,0,0,0,0,card-heavy-modern
html,html_770.html,603,0,0,0,0,0,0,0,1,0,0,0,0,0,0,0,0,,0,0,0,0,0,card-heavy-modern
html,html_9431.html,1290,1,0,0,0,0,1,0,1,0,0,0,0,0,1,0,0,,0,0,0,0,0,card-heavy-modern
html,html_10227.html,2798,0,0,0,1,0,0,6,1,0,0,0,1,1,1,0,0,,0,0,0,0,0,form-focused
html,html_5162.html,2449,0,0,0,1,0,0,3,3,0,0,0,1,1,1,0,0,,0,0,0,0,0,form-focused
html,html_13198.html,901,0,0,0,0,0,0,3,2,0,0,0,0,1,1,0,0,,0,0,0,0,0,form-focused
html,html_2878.html,1163,0,0,0,0,0,2,0,0,0,0,0,0,0,0,0,0,,0,0,0,0,0,card-heavy-modern
html,html_10320.html,1772,4,0,0,0,0,2,0,4,0,0,0,0,0,0,0,0,,0,0,0,0,0,card-heavy-modern
html,html_8034.html,1485,0,0,0,1,0,0,4,1,0,0,0,0,1,0,1,0,,0,0,0,0,0,form-focused
html,html_14949.html,1498,0,0,0,0,0,1,4,3,0,0,0,0,1,1,0,0,,0,0,0,0,0,form-focused
html,html_9209.html,1668,0,0,0,0,0,1,0,2,0,0,1,0,0,0,0,0,,0,0,0,0,0,card-heavy-modern
html,html_4162.html,1063,1,0,0,0,0,1,0,2,0,0,0,0,0,0,0,0,,0,0,0,0,0,card-heavy-modern
html,html_10883.html,1588,1,0,1,0,0,1,0,5,0,0,0,0,1,0,0,0,,0,0,0,0,0,form-focused
html,html_805.html,1586,0,0,0,1,0,0,4,3,0,0,1,0,0,1,0,0,,0,0,0,0,0,card-heavy-modern
html,html_9655.html,2584,1,0,0,1,0,1,3,3,0,0,1,0,1,1,0,0,,0,0,0,0,0,form-focused
html,html_14114.html,2523,0,0,0,1,0,2,3,2,0,0,0,0,1,0,0,0,,0,0,0,0,0,form-focused
html,html_5401.html,2521,0,0,0,1,0,1,6,3,0,0,1,0,1,1,1,0,,0,0,0,0,0,form-focused
html,html_9792.html,1612,0,0,0,1,0,1,4,1,0,0,0,0,1,1,0,0,,0,0,0,0,0,form-focused
html,html_12098.html,1339,1,0,0,0,0,0,0,1,0,0,0,0,0,0,0,0,,0,0,0,0,0,card-heavy-modern
html,html_7959.html,2375,0,0,3,1,0,4,4,0,0,0,0,0,1,1,0,0,,0,0,0,0,0,form-focused
html,html_12899.html,3544,1,0,3,1,0,0,7,3,0,0,0,0,0,0,1,0,,0,0,0,0,0,card-heavy-modern
html,html_2553.html,1303,0,0,0,0,0,1,0,2,0,0,0,0,0,1,0,0,,0,0,0,0,0,card-heavy-modern
html,html_5931.html,1864,0,0,1,1,0,0,2,2,0,0,0,0,0,0,0,0,,0,0,0,0,0,card-heavy-modern
html,html_2858.html,964,0,0,2,0,0,0,0,3,0,0,0,0,1,0,0,0,,0,0,0,0,0,form-focused
html,html_1795.html,1089,0,0,0,1,0,2,4,1,0,0,0,0,1,0,0,0,,0,0,0,0,0,form-focused
html,html_9947.html,2437,0,0,2,1,0,1,4,5,0,0,1,0,0,0,0,0,,0,0,0,0,0,card-heavy-modern
html,html_5903.html,1768,0,0,3,0,0,1,6,3,0,0,0,0,0,1,0,0,,0,0,0,0,0,card-heavy-modern
html,html_3553.html,1711,0,0,0,0,0,3,0,1,0,0,0,0,0,0,0,0,,0,0,0,0,0,card-heavy-modern
html,html_11361.html,1641,0,0,0,1,0,2,6,2,0,0,0,0,1,0,0,0,,0,0,0,0,0,form-focused
html,html_11383.html,2170,1,0,3,1,0,0,3,3,0,0,0,1,1,1,0,0,,0,0,0,0,0,form-focused
html,html_3929.html,1719,0,0,2,1,0,1,4,2,0,0,0,0,1,0,0,0,,0,0,0,0,0,form-focused
html,html_5481.html,2088,2,0,0,0,0,2,0,1,0,0,0,0,0,1,0,0,,0,0,0,0,0,card-heavy-modern
html,html_4311.html,1377,0,0,0,0,0,1,0,1,0,0,0,0,1,1,0,0,,0,0,0,0,0,form-focused
html,html_7256.html,1590,0,0,2,1,0,0,2,2,0,0,1,0,0,0,0,0,,0,0,0,0,0,card-heavy-modern
html,html_5612.html,2576,1,0,2,1,0,4,5,4,0,0,0,0,1,1,1,0,,0,0,0,0,0,form-focused
html,html_1956.html,2796,1,0,6,1,0,0,4,7,0,1,1,0,0,0,0,1,#fea,0,0,0,0,0,card-heavy-modern
html,html_11255.html,1434,0,0,1,1,0,2,4,1,1,0,1,0,1,1,0,0,,0,0,0,0,0,form-focused
html,html_8914.html,947,0,0,0,1,0,0,7,1,0,0,0,0,1,1,0,0,,0,0,0,0,0,form-focused
html,html_13314.html,2236,0,0,0,1,0,1,4,1,0,0,0,0,1,1,0,0,,0,0,0,0,0,form-focused
html,html_11824.html,1831,0,0,2,0,0,3,0,6,0,1,0,0,0,0,0,0,,0,0,0,0,0,card-heavy-modern
html,html_13040.html,1072,0,0,0,0,0,0,0,0,0,0,0,0,0,0,0,0,,0,0,0,0,0,card-heavy-modern
html,html_3775.html,1892,0,0,0,1,0,0,3,1,0,0,0,0,1,1,0,0,,0,0,0,0,0,form-focused
html,html_8713.html,755,1,0,0,0,0,0,0,1,0,0,0,0,0,0,0,0,,0,0,0,0,0,card-heavy-modern
html,html_12775.html,1651,0,0,0,0,0,2,0,3,0,0,1,0,0,1,0,0,,0,0,0,0,0,card-heavy-modern
html,html_7569.html,2053,0,0,3,1,0,0,3,4,0,0,0,0,0,1,0,0,,0,0,0,0,0,card-heavy-modern
html,html_13715.html,2069,0,0,0,1,0,0,3,1,0,0,0,0,1,1,0,0,,0,0,0,0,0,form-focused
html,html_7107.html,1105,0,0,0,1,0,1,4,0,0,0,1,0,0,0,0,0,,0,0,0,0,0,card-heavy-modern
html,html_11826.html,1443,1,0,2,0,0,1,0,3,0,0,0,0,0,1,0,0,,0,0,0,0,0,card-heavy-modern
html,html_10617.html,1004,0,0,0,0,0,0,0,2,0,0,1,0,0,0,0,0,,0,0,0,0,0,card-heavy-modern
html,html_9899.html,2104,1,0,1,1,1,1,3,1,0,0,0,0,1,0,0,0,,0,0,0,0,0,form-focused
html,html_2623.html,2064,0,0,0,0,0,0,0,0,0,0,0,0,0,0,0,0,,0,0,0,0,0,card-heavy-modern
html,html_9221.html,1998,1,0,0,1,0,0,8,1,0,0,0,0,1,1,0,0,,0,0,0,0,0,form-focused
html,html_4735.html,1449,0,0,3,1,0,1,3,3,0,0,0,0,0,0,0,0,,0,0,0,0,0,card-heavy-modern
html,html_5562.html,1359,0,0,0,0,0,1,0,1,0,0,0,0,0,1,0,0,,0,0,0,0,0,card-heavy-modern
html,html_6189.html,1201,0,0,0,1,0,1,4,1,0,0,0,0,1,0,0,0,,0,0,0,0,0,form-focused
html,html_1091.html,2161,0,0,4,1,0,2,4,5,0,0,1,0,0,1,0,0,,0,0,0,0,0,card-heavy-modern
html,html_2597.html,1655,1,0,0,1,0,0,3,1,0,0,0,0,1,1,0,0,,0,0,0,0,0,form-focused
html,html_7172.html,2271,0,0,3,1,0,0,3,4,0,0,0,1,1,1,0,0,,0,0,0,0,0,form-focused
html,html_3719.html,1283,0,0,1,0,0,0,0,1,0,0,0,0,0,0,1,0,,0,0,0,0,0,card-heavy-modern
html,html_177.html,1935,0,0,1,0,0,3,0,5,0,0,0,0,0,1,0,0,,0,0,0,0,0,card-heavy-modern
html,html_7889.html,1821,0,0,0,1,0,0,7,1,0,0,0,0,1,1,0,0,,0,0,0,0,0,form-focused
html,html_6526.html,1605,0,1,2,1,0,2,4,2,0,0,0,0,0,0,0,0,,0,0,0,0,0,card-heavy-modern
html,html_11311.html,2053,1,0,0,1,0,0,4,1,0,0,0,0,1,1,0,0,,0,0,0,0,0,form-focused
html,html_12860.html,1664,0,0,0,1,0,0,4,4,0,0,0,0,1,1,0,0,,0,0,0,0,0,form-focused
html,html_7229.html,1766,0,0,1,1,0,1,7,2,0,0,1,0,1,0,0,0,,0,0,0,0,0,form-focused
html,html_10649.html,1878,0,0,1,1,0,1,4,1,0,0,0,0,1,1,0,0,,0,0,0,0,0,form-focused
html,html_2583.html,1624,1,0,2,1,0,1,0,4,0,0,0,0,1,1,0,0,,0,0,0,0,0,form-focused
html,html_2921.html,2101,0,0,0,1,0,0,3,1,0,0,0,0,1,0,0,0,,0,0,0,0,0,form-focused
html,html_14040.html,1575,0,0,2,0,0,2,0,5,0,0,0,0,0,0,0,0,,0,0,0,0,0,card-heavy-modern
html,html_2203.html,913,1,0,0,0,0,0,0,1,0,0,0,0,0,0,1,0,,0,0,0,0,0,card-heavy-modern
html,html_11590.html,1770,0,0,1,1,0,1,3,1,0,0,0,0,1,1,0,0,,0,0,0,0,0,form-focused
html,html_11489.html,1828,1,0,3,1,0,1,3,3,0,0,1,0,1,1,0,0,,0,0,0,0,0,form-focused
html,html_8368.html,2345,0,0,1,1,0,3,4,5,0,0,0,0,1,0,0,0,,0,0,0,0,0,form-focused
html,html_5985.html,1595,1,0,3,0,0,1,0,3,0,0,0,0,0,0,0,0,,0,0,0,0,0,card-heavy-modern
html,html_6590.html,733,0,0,2,0,0,1,0,2,0,0,0,0,0,0,1,0,,0,0,0,0,0,image-rich-gallery
html,html_4157.html,1244,1,0,0,0,0,1,0,0,0,0,0,0,0,1,0,0,,0,0,0,0,0,card-heavy-modern
html,html_14586.html,1574,0,0,0,1,0,1,5,1,0,0,0,0,0,0,0,0,,0,0,0,0,0,card-heavy-modern
html,html_13223.html,1525,0,0,0,1,0,1,3,2,0,0,1,0,1,0,0,0,,0,0,0,0,0,form-focused
html,html_4285.html,1899,2,0,2,1,1,0,4,4,0,0,0,0,1,1,0,0,,0,0,0,0,0,form-focused
html,html_12052.html,2271,0,0,1,1,0,0,3,2,0,0,0,0,1,1,0,0,,0,0,0,0,0,form-focused
html,html_2855.html,1239,0,0,0,0,0,0,3,1,0,0,0,0,0,1,0,0,,0,0,0,0,0,card-heavy-modern
html,html_5257.html,1283,0,0,0,1,0,2,3,1,0,1,0,0,1,0,0,0,,0,0,0,0,0,form-focused
html,html_59.html,1727,1,0,0,0,0,1,0,1,0,0,0,0,1,0,0,0,,0,0,0,0,0,form-focused
html,html_13163.html,1465,0,0,2,0,0,0,0,3,0,0,0,0,0,1,0,0,,0,0,0,0,0,card-heavy-modern
html,html_13745.html,1727,0,0,0,1,0,0,4,0,0,0,0,0,1,0,0,0,,0,0,0,0,0,form-focused
html,html_10006.html,2218,0,0,3,2,0,1,6,3,0,0,0,0,0,0,0,1,#fac,0,0,0,0,0,card-heavy-modern
html,html_9712.html,1558,0,1,1,1,0,0,4,2,0,0,0,0,1,0,0,0,,0,0,0,0,0,form-focused
html,html_4050.html,1435,0,0,3,1,0,1,0,4,0,0,1,0,1,0,0,0,,0,0,0,0,0,form-focused
html,html_5546.html,2524,0,0,3,1,0,0,4,3,0,0,0,0,1,1,0,0,,0,0,0,0,0,form-focused
html,html_7658.html,1863,0,0,0,1,0,3,4,1,0,0,0,0,1,0,0,0,,0,0,0,0,0,form-focused
html,html_4881.html,1254,0,0,0,0,0,3,0,1,0,0,0,0,0,0,1,0,,0,0,0,0,0,image-rich-gallery
html,html_11064.html,1558,0,0,0,0,0,1,0,4,0,0,0,0,0,0,0,0,,0,0,0,0,0,card-heavy-modern
html,html_1829.html,1540,1,0,0,1,1,0,4,2,0,0,0,0,1,1,0,0,,0,0,0,0,0,form-focused
html,html_9469.html,1458,0,0,0,0,0,0,3,4,0,0,0,1,1,1,0,0,,0,0,0,0,0,form-focused
html,html_888.html,1797,0,0,0,0,0,4,0,4,0,0,1,0,1,0,1,0,,0,0,0,0,0,form-focused
html,html_3654.html,1278,0,0,0,0,0,0,0,1,0,0,0,0,0,1,0,0,,0,0,0,0,0,card-heavy-modern
html,html_10408.html,2263,0,0,0,1,0,0,3,1,0,0,0,0,1,0,0,0,,0,0,0,0,0,form-focused
html,html_11298.html,1482,0,0,0,0,0,1,1,1,0,0,0,0,0,0,0,0,,0,0,0,0,0,card-heavy-modern
html,html_10208.html,1015,0,0,0,1,0,1,4,0,0,0,0,0,1,1,0,0,,0,0,0,0,0,form-focused
html,html_6145.html,1621,1,1,1,0,1,0,0,4,0,0,0,0,0,0,0,0,,0,0,0,0,0,form-focused
html,html_10470.html,1110,0,0,0,1,0,1,4,1,0,0,0,0,1,1,1,0,,0,0,0,0,0,form-focused
html,html_7015.html,2279,2,0,1,1,0,0,3,4,0,0,0,0,1,0,0,0,,0,0,0,0,0,form-focused
html,html_14224.html,1586,0,0,3,1,0,0,3,4,0,0,0,0,0,0,0,0,,0,0,0,0,0,card-heavy-modern
html,html_7846.html,1735,0,0,1,1,0,1,5,3,0,0,0,0,0,0,0,0,,0,0,0,0,0,card-heavy-modern
html,html_542.html,1747,0,0,0,1,0,0,4,2,0,0,0,0,0,0,0,0,,0,0,0,0,0,card-heavy-modern
html,html_7462.html,2420,0,0,2,1,0,0,7,3,0,0,0,0,1,1,0,0,,0,0,0,0,0,form-focused
html,html_5088.html,1502,0,0,0,0,0,0,0,0,0,0,0,0,0,0,0,0,,0,0,0,0,0,card-heavy-modern
html,html_2742.html,1654,0,0,1,1,0,0,9,2,0,0,1,0,1,1,0,0,,0,0,0,0,0,form-focused
html,html_1845.html,1279,1,0,1,1,0,1,4,1,0,0,0,0,0,0,0,0,,0,0,0,0,0,card-heavy-modern
html,html_12321.html,2275,0,0,0,0,0,0,0,0,0,0,1,0,0,0,0,0,,0,0,0,0,0,card-heavy-modern
html,html_2944.html,1616,0,0,1,1,0,1,5,4,1,0,0,0,1,0,0,0,,0,0,0,0,0,form-focused
html,html_13870.html,1188,0,0,0,0,0,1,0,3,0,0,0,0,1,0,1,0,,0,0,0,0,0,form-focused
html,html_3541.html,1367,1,0,3,1,0,0,0,4,0,0,1,0,1,0,0,0,,0,0,0,0,0,form-focused
html,html_2942.html,1536,0,0,1,0,0,3,0,0,1,0,0,0,1,1,0,0,,0,0,0,0,0,form-focused
html,html_6548.html,1151,0,0,0,0,0,0,0,0,0,0,0,0,0,0,0,0,,0,0,0,0,0,card-heavy-modern
html,html_5722.html,1301,0,0,0,1,0,0,5,4,0,0,0,0,0,0,0,0,,0,0,0,0,0,card-heavy-modern
html,html_7874.html,1304,0,0,1,1,0,1,5,4,0,1,0,0,1,0,0,0,,0,0,0,0,0,form-focused
html,html_4539.html,1919,0,0,0,1,0,1,0,1,0,0,0,0,0,0,0,0,,0,0,0,0,0,card-heavy-modern
html,html_3391.html,1174,1,0,0,1,0,0,4,1,0,0,0,0,1,0,0,0,,0,0,0,0,0,form-focused
html,html_13426.html,1468,1,0,0,1,0,0,3,1,0,0,0,0,1,0,0,0,,0,0,0,0,0,form-focused
html,html_14569.html,1749,0,0,2,1,0,0,2,2,0,0,0,0,0,0,0,0,,0,0,0,0,0,card-heavy-modern
html,html_3199.html,1253,0,0,2,0,0,1,0,5,1,0,0,0,0,0,0,0,,0,0,0,0,0,card-heavy-modern
html,html_7357.html,1828,0,0,0,1,0,0,3,1,0,0,0,0,1,0,0,0,,0,0,0,0,0,form-focused
html,html_10297.html,1466,0,0,0,1,0,2,3,1,0,0,0,0,0,0,0,0,,0,0,0,0,0,card-heavy-modern
html,html_52.html,2035,0,0,0,1,0,1,3,2,0,0,0,0,1,1,0,0,,0,0,0,0,0,form-focused
html,html_5224.html,2189,1,0,0,1,1,0,7,3,0,0,0,0,1,0,0,0,,0,0,0,0,0,form-focused
html,html_6311.html,3492,0,0,0,0,0,0,1,4,0,0,1,1,1,1,0,0,,0,0,0,0,0,form-focused
html,html_9380.html,1099,0,0,3,0,0,0,0,4,0,0,0,0,0,0,0,0,,0,0,0,0,0,card-heavy-modern
html,html_604.html,1196,1,0,0,0,0,1,0,1,0,0,0,0,0,0,0,0,,0,0,0,0,0,card-heavy-modern
html,html_8726.html,1336,0,0,0,0,0,1,0,3,0,1,0,0,0,0,0,0,,0,0,0,0,0,card-heavy-modern
html,html_5783.html,1421,0,0,0,0,0,0,0,1,0,0,0,0,0,0,0,0,,0,0,0,0,0,card-heavy-modern
html,html_11350.html,1950,1,0,2,1,0,2,4,2,0,0,0,0,1,1,0,0,,0,0,0,0,0,form-focused
html,html_3983.html,1493,0,0,1,1,0,0,3,1,0,0,0,0,1,0,0,0,,0,0,0,0,0,form-focused
html,html_11484.html,1407,0,0,3,1,0,0,3,6,0,0,1,0,1,0,0,0,,0,0,0,0,0,form-focused
html,html_6772.html,1590,0,0,0,0,0,0,0,4,0,0,0,0,1,1,0,0,,0,0,0,0,0,form-focused
html,html_1950.html,1491,2,0,0,0,0,1,0,1,0,0,0,0,0,0,0,0,,0,0,0,0,0,card-heavy-modern
html,html_14864.html,1663,0,0,0,1,0,2,5,1,0,0,0,0,0,0,0,0,,0,0,0,0,0,card-heavy-modern
html,html_4113.html,1888,1,0,0,0,0,0,0,2,1,0,0,0,0,0,0,0,,0,0,0,0,0,card-heavy-modern
html,html_8167.html,1491,0,0,0,1,0,1,4,3,0,0,1,0,1,0,0,0,,0,0,0,0,0,form-focused
html,html_3280.html,1329,0,1,0,1,0,0,0,1,0,0,0,0,0,0,0,0,,0,0,0,0,0,card-heavy-modern
html,html_10737.html,3131,0,0,0,1,0,1,4,1,0,0,0,0,1,1,0,0,,0,0,0,0,0,form-focused
html,html_13232.html,2132,0,0,0,0,0,5,0,6,0,0,0,0,0,1,0,0,,0,0,0,0,0,card-heavy-modern
html,html_7270.html,1127,0,0,2,1,0,2,4,0,1,0,0,0,0,0,0,0,,0,0,0,0,0,card-heavy-modern
html,html_8918.html,1518,0,0,3,0,0,1,0,3,0,0,1,0,0,1,0,0,,0,0,0,0,0,card-heavy-modern
html,html_11798.html,1506,1,0,0,0,0,1,0,3,0,1,0,0,0,0,0,0,,0,0,0,0,0,card-heavy-modern
html,html_2828.html,1262,0,1,0,1,0,2,4,1,0,0,0,0,1,0,0,0,,0,0,0,0,0,form-focused
html,html_5391.html,874,0,0,1,0,0,0,0,5,0,0,0,0,0,0,0,0,,0,0,0,0,0,card-heavy-modern
html,html_839.html,1753,0,0,0,0,0,0,0,3,0,0,0,0,0,1,0,0,,0,0,0,0,0,card-heavy-modern
html,html_9193.html,1103,0,0,0,1,0,1,4,1,0,0,0,0,0,0,0,0,,0,0,0,0,0,card-heavy-modern
html,html_6228.html,1072,0,0,0,0,0,0,0,0,0,0,0,0,0,0,1,0,,0,0,0,0,0,card-heavy-modern
html,html_3752.html,1850,0,0,0,0,0,2,0,2,0,0,0,0,0,1,0,0,,0,0,0,0,0,card-heavy-modern
html,html_13157.html,824,0,1,1,0,0,0,0,2,0,0,0,0,0,0,0,0,,0,0,0,0,0,card-heavy-modern
html,html_8807.html,2408,0,0,0,0,0,1,3,4,0,0,1,0,0,1,0,0,,0,0,0,0,0,card-heavy-modern
html,html_13973.html,2845,1,0,0,0,1,1,0,1,0,0,0,0,0,0,0,0,,0,0,0,0,0,form-focused
html,html_12084.html,2001,1,0,0,1,0,0,3,1,0,0,0,0,1,1,0,0,,0,0,0,0,0,form-focused
html,html_5118.html,2682,1,0,1,1,0,1,5,1,0,0,0,0,1,1,0,0,,0,0,0,0,0,form-focused
html,html_2668.html,2583,0,0,0,1,0,1,3,0,0,0,0,0,1,1,0,0,,0,0,0,0,0,form-focused
html,html_13454.html,2161,0,0,0,1,0,0,4,1,0,0,0,0,0,0,0,1,#fac,0,0,0,0,0,card-heavy-modern
html,html_5768.html,1479,0,0,0,1,0,1,6,1,0,0,0,0,1,1,0,0,,0,0,0,0,0,form-focused
html,html_8998.html,1181,0,0,0,0,0,0,5,2,0,0,1,0,1,1,0,0,,0,0,0,0,0,form-focused
html,html_12817.html,1291,0,0,3,1,0,0,4,3,0,0,0,0,1,0,0,0,,0,0,0,0,0,form-focused
html,html_5961.html,1776,0,0,0,0,0,1,4,3,0,0,0,0,1,1,0,0,,0,0,0,0,0,form-focused
html,html_13899.html,2017,0,0,0,1,0,0,3,0,0,0,0,0,1,1,0,0,,0,0,0,0,0,form-focused
html,html_8789.html,1689,1,0,3,1,1,1,4,3,0,0,0,0,1,1,0,0,,0,0,0,0,0,form-focused
html,html_1523.html,2141,1,0,0,1,1,0,3,1,0,1,0,0,1,1,0,0,,0,0,0,0,0,form-focused
html,html_9332.html,1620,0,0,0,1,0,1,4,2,0,0,0,0,1,0,0,0,,0,0,0,0,0,form-focused
html,html_12895.html,1285,0,0,0,1,0,2,4,1,0,0,0,0,0,0,1,0,,0,0,0,0,0,image-rich-gallery
html,html_1486.html,1634,2,0,1,1,0,1,0,2,0,0,0,0,0,1,0,0,,0,0,0,0,0,card-heavy-modern
html,html_12053.html,1125,0,0,1,1,0,0,4,3,0,0,0,0,1,0,0,0,,0,0,0,0,0,form-focused
html,html_2973.html,1695,1,0,0,1,0,1,4,1,0,0,0,0,1,1,0,0,,0,0,0,0,0,form-focused
html,html_3050.html,2354,0,0,0,1,0,0,3,4,0,0,0,0,1,1,0,0,,0,0,0,0,0,form-focused
html,html_12497.html,1005,0,0,0,0,0,1,0,2,0,0,0,0,0,0,0,0,,0,0,0,0,0,card-heavy-modern
html,html_3228.html,1514,1,0,1,1,0,1,4,1,0,0,0,0,1,0,0,0,,0,0,0,0,0,form-focused
html,html_5265.html,1753,0,0,0,1,0,1,4,3,0,0,0,0,1,1,0,0,,0,0,0,0,0,form-focused
html,html_14819.html,1976,0,0,0,2,0,1,2,1,0,0,0,0,1,0,0,0,,0,0,0,0,0,form-focused
html,html_11928.html,2013,3,0,0,0,1,1,0,4,1,0,0,0,0,0,0,0,,0,0,0,0,0,form-focused
html,html_5701.html,2686,0,0,0,0,0,0,4,4,1,0,1,1,1,1,1,0,,0,0,0,0,0,form-focused
html,html_593.html,1722,0,0,0,1,0,2,4,3,0,0,0,0,1,1,0,0,,0,0,0,0,0,form-focused
html,html_9884.html,1025,0,0,0,1,0,1,4,0,0,0,0,0,1,0,1,0,,0,0,0,0,0,form-focused
html,html_10601.html,1770,0,0,0,0,0,0,6,3,0,0,0,0,0,0,0,0,,0,0,0,0,0,card-heavy-modern
html,html_9650.html,1896,0,0,0,1,0,1,7,3,1,0,1,0,1,1,0,0,,0,0,0,0,0,form-focused
html,html_2920.html,995,1,0,0,0,0,1,0,1,0,0,0,0,0,0,0,0,,0,0,0,0,0,card-heavy-modern
html,html_1109.html,1321,0,0,3,0,0,0,3,3,0,0,0,0,0,0,0,0,,0,0,0,0,0,card-heavy-modern
html,html_2510.html,1521,0,0,0,0,0,0,0,0,0,0,0,0,0,1,0,0,,0,0,0,0,0,card-heavy-modern
html,html_2576.html,1600,1,0,1,0,0,0,0,3,0,1,0,0,0,0,0,0,,0,0,0,0,0,card-heavy-modern
html,html_4124.html,2097,0,0,0,0,0,0,0,1,0,0,0,0,1,1,0,0,,0,0,0,0,0,form-focused
html,html_8944.html,2051,0,0,3,1,0,0,5,4,0,0,0,0,1,0,0,0,,0,0,0,0,0,form-focused
html,html_7862.html,2754,0,0,3,1,0,0,2,3,0,0,0,0,1,0,0,0,,0,0,0,0,0,form-focused
html,html_12868.html,1447,0,0,0,0,0,1,1,1,0,0,0,0,1,1,0,0,,0,0,0,0,0,form-focused
html,html_11609.html,1410,0,0,3,0,0,0,0,4,0,0,1,0,0,0,0,0,,0,0,0,0,0,card-heavy-modern
html,html_5795.html,1096,0,0,0,0,0,0,0,1,0,0,0,0,0,1,0,0,,0,0,0,0,0,card-heavy-modern
html,html_14922.html,1255,0,0,0,0,0,0,0,3,0,1,0,0,0,0,0,0,,0,0,0,0,0,card-heavy-modern
html,html_754.html,1245,0,0,0,1,0,1,3,1,0,0,0,0,1,0,0,0,,0,0,0,0,0,form-focused
html,html_3687.html,901,1,0,0,0,0,0,0,1,0,0,0,0,0,1,0,0,,0,0,0,0,0,card-heavy-modern
html,html_14188.html,1152,1,0,0,0,0,1,0,0,0,0,0,0,1,0,0,0,,0,0,0,0,0,form-focused
html,html_10885.html,1320,1,0,0,0,0,1,3,2,0,0,0,0,0,0,0,0,,0,0,0,0,0,card-heavy-modern
html,html_2846.html,1041,0,2,0,1,0,0,4,2,0,0,0,0,1,0,0,0,,0,0,0,0,0,form-focused
html,html_1690.html,2750,0,0,0,1,0,1,4,1,0,0,0,0,1,1,0,0,,0,0,0,0,0,form-focused
html,html_4625.html,2159,0,0,0,0,0,1,0,3,0,0,0,0,1,0,0,0,,0,0,0,0,0,form-focused
html,html_10642.html,1649,1,0,0,0,0,1,0,1,0,0,0,0,0,0,0,0,,0,0,0,0,0,card-heavy-modern
html,html_688.html,1453,0,0,0,1,0,2,4,3,0,0,0,0,1,1,0,0,,0,0,0,0,0,form-focused
html,html_12431.html,1617,0,0,3,1,0,0,3,3,0,0,1,0,1,0,0,0,,0,0,0,0,0,form-focused
html,html_10040.html,1947,0,0,0,1,0,0,3,0,0,0,0,0,1,0,0,0,,0,0,0,0,0,form-focused
html,html_14480.html,1564,0,0,1,1,0,1,4,1,0,0,1,0,1,1,1,0,,0,0,0,0,0,form-focused
html,html_1539.html,1018,0,0,3,1,0,0,3,4,0,0,0,0,1,0,0,0,,0,0,0,0,0,form-focused
html,html_9159.html,2069,1,0,1,1,0,4,4,2,0,0,0,0,1,1,0,0,,0,0,0,0,0,form-focused
html,html_14972.html,1736,0,0,0,0,0,0,0,0,0,0,0,0,0,1,0,0,,0,0,0,0,0,card-heavy-modern
html,html_523.html,3289,1,0,1,1,0,1,8,1,0,0,0,0,1,0,0,0,,0,0,0,0,0,form-focused
html,html_12515.html,1188,1,0,0,0,0,1,0,2,0,0,0,0,0,0,0,0,,0,0,0,0,0,card-heavy-modern
html,html_9106.html,1835,0,0,2,1,0,0,4,3,0,0,0,1,1,1,0,0,,0,0,0,0,0,form-focused
html,html_13440.html,1558,0,0,4,1,0,2,4,4,0,1,1,0,1,0,0,1,#fea,0,0,0,0,0,form-focused
html,html_4258.html,1677,0,0,0,0,0,2,0,4,0,1,0,0,0,0,0,0,,0,0,0,0,0,card-heavy-modern
html,html_12266.html,2518,1,0,1,1,0,0,3,1,0,0,0,0,1,1,0,0,,0,0,0,0,0,form-focused
html,html_11471.html,1827,1,0,4,0,0,0,0,5,0,0,1,0,0,1,0,0,,0,0,0,0,0,card-heavy-modern
html,html_1197.html,981,0,0,0,0,0,0,0,0,0,0,0,0,0,0,0,0,,0,0,0,0,0,card-heavy-modern
html,html_11402.html,1829,0,0,1,0,0,2,4,3,0,1,0,0,1,0,0,0,,0,0,0,0,0,form-focused
html,html_13378.html,1510,0,1,1,1,0,1,4,2,0,0,0,0,1,0,0,0,,0,0,0,0,0,form-focused
html,html_12589.html,1381,0,0,1,1,0,3,0,4,0,0,0,0,1,0,0,0,,0,0,0,0,0,form-focused
html,html_1580.html,1410,0,0,4,1,0,1,0,4,0,0,1,0,0,1,0,0,,0,0,0,0,0,card-heavy-modern
html,html_10491.html,1104,1,0,0,1,0,0,3,2,0,0,0,0,1,1,0,0,,0,0,0,0,0,form-focused
html,html_10954.html,1315,0,0,0,0,0,1,0,2,0,0,0,0,0,0,0,0,,0,0,0,0,0,card-heavy-modern
html,html_11143.html,1724,0,0,0,1,0,0,3,1,0,0,0,0,1,1,0,0,,0,0,0,0,0,form-focused
html,html_10801.html,864,0,0,0,1,0,0,3,1,0,0,1,0,0,0,0,0,,0,0,0,0,0,card-heavy-modern
html,html_6831.html,1335,0,0,2,1,0,0,3,3,0,0,0,0,1,0,0,0,,0,0,0,0,0,form-focused
html,html_9263.html,1966,0,0,0,0,0,3,0,5,0,0,0,0,0,0,0,0,,0,0,0,0,0,card-heavy-modern
html,html_10622.html,1890,0,0,0,1,0,1,3,4,0,0,0,0,0,1,0,0,,0,0,0,0,0,card-heavy-modern
html,html_12957.html,926,0,0,0,0,0,1,0,2,0,0,1,0,0,0,0,0,,0,0,0,0,0,card-heavy-modern
html,html_13607.html,1083,1,0,0,1,0,0,4,1,0,0,0,0,1,1,0,0,,0,0,0,0,0,form-focused
html,html_8234.html,1370,0,0,0,0,0,1,0,1,0,0,0,0,1,0,0,0,,0,0,0,0,0,form-focused
html,html_2034.html,1344,0,0,1,1,0,2,4,1,1,0,0,0,1,0,0,0,,0,0,0,0,0,form-focused
html,html_13820.html,845,1,0,1,0,0,0,0,2,0,0,0,0,0,0,0,0,,0,0,0,0,0,card-heavy-modern
html,html_4916.html,1401,1,0,0,1,0,3,0,0,1,0,0,0,1,0,0,0,,0,0,0,0,0,form-focused
html,html_5997.html,1638,0,0,0,1,0,1,4,1,0,0,0,0,1,1,0,0,,0,0,0,0,0,form-focused
html,html_1630.html,1663,1,0,1,1,0,0,3,1,0,0,0,0,1,1,0,0,,0,0,0,0,0,form-focused
html,html_9885.html,1587,0,0,0,0,0,2,0,1,1,0,0,0,0,0,1,0,,0,0,0,0,0,image-rich-gallery
html,html_6226.html,1658,0,0,0,0,0,1,0,1,0,0,0,0,1,0,0,0,,0,0,0,0,0,form-focused
html,html_7485.html,1927,1,0,3,1,1,1,6,3,0,0,0,0,1,0,1,0,,0,0,0,0,0,form-focused
html,html_14133.html,1548,0,0,4,1,0,2,5,4,0,0,0,0,0,0,0,0,,0,0,0,0,0,card-heavy-modern
html,html_2255.html,2293,0,0,0,1,0,0,6,1,0,0,0,0,1,1,0,0,,0,0,0,0,0,form-focused
html,html_8074.html,1621,1,0,0,1,0,0,3,1,0,0,0,0,1,1,0,0,,0,0,0,0,0,form-focused
html,html_828.html,1541,0,0,3,1,0,1,3,3,0,0,1,0,0,1,0,0,,0,0,0,0,0,card-heavy-modern
html,html_7134.html,2279,1,0,0,0,0,1,9,3,0,0,0,0,1,0,0,0,,0,0,0,0,0,form-focused
html,html_2495.html,1171,0,0,3,1,0,0,3,3,0,0,1,0,1,0,0,0,,0,0,0,0,0,form-focused
html,html_432.html,2027,0,0,3,1,0,1,3,3,0,0,0,0,1,1,0,0,,0,0,0,0,0,form-focused
html,html_424.html,2183,1,0,0,1,0,0,3,1,0,0,0,0,0,1,0,0,,0,0,0,0,0,card-heavy-modern
html,html_5641.html,1192,0,0,0,1,0,1,4,1,0,0,0,0,1,1,0,0,,0,0,0,0,0,form-focused
html,html_189.html,1981,0,0,0,1,0,1,4,1,0,0,0,0,1,1,0,0,,0,0,0,0,0,form-focused
html,html_8856.html,1858,0,0,0,0,0,1,0,1,1,0,0,0,0,0,0,0,,0,0,0,0,0,card-heavy-modern
html,html_8044.html,1575,0,0,1,1,0,0,3,1,0,0,0,0,1,1,0,0,,0,0,0,0,0,form-focused
html,html_7606.html,1893,0,0,4,1,0,2,3,4,1,0,0,1,0,0,0,0,,0,0,0,0,0,card-heavy-modern
html,html_11165.html,1306,1,0,0,0,0,1,3,2,0,0,0,0,0,0,0,0,,0,0,0,0,0,card-heavy-modern
html,html_3593.html,1427,0,0,0,0,0,1,0,1,0,0,0,0,0,0,0,0,,0,0,0,0,0,card-heavy-modern
html,html_958.html,1402,0,0,0,0,0,0,0,2,0,0,0,0,0,0,0,0,,0,0,0,0,0,card-heavy-modern
html,html_11850.html,849,0,0,0,0,0,0,0,0,0,0,0,0,0,0,1,0,,0,0,0,0,0,card-heavy-modern
html,html_5728.html,2082,0,0,0,0,0,0,0,5,0,0,0,0,1,1,0,0,,0,0,0,0,0,form-focused
html,html_10290.html,1189,1,0,0,0,0,2,0,1,0,0,0,0,0,0,0,0,,0,0,0,0,0,card-heavy-modern
html,html_12724.html,1700,0,0,3,1,0,1,3,3,0,0,0,0,0,1,1,0,,0,0,0,0,0,image-rich-gallery
html,html_847.html,2264,0,0,0,0,0,1,0,1,0,0,0,0,0,1,0,0,,0,0,0,0,0,card-heavy-modern
html,html_1791.html,1908,0,0,1,1,0,1,6,5,0,0,1,0,1,0,0,0,,0,0,0,0,0,form-focused
html,html_10895.html,1143,0,0,0,0,0,0,0,1,0,0,0,0,0,0,0,0,,0,0,0,0,0,card-heavy-modern
html,html_1198.html,1562,1,0,0,1,0,2,0,1,0,0,0,0,0,1,0,0,,0,0,0,0,0,card-heavy-modern
html,html_3160.html,968,1,0,0,0,0,0,0,1,0,0,0,0,1,0,0,0,,0,0,0,0,0,form-focused
html,html_1192.html,725,0,0,0,0,0,1,0,1,0,0,0,0,0,1,0,0,,0,0,0,0,0,card-heavy-modern
html,html_6935.html,1323,0,0,0,1,0,1,4,1,0,0,0,0,1,1,0,0,,0,0,0,0,0,form-focused
html,html_7776.html,1357,0,0,0,1,0,1,4,1,0,0,0,0,1,1,0,0,,0,0,0,0,0,form-focused
html,html_6435.html,2397,0,0,0,1,0,0,3,3,0,0,1,0,0,0,0,1,#fea,0,0,0,0,0,card-heavy-modern
html,html_3539.html,2118,0,0,0,1,0,0,3,2,0,0,0,0,1,0,1,0,,0,0,0,0,0,form-focused
html,html_4751.html,1777,0,0,0,1,0,0,3,2,0,0,0,0,1,0,0,0,,0,0,0,0,0,form-focused
html,html_7425.html,1138,0,0,0,1,0,0,4,1,0,0,0,0,1,1,0,0,,0,0,0,0,0,form-focused
html,html_7456.html,1685,0,0,0,1,0,0,3,1,0,0,0,0,0,0,0,0,,0,0,0,0,0,card-heavy-modern
html,html_10577.html,1710,1,0,0,0,0,1,0,3,0,0,0,0,0,0,0,0,,0,0,0,0,0,card-heavy-modern
html,html_4410.html,1379,0,0,0,0,0,0,0,0,0,0,0,0,0,0,0,0,,0,0,0,0,0,card-heavy-modern
html,html_6229.html,1436,0,0,0,1,0,1,4,1,0,0,1,0,1,0,0,0,,0,0,0,0,0,form-focused
html,html_7129.html,1731,0,0,2,1,0,1,4,2,0,0,0,0,1,1,0,0,,0,0,0,0,0,form-focused
html,html_4143.html,1669,0,0,0,0,0,0,0,0,0,0,0,0,0,0,1,0,,0,0,0,0,0,card-heavy-modern
html,html_4931.html,1650,0,0,0,1,0,1,3,1,0,0,0,0,0,0,0,0,,0,0,0,0,0,card-heavy-modern
html,html_12185.html,2995,1,0,1,1,1,0,2,4,0,0,0,0,0,1,0,1,#fea,0,0,0,0,0,form-focused
html,html_10397.html,1603,1,0,0,0,1,1,0,4,1,0,1,0,1,0,0,0,,0,0,0,0,0,form-focused
html,html_4392.html,2018,0,0,0,1,0,0,5,1,0,0,1,0,0,1,0,0,,0,0,0,0,0,card-heavy-modern
html,html_8646.html,1095,0,0,3,0,0,0,0,7,0,0,0,0,1,0,1,0,,0,0,0,0,0,form-focused
html,html_14989.html,1831,0,0,0,0,0,0,0,0,0,0,0,0,0,1,0,0,,0,0,0,0,0,card-heavy-modern
html,html_9770.html,1533,0,0,3,1,0,0,3,4,0,0,1,0,0,1,0,0,,0,0,0,0,0,card-heavy-modern
html,html_446.html,1839,0,0,3,1,0,1,3,3,0,0,0,0,0,0,0,0,,0,0,0,0,0,card-heavy-modern
html,html_14182.html,1782,0,0,0,1,0,1,3,1,0,0,0,0,1,0,0,0,,0,0,0,0,0,form-focused
html,html_9490.html,800,0,0,0,1,0,0,0,2,0,0,0,0,0,1,1,0,,0,0,0,0,0,card-heavy-modern
html,html_3520.html,1273,2,0,1,0,0,0,0,1,0,0,0,0,0,0,0,0,,0,0,0,0,0,card-heavy-modern
html,html_6707.html,2610,0,0,5,1,0,1,5,5,1,0,0,0,1,0,0,0,,0,0,0,0,0,form-focused
html,html_1265.html,1582,1,1,2,0,1,1,0,3,0,0,0,0,0,1,0,0,,0,0,0,0,0,form-focused
html,html_11879.html,1326,0,0,0,1,0,1,3,1,0,0,0,0,1,0,0,0,,0,0,0,0,0,form-focused
html,html_2692.html,1889,0,0,0,1,0,0,3,3,0,0,0,0,1,1,0,0,,0,0,0,0,0,form-focused
html,html_13148.html,1873,0,0,3,1,0,1,3,3,0,0,0,0,0,1,0,1,#fac,0,0,0,0,0,card-heavy-modern
html,html_1019.html,1571,1,0,1,0,0,1,0,3,0,0,0,0,0,0,0,0,,0,0,0,0,0,card-heavy-modern
html,html_12342.html,1424,0,0,0,1,0,0,5,0,0,0,0,0,1,0,1,0,,0,0,0,0,0,form-focused
html,html_4713.html,2240,0,0,0,1,0,0,3,1,0,0,0,1,1,1,0,0,,0,0,0,0,0,form-focused
html,html_12103.html,2207,0,0,0,1,0,2,4,2,0,0,0,0,1,0,0,0,,0,0,0,0,0,form-focused
html,html_155.html,2105,1,0,4,1,0,0,3,4,0,0,1,0,0,0,0,0,,0,0,0,0,0,card-heavy-modern
html,html_10957.html,2089,0,0,0,1,0,2,4,2,0,0,0,0,1,0,0,0,,0,0,0,0,0,form-focused
html,html_4488.html,1961,0,0,1,1,0,1,5,1,0,0,0,0,1,1,0,0,,0,0,0,0,0,form-focused
html,html_6269.html,1703,0,0,0,1,0,0,3,1,0,0,1,1,0,1,0,0,,0,0,0,0,0,card-heavy-modern
html,html_3043.html,1665,0,0,0,1,0,2,4,2,0,0,0,0,1,1,0,0,,0,0,0,0,0,form-focused
html,html_27.html,1198,0,0,0,0,0,1,2,1,0,0,0,0,0,1,0,0,,0,0,0,0,0,card-heavy-modern
html,html_2232.html,1230,0,0,0,0,0,2,3,0,0,0,1,1,0,0,0,0,,0,0,0,0,0,card-heavy-modern
html,html_5580.html,1604,0,0,0,0,0,1,0,1,0,0,0,0,0,1,0,0,,0,0,0,0,0,card-heavy-modern
html,html_6605.html,1455,0,0,0,0,0,0,0,4,0,0,0,1,1,1,0,0,,0,0,0,0,0,form-focused
html,html_8393.html,941,1,0,1,0,0,1,0,1,0,0,0,0,0,1,0,0,,0,0,0,0,0,card-heavy-modern
html,html_7146.html,1994,0,0,0,1,0,1,4,3,0,0,0,0,0,0,0,0,,0,0,0,0,0,card-heavy-modern
html,html_8141.html,2108,0,0,2,1,0,0,3,2,0,0,0,0,1,1,0,0,,0,0,0,0,0,form-focused
html,html_8142.html,1914,1,1,0,0,1,1,0,4,1,1,0,0,0,0,0,0,,0,0,0,0,0,form-focused
html,html_9677.html,1623,0,0,0,1,0,1,4,1,0,0,0,0,1,0,1,0,,0,0,0,0,0,form-focused
html,html_2191.html,1473,0,0,1,0,0,2,1,2,0,0,0,0,0,0,0,0,,0,0,0,0,0,card-heavy-modern
html,html_10478.html,2371,0,0,0,1,0,0,3,1,0,0,0,1,1,1,0,0,,0,0,0,0,0,form-focused
html,html_1455.html,1665,0,0,3,1,0,1,3,3,0,0,0,0,0,0,0,0,,0,0,0,0,0,card-heavy-modern
html,html_10641.html,1213,0,0,0,0,0,2,1,1,0,0,0,0,0,0,0,0,,0,0,0,0,0,card-heavy-modern
html,html_2655.html,1894,0,0,0,1,0,1,4,1,0,0,0,0,1,1,0,0,,0,0,0,0,0,form-focused
html,html_7527.html,3396,1,0,3,1,0,1,3,7,0,0,1,0,1,1,0,0,,0,0,0,0,0,form-focused
html,html_10118.html,1590,1,0,0,1,0,0,4,0,0,0,0,0,1,0,0,0,,0,0,0,0,0,form-focused
html,html_9026.html,2058,0,0,0,0,0,0,3,4,0,0,0,0,0,0,0,0,,0,0,0,0,0,card-heavy-modern
html,html_12806.html,1327,1,0,0,1,0,0,0,1,0,0,0,0,0,1,0,0,,0,0,0,0,0,card-heavy-modern
html,html_2091.html,1426,0,0,0,0,0,1,4,3,0,0,0,0,1,1,0,0,,0,0,0,0,0,form-focused
html,html_12271.html,1037,0,0,0,0,0,3,0,1,1,0,0,0,0,0,0,0,,0,0,0,0,0,card-heavy-modern
html,html_11691.html,1807,0,0,0,0,0,3,0,4,0,0,0,0,0,1,0,0,,0,0,0,0,0,card-heavy-modern
html,html_426.html,3099,2,0,0,1,1,0,4,2,0,0,0,0,1,1,0,0,,0,0,0,0,0,form-focused
html,html_6430.html,2324,0,0,0,0,0,1,0,4,0,0,0,0,0,1,0,0,,0,0,0,0,0,card-heavy-modern
html,html_10725.html,1778,0,0,0,0,0,1,4,2,0,0,0,0,0,0,0,0,,0,0,0,0,0,card-heavy-modern
html,html_11413.html,1460,0,0,0,1,0,1,2,2,0,0,0,0,0,0,1,0,,0,0,0,0,0,image-rich-gallery
html,html_8708.html,2445,0,0,0,0,0,0,0,0,0,0,0,0,0,0,1,0,,0,0,0,0,0,card-heavy-modern
html,html_440.html,1168,0,0,1,0,0,0,0,0,0,0,0,0,0,1,0,0,,0,0,0,0,0,card-heavy-modern
html,html_14093.html,943,1,0,0,0,0,1,0,2,0,0,0,0,0,0,0,0,,0,0,0,0,0,card-heavy-modern
html,html_4849.html,1528,1,0,0,1,0,1,7,1,0,0,0,0,1,1,0,0,,0,0,0,0,0,form-focused
html,html_9786.html,1773,0,0,0,1,0,0,3,4,0,0,0,0,1,0,0,0,,0,0,0,0,0,form-focused
html,html_10650.html,1356,0,0,0,1,0,1,4,1,0,0,0,0,1,0,1,0,,0,0,0,0,0,form-focused
html,html_12797.html,2330,1,0,3,1,0,1,3,4,0,0,0,0,0,0,0,1,#fac,0,0,0,0,0,card-heavy-modern
html,html_7195.html,1569,0,0,1,1,0,0,5,4,0,0,0,0,1,1,0,0,,0,0,0,0,0,form-focused
html,html_9422.html,2362,0,0,2,1,0,0,5,2,0,0,0,0,1,0,0,0,,0,0,0,0,0,form-focused
html,html_7678.html,2227,1,0,0,0,1,0,1,2,0,0,0,0,0,0,0,0,,0,0,0,0,0,form-focused
html,html_1309.html,1604,0,0,0,1,0,1,7,1,0,0,0,0,1,1,0,0,,0,0,0,0,0,form-focused
html,html_9598.html,2180,0,0,1,0,0,1,0,1,0,0,0,0,0,1,0,0,,0,0,0,0,0,card-heavy-modern
html,html_5333.html,1945,1,0,0,0,0,0,0,1,0,0,0,0,0,1,0,0,,0,0,0,0,0,card-heavy-modern
html,html_1169.html,1455,0,0,0,0,0,1,0,3,0,0,0,0,0,0,0,0,,0,0,0,0,0,card-heavy-modern
html,html_89.html,1535,0,0,3,1,0,1,4,3,0,0,1,0,0,1,0,0,,0,0,0,0,0,card-heavy-modern
html,html_9443.html,1295,0,0,0,0,0,1,0,1,0,0,0,0,0,1,0,0,,0,0,0,0,0,card-heavy-modern
html,html_7438.html,1083,0,0,0,0,0,0,0,3,0,0,0,0,1,1,0,0,,0,0,0,0,0,form-focused
html,html_11373.html,1607,0,0,0,1,0,0,4,1,0,0,0,0,1,1,0,0,,0,0,0,0,0,form-focused
html,html_3704.html,1098,0,0,0,0,0,1,0,1,0,0,0,0,0,0,0,0,,0,0,0,0,0,card-heavy-modern
html,html_13943.html,2891,0,0,0,1,0,1,5,1,0,0,0,0,1,1,0,0,,0,0,0,0,0,form-focused
html,html_6583.html,2183,0,0,3,1,0,0,3,3,0,0,0,1,1,1,0,0,,0,0,0,0,0,form-focused
html,html_10823.html,2050,0,0,0,1,0,1,3,1,0,1,0,0,1,0,1,0,,0,0,0,0,0,form-focused
html,html_14433.html,1120,0,0,0,0,0,1,0,1,0,0,0,0,0,1,0,0,,0,0,0,0,0,card-heavy-modern
html,html_14980.html,1699,0,0,3,1,0,1,8,3,0,0,1,0,1,0,0,0,,0,0,0,0,0,form-focused
html,html_2144.html,3071,1,0,0,1,1,0,6,4,0,0,1,0,0,1,0,0,,0,0,0,0,0,form-focused
html,html_11371.html,2373,0,0,3,1,0,1,4,3,0,0,0,1,1,0,0,0,,0,0,0,0,0,form-focused
html,html_1852.html,1401,1,0,2,1,0,1,4,2,0,0,0,0,1,1,0,0,,0,0,0,0,0,form-focused
html,html_14059.html,946,0,0,2,0,0,2,0,1,0,0,0,0,0,0,0,0,,0,0,0,0,0,card-heavy-modern
html,html_9351.html,1835,0,0,1,1,0,1,4,2,1,0,0,0,1,1,0,0,,0,0,0,0,0,form-focused
html,html_3505.html,1811,0,0,3,1,0,1,4,2,0,0,0,0,1,0,0,0,,0,0,0,0,0,form-focused
html,html_4384.html,1757,0,0,3,1,0,1,4,4,0,0,0,0,1,1,0,0,,0,0,0,0,0,form-focused
html,html_10653.html,2430,1,0,0,1,0,0,5,5,0,0,0,0,1,1,0,0,,0,0,0,0,0,form-focused
html,html_14692.html,1132,2,0,0,1,0,2,3,1,1,0,0,0,1,0,0,0,,0,0,0,0,0,form-focused
html,html_7122.html,2613,1,0,1,1,0,0,3,1,0,0,0,0,1,1,0,0,,0,0,0,0,0,form-focused
html,html_2866.html,1928,0,0,0,0,0,1,0,1,0,0,0,0,0,1,0,0,,0,0,0,0,0,card-heavy-modern
html,html_5408.html,1891,0,0,3,1,0,1,3,3,0,0,0,0,1,1,0,0,,0,0,0,0,0,form-focused
html,html_8937.html,1412,0,0,2,0,0,0,0,3,0,0,0,0,0,1,0,0,,0,0,0,0,0,card-heavy-modern
html,html_1687.html,979,0,0,0,1,0,1,0,1,0,0,0,0,0,0,0,0,,0,0,0,0,0,card-heavy-modern
html,html_4825.html,2260,0,0,1,0,0,2,3,3,0,0,0,0,1,0,0,0,,0,0,0,0,0,form-focused
html,html_7899.html,2544,0,0,0,1,0,1,3,0,0,0,0,0,1,1,0,0,,0,0,0,0,0,form-focused
html,html_5034.html,1126,0,0,1,0,0,0,0,7,0,0,0,0,0,0,1,0,,0,0,0,0,0,card-heavy-modern
html,html_11602.html,1105,0,0,0,1,0,1,3,1,0,0,0,0,1,0,0,0,,0,0,0,0,0,form-focused
html,html_7855.html,1157,0,0,3,1,0,1,3,3,0,0,0,0,0,0,0,1,#fea,0,0,0,0,0,card-heavy-modern
html,html_1648.html,1510,0,0,3,0,0,0,1,4,0,0,1,0,0,0,0,0,,0,0,0,0,0,card-heavy-modern
html,html_12070.html,1643,1,0,2,0,0,0,0,3,0,0,0,0,0,1,0,0,,0,0,0,0,0,card-heavy-modern
html,html_2687.html,1941,0,0,0,1,0,0,3,1,0,0,0,0,0,1,0,0,,0,0,0,0,0,card-heavy-modern
html,html_4330.html,2398,1,0,4,1,0,1,4,4,0,0,0,0,0,0,0,0,,0,0,0,0,0,card-heavy-modern
html,html_2722.html,1697,1,0,4,1,0,0,3,7,1,0,1,0,0,1,0,0,,0,0,0,0,0,card-heavy-modern
html,html_12946.html,2268,1,0,3,0,0,0,3,6,0,0,1,0,1,1,0,0,,0,0,0,0,0,form-focused
html,html_8019.html,2269,1,0,0,2,1,0,6,2,0,0,0,0,1,1,0,0,,0,0,0,0,0,form-focused
html,html_12132.html,1231,0,0,0,0,0,0,0,5,0,1,0,0,0,0,0,0,,0,0,0,0,0,card-heavy-modern
html,html_14772.html,1480,1,0,1,1,0,2,4,1,1,0,0,0,1,0,0,0,,0,0,0,0,0,form-focused
html,html_7330.html,1027,0,0,0,0,0,0,0,1,0,1,0,1,0,1,0,0,,0,0,0,0,0,card-heavy-modern
html,html_7252.html,2561,0,0,0,1,0,0,4,1,0,0,0,0,1,1,0,0,,0,0,0,0,0,form-focused
html,html_4061.html,1331,1,0,0,0,0,1,0,1,0,0,0,0,0,0,1,0,,0,0,0,0,0,image-rich-gallery
html,html_8285.html,2496,0,0,0,1,0,1,5,3,0,0,0,0,1,1,0,0,,0,0,0,0,0,form-focused
html,html_7204.html,1774,0,0,0,1,0,0,4,5,0,0,0,0,1,0,1,0,,0,0,0,0,0,form-focused
html,html_10873.html,1941,0,0,0,1,0,1,4,1,0,0,0,0,1,1,0,0,,0,0,0,0,0,form-focused
html,html_13036.html,949,0,0,0,1,0,0,4,1,0,0,0,0,1,1,0,0,,0,0,0,0,0,form-focused
html,html_2593.html,1263,0,0,0,0,0,0,0,1,0,0,0,0,0,1,0,0,,0,0,0,0,0,card-heavy-modern
html,html_5084.html,1333,0,0,0,1,0,2,4,1,0,0,0,0,1,1,0,0,,0,0,0,0,0,form-focused
html,html_6582.html,2228,0,0,4,1,0,1,4,4,0,0,0,0,1,1,0,0,,0,0,0,0,0,form-focused
html,html_9660.html,2008,1,0,2,0,1,1,4,5,1,0,0,0,1,1,0,0,,0,0,0,0,0,form-focused
html,html_9103.html,2071,0,0,0,1,0,1,3,1,0,0,0,0,1,0,0,0,,0,0,0,0,0,form-focused
html,html_8152.html,1721,1,0,3,0,0,1,0,3,0,0,0,0,0,1,0,0,,0,0,0,0,0,card-heavy-modern
html,html_6735.html,1741,0,0,3,1,0,1,6,3,0,0,0,0,0,0,0,0,,0,0,0,0,0,card-heavy-modern
html,html_8942.html,1553,0,0,0,1,0,0,4,2,0,0,0,0,1,1,0,0,,0,0,0,0,0,form-focused
html,html_14695.html,2565,0,0,0,1,0,1,3,1,0,0,0,0,1,0,0,0,,0,0,0,0,0,form-focused
html,html_9883.html,1232,0,0,0,0,0,1,0,2,0,0,0,0,0,0,0,0,,0,0,0,0,0,card-heavy-modern
html,html_9891.html,2804,1,0,0,1,0,0,3,4,0,0,0,0,0,0,0,0,,0,0,0,0,0,card-heavy-modern
html,html_2447.html,1867,0,0,0,0,0,4,3,2,0,0,0,0,0,0,1,0,,0,0,0,0,0,image-rich-gallery
html,html_9738.html,2458,0,0,0,1,0,1,6,0,1,0,0,0,1,1,0,0,,0,0,0,0,0,form-focused
html,html_11846.html,1459,0,0,0,1,0,0,7,1,0,0,0,0,1,1,0,0,,0,0,0,0,0,form-focused
html,html_14425.html,1265,1,0,0,1,0,2,4,2,0,0,1,0,0,0,0,0,,0,0,0,0,0,card-heavy-modern
html,html_4381.html,2386,0,0,0,1,0,1,5,1,0,0,0,0,1,1,0,0,,0,0,0,0,0,form-focused
html,html_5301.html,1675,0,0,0,1,0,3,4,3,0,0,0,0,1,0,0,0,,0,0,0,0,0,form-focused
html,html_13151.html,952,0,0,0,0,0,0,0,2,0,0,0,0,0,0,0,0,,0,0,0,0,0,card-heavy-modern
html,html_272.html,1866,0,0,0,1,0,2,3,2,0,0,0,0,0,0,0,0,,0,0,0,0,0,card-heavy-modern
html,html_7682.html,1321,0,0,0,0,0,1,0,1,0,0,0,0,0,0,0,0,,0,0,0,0,0,card-heavy-modern
html,html_9145.html,2917,1,0,3,1,1,1,6,3,0,0,0,0,1,1,0,0,,0,0,0,0,0,form-focused
html,html_6925.html,1799,0,0,2,1,0,0,4,3,0,0,0,0,1,1,0,0,,0,0,0,0,0,form-focused
html,html_6018.html,1751,0,0,1,1,0,0,3,1,0,0,0,0,1,0,0,0,,0,0,0,0,0,form-focused
html,html_14217.html,1718,0,0,0,0,0,3,0,3,0,0,0,0,0,0,0,0,,0,0,0,0,0,card-heavy-modern
html,html_6406.html,2788,0,0,0,0,0,0,2,5,0,0,0,0,1,0,1,0,,0,0,0,0,0,form-focused
html,html_3816.html,1137,0,0,0,0,0,0,0,1,0,0,0,0,0,1,0,0,,0,0,0,0,0,card-heavy-modern
html,html_11684.html,1676,1,0,0,1,0,1,4,4,0,0,1,0,0,0,0,0,,0,0,0,0,0,card-heavy-modern
html,html_7885.html,2000,0,0,0,0,0,1,0,5,0,0,1,0,1,0,0,0,,0,0,0,0,0,form-focused
html,html_13996.html,941,0,0,1,1,0,1,0,1,0,0,0,0,0,0,0,0,,0,0,0,0,0,card-heavy-modern
html,html_8994.html,1883,0,0,2,1,0,0,4,5,0,0,0,0,0,0,0,0,,0,0,0,0,0,card-heavy-modern
html,html_759.html,1262,1,0,1,0,0,0,0,2,0,0,0,0,0,0,0,0,,0,0,0,0,0,card-heavy-modern
html,html_14214.html,1355,1,0,0,0,1,3,0,1,0,0,0,0,0,0,0,0,,0,0,0,0,0,form-focused
html,html_1586.html,1703,0,0,0,0,0,0,0,4,0,0,0,1,1,1,0,0,,0,0,0,0,0,form-focused
html,html_12673.html,1617,0,0,2,0,0,4,0,4,0,0,0,0,0,0,0,0,,0,0,0,0,0,card-heavy-modern
html,html_13580.html,1952,0,0,2,1,0,0,2,2,0,0,0,0,0,0,1,0,,0,0,0,0,0,card-heavy-modern
html,html_4336.html,1462,0,0,0,0,0,0,0,3,0,0,0,0,0,0,1,0,,0,0,0,0,0,card-heavy-modern
html,html_11492.html,1685,0,0,0,1,0,2,4,1,0,0,0,0,1,1,0,0,,0,0,0,0,0,form-focused
html,html_3245.html,1700,0,0,4,1,0,1,0,4,0,0,1,0,0,0,0,0,,0,0,0,0,0,card-heavy-modern
html,html_10157.html,1038,0,0,0,0,0,0,0,0,0,0,0,0,0,1,0,0,,0,0,0,0,0,card-heavy-modern
html,html_10100.html,1523,0,0,2,0,0,0,0,3,0,0,0,0,1,1,1,0,,0,0,0,0,0,form-focused
html,html_7988.html,1532,0,0,1,0,0,0,0,4,0,0,0,0,1,1,0,0,,0,0,0,0,0,form-focused
html,html_2067.html,1692,1,0,3,1,0,0,3,4,0,0,1,0,1,0,1,0,,0,0,0,0,0,form-focused
html,html_7977.html,890,1,0,3,0,0,0,0,4,0,0,0,0,0,0,0,0,,0,0,0,0,0,card-heavy-modern
html,html_8906.html,2046,0,0,3,1,0,1,4,3,0,0,0,0,1,0,0,0,,0,0,0,0,0,form-focused
html,html_13083.html,1797,0,0,0,1,0,0,3,1,0,0,0,0,0,1,0,1,#dea,0,0,0,0,0,card-heavy-modern
html,html_9811.html,2547,0,0,2,1,0,3,3,2,0,0,0,0,1,0,1,0,,0,0,0,0,0,form-focused
html,html_11505.html,1125,0,0,0,0,0,1,2,1,0,0,0,0,0,1,0,0,,0,0,0,0,0,card-heavy-modern
html,html_12199.html,2149,0,0,0,0,0,0,0,0,0,0,1,1,0,1,0,0,,0,0,0,0,0,card-heavy-modern
html,html_10433.html,1655,0,0,0,0,0,0,0,3,0,0,0,0,0,1,0,0,,0,0,0,0,0,card-heavy-modern
html,html_8774.html,1369,0,0,1,1,0,1,5,1,0,0,0,0,1,1,0,0,,0,0,0,0,0,form-focused
html,html_6274.html,1124,0,0,1,0,0,0,0,2,0,0,0,0,0,0,0,0,,0,0,0,0,0,card-heavy-modern
html,html_12474.html,1719,0,0,1,1,0,1,4,6,0,0,1,0,1,0,0,0,,0,0,0,0,0,form-focused
html,html_2454.html,2684,0,0,0,1,0,0,3,1,0,0,0,1,1,1,0,0,,0,0,0,0,0,form-focused
html,html_9156.html,1752,0,0,0,1,0,1,4,1,0,0,0,0,1,0,0,0,,0,0,0,0,0,form-focused
html,html_14883.html,2009,0,0,2,0,0,0,0,3,0,0,0,0,0,0,0,0,,0,0,0,0,0,card-heavy-modern
html,html_8251.html,1187,0,0,3,1,0,0,3,3,0,0,0,0,1,0,0,0,,0,0,0,0,0,form-focused
html,html_6397.html,1502,0,0,3,1,0,0,3,4,0,1,1,0,0,1,0,1,#fea,0,0,0,0,0,card-heavy-modern
html,html_9270.html,1105,0,0,3,0,0,0,0,4,0,0,1,0,0,0,0,0,,0,0,0,0,0,card-heavy-modern
html,html_13267.html,1346,1,0,0,1,0,1,4,1,0,0,0,0,1,0,0,0,,0,0,0,0,0,form-focused
html,html_10887.html,2687,2,0,4,1,0,0,3,4,0,0,0,0,1,0,0,1,#fea,0,0,0,0,0,form-focused
html,html_12854.html,1437,0,0,0,0,0,1,0,3,1,0,0,0,0,1,0,0,,0,0,0,0,0,card-heavy-modern
html,html_2155.html,894,1,0,0,0,0,1,0,1,0,0,0,0,0,0,0,0,,0,0,0,0,0,card-heavy-modern
html,html_3665.html,1596,0,0,4,0,0,1,3,4,0,0,1,1,1,0,0,0,,0,0,0,0,0,form-focused
html,html_9062.html,2344,0,0,0,0,0,1,0,1,0,1,0,0,0,1,0,0,,0,0,0,0,0,card-heavy-modern
html,html_1503.html,1511,0,0,0,0,0,0,0,0,0,0,0,0,0,0,0,0,,0,0,0,0,0,card-heavy-modern
html,html_5228.html,2952,0,0,0,0,0,0,7,1,0,0,0,0,1,1,0,0,,0,0,0,0,0,form-focused
html,html_960.html,1381,0,0,0,1,0,1,3,1,0,0,0,0,1,0,0,0,,0,0,0,0,0,form-focused
html,html_4841.html,1315,0,0,0,0,0,1,2,1,0,0,0,0,0,0,0,0,,0,0,0,0,0,card-heavy-modern
html,html_180.html,1669,2,0,0,0,0,1,0,3,0,0,0,0,0,0,0,0,,0,0,0,0,0,card-heavy-modern
html,html_1112.html,1636,0,0,0,0,0,0,0,3,0,0,1,0,0,1,1,0,,0,0,0,0,0,card-heavy-modern
html,html_9084.html,1993,0,0,1,1,0,1,3,1,0,0,0,0,1,0,1,0,,0,0,0,0,0,form-focused
html,html_14615.html,1144,1,0,1,0,0,0,0,2,0,0,0,0,0,0,0,0,,0,0,0,0,0,card-heavy-modern
html,html_6384.html,2245,1,0,0,2,0,1,8,0,0,0,1,0,0,0,0,0,,0,0,0,0,0,card-heavy-modern
html,html_7681.html,2893,2,0,0,1,1,1,3,4,0,0,0,0,1,0,0,0,,0,0,0,0,0,form-focused
html,html_12609.html,1631,1,0,0,1,0,0,4,1,0,0,0,0,1,1,0,0,,0,0,0,0,0,form-focused
html,html_166.html,1566,3,0,2,0,1,2,0,2,0,0,0,0,1,0,0,0,,0,0,0,0,0,form-focused
html,html_13545.html,1320,0,0,0,1,0,1,4,1,0,0,0,0,0,1,0,0,,0,0,0,0,0,card-heavy-modern
html,html_13949.html,1416,0,0,0,1,0,1,5,1,0,0,0,0,1,1,0,0,,0,0,0,0,0,form-focused
html,html_7714.html,1079,1,0,2,1,0,0,0,1,0,0,0,0,1,1,0,0,,0,0,0,0,0,form-focused
html,html_11668.html,1409,0,0,0,0,0,3,0,3,0,0,0,0,1,1,0,0,,0,0,0,0,0,form-focused
html,html_4855.html,2745,1,0,3,1,1,1,4,5,0,0,1,0,1,1,0,0,,0,0,0,0,0,form-focused
html,html_13137.html,1082,0,0,3,1,0,1,3,3,0,0,0,0,0,0,0,0,,0,0,0,0,0,card-heavy-modern
html,html_6624.html,1259,0,0,2,0,0,0,0,3,0,0,0,0,0,0,0,0,,0,0,0,0,0,card-heavy-modern
html,html_3491.html,2757,1,0,3,1,1,0,6,3,0,0,0,0,1,1,0,0,,0,0,0,0,0,form-focused
html,html_14024.html,1906,0,0,0,0,0,4,0,2,0,0,0,0,0,0,0,0,,0,0,0,0,0,card-heavy-modern
html,html_7777.html,2194,1,0,1,1,0,1,3,1,0,0,0,0,1,1,0,0,,0,0,0,0,0,form-focused
html,html_3974.html,1178,1,0,0,0,0,1,0,3,0,0,0,0,0,1,0,0,,0,0,0,0,0,card-heavy-modern
html,html_7685.html,1907,1,0,2,1,1,2,4,3,0,0,0,0,1,0,0,0,,0,0,0,0,0,form-focused
html,html_6560.html,1484,0,0,0,1,0,2,4,2,0,0,0,0,1,1,0,0,,0,0,0,0,0,form-focused
html,html_3689.html,1041,0,0,0,0,0,1,1,2,0,1,0,0,0,0,0,0,,0,0,0,0,0,card-heavy-modern
html,html_13218.html,975,1,0,3,1,0,0,4,3,0,0,0,0,1,0,0,0,,0,0,0,0,0,form-focused
html,html_1261.html,1017,0,0,1,0,0,0,0,1,0,0,0,0,0,0,0,0,,0,0,0,0,0,card-heavy-modern
html,html_13959.html,2091,0,0,3,0,0,0,0,5,1,0,0,0,1,0,0,0,,0,0,0,0,0,form-focused
html,html_8079.html,1916,0,0,0,1,0,1,4,1,0,0,0,0,1,1,0,0,,0,0,0,0,0,form-focused
html,html_14927.html,1346,1,0,0,1,0,0,0,1,0,0,0,0,1,0,0,0,,0,0,0,0,0,form-focused
html,html_11666.html,1448,0,0,2,1,0,1,4,2,0,0,1,0,1,1,0,0,,0,0,0,0,0,form-focused
html,html_6148.html,787,0,1,1,0,0,0,0,2,0,0,0,0,0,0,0,0,,0,0,0,0,0,card-heavy-modern
html,html_2247.html,1733,0,0,0,1,0,0,3,1,0,0,0,0,1,1,0,0,,0,0,0,0,0,form-focused
html,html_338.html,2199,0,0,0,0,0,0,3,8,1,0,0,0,0,0,0,0,,0,0,0,0,0,card-heavy-modern
html,html_8531.html,1622,0,0,3,0,0,1,0,3,0,0,0,0,1,1,0,0,,0,0,0,0,0,form-focused
html,html_13323.html,865,1,0,0,0,0,0,0,1,0,0,0,0,0,1,0,0,,0,0,0,0,0,card-heavy-modern
html,html_5480.html,2159,0,0,0,1,0,0,6,1,0,0,0,0,1,0,0,0,,0,0,0,0,0,form-focused
html,html_14796.html,1309,0,0,0,1,0,2,5,1,0,0,0,0,1,0,1,0,,0,0,0,0,0,form-focused
html,html_2373.html,1281,0,0,0,0,0,1,1,0,0,0,0,0,0,1,0,0,,0,0,0,0,0,card-heavy-modern
html,html_9870.html,1364,0,0,4,1,0,1,4,4,0,0,0,0,0,1,0,0,,0,0,0,0,0,card-heavy-modern
html,html_252.html,1518,0,0,1,1,0,0,4,2,0,0,0,0,1,0,1,0,,0,0,0,0,0,form-focused
html,html_5336.html,1725,0,0,2,0,0,3,3,3,0,0,0,0,0,0,0,0,,0,0,0,0,0,card-heavy-modern
html,html_9863.html,1759,0,0,0,2,0,1,6,2,0,0,0,0,1,0,0,0,,0,0,0,0,0,form-focused
html,html_9920.html,627,0,0,2,0,0,0,0,3,0,0,0,0,0,0,0,0,,0,0,0,0,0,card-heavy-modern
html,html_7280.html,1659,1,0,1,1,0,2,4,3,0,0,0,0,1,0,0,0,,0,0,0,0,0,form-focused
html,html_7358.html,1742,0,0,0,1,0,0,4,2,0,1,0,0,1,1,0,0,,0,0,0,0,0,form-focused
html,html_10575.html,2055,0,0,0,1,0,2,5,1,1,0,0,0,1,1,0,0,,0,0,0,0,0,form-focused
html,html_6604.html,1039,0,0,0,0,0,0,0,4,0,0,0,0,1,0,0,0,,0,0,0,0,0,form-focused
html,html_9701.html,931,0,0,2,0,0,0,0,3,0,0,0,0,0,1,1,0,,0,0,0,0,0,card-heavy-modern
html,html_9943.html,1709,0,0,3,0,0,1,0,3,1,0,0,0,1,0,0,0,,0,0,0,0,0,form-focused
html,html_6615.html,1185,0,0,2,0,0,0,0,6,1,0,0,0,1,0,0,0,,0,0,0,0,0,form-focused
html,html_12394.html,1967,0,0,0,1,0,1,4,2,0,0,0,0,1,0,1,0,,0,0,0,0,0,form-focused
html,html_12642.html,1333,0,0,0,0,0,0,0,3,0,0,0,0,0,0,0,0,,0,0,0,0,0,card-heavy-modern
html,html_1578.html,1672,0,0,4,1,0,1,4,4,0,0,1,0,0,1,0,0,,0,0,0,0,0,card-heavy-modern
html,html_14518.html,2543,1,0,3,1,0,0,3,4,0,0,0,0,0,1,0,0,,0,0,0,0,0,card-heavy-modern
html,html_959.html,2633,0,0,0,1,0,0,3,1,0,0,0,0,1,1,0,0,,0,0,0,0,0,form-focused
html,html_5037.html,1214,1,0,0,0,0,1,3,2,0,0,0,0,0,0,0,0,,0,0,0,0,0,card-heavy-modern
html,html_419.html,1590,0,0,1,1,0,0,1,1,1,0,0,0,1,1,0,0,,0,0,0,0,0,form-focused
html,html_4247.html,1633,0,0,4,1,0,1,4,4,1,0,0,0,0,1,1,0,,0,0,0,0,0,image-rich-gallery
html,html_3963.html,1613,0,0,0,1,0,2,4,1,0,0,0,0,1,0,0,0,,0,0,0,0,0,form-focused
html,html_2147.html,1790,0,0,0,1,0,0,4,1,0,0,0,0,1,1,0,0,,0,0,0,0,0,form-focused
html,html_11770.html,1843,0,0,0,0,0,1,0,5,0,1,0,0,0,0,0,0,,0,0,0,0,0,card-heavy-modern
html,html_12789.html,2668,0,0,0,1,0,1,6,4,0,0,0,0,1,1,0,0,,0,0,0,0,0,form-focused
html,html_14983.html,2114,0,0,0,0,0,0,2,1,0,0,0,0,0,1,0,0,,0,0,0,0,0,card-heavy-modern
html,html_6172.html,1611,0,0,0,0,0,4,0,1,0,0,0,0,0,0,0,0,,0,0,0,0,0,card-heavy-modern
html,html_9671.html,1809,1,0,4,0,0,1,0,6,0,0,1,0,0,0,0,0,,0,0,0,0,0,card-heavy-modern
html,html_1189.html,941,0,0,0,0,0,0,0,1,0,0,0,0,0,0,0,0,,0,0,0,0,0,card-heavy-modern
html,html_1302.html,2650,0,0,0,1,0,1,4,4,0,0,1,0,1,0,0,0,,0,0,0,0,0,form-focused
html,html_12093.html,1584,1,0,3,0,0,0,0,4,0,0,0,0,0,0,0,0,,0,0,0,0,0,card-heavy-modern
html,html_5572.html,2021,0,0,3,1,0,1,3,3,0,0,0,1,0,1,0,1,#acc,0,0,0,0,0,card-heavy-modern
html,html_1514.html,2148,1,0,0,1,0,0,3,1,0,0,0,0,1,0,0,0,,0,0,0,0,0,form-focused
html,html_4509.html,1829,0,0,2,1,0,1,7,2,0,0,0,0,1,1,0,0,,0,0,0,0,0,form-focused
html,html_2046.html,2324,0,0,0,1,0,0,15,4,0,0,0,0,1,0,0,0,,0,0,0,0,0,form-focused
html,html_1060.html,1572,0,0,0,1,0,0,3,1,0,0,0,0,1,1,0,0,,0,0,0,0,0,form-focused
html,html_3694.html,1842,1,0,0,1,0,0,3,1,0,0,0,0,1,1,0,0,,0,0,0,0,0,form-focused
html,html_434.html,2157,1,0,0,0,1,0,0,1,0,0,0,0,0,1,0,0,,0,0,0,0,0,form-focused
html,html_2185.html,1519,0,0,0,0,1,0,0,0,0,0,0,0,0,1,0,0,,0,0,0,0,0,form-focused
html,html_7793.html,1916,0,0,0,1,0,0,4,3,0,0,0,0,1,0,0,0,,0,0,0,0,0,form-focused
html,html_3713.html,1690,0,1,0,1,0,0,5,3,0,0,0,0,1,0,0,0,,0,0,0,0,0,form-focused
html,html_4819.html,1913,1,0,0,1,1,0,3,1,0,0,0,0,1,0,0,0,,0,0,0,0,0,form-focused
html,html_14906.html,3625,0,0,0,1,0,0,10,0,0,0,0,0,0,0,0,0,,0,0,0,0,0,card-heavy-modern
html,html_12228.html,1601,1,0,3,1,0,1,3,3,0,0,1,0,0,1,1,0,,0,0,0,0,0,image-rich-gallery
html,html_6350.html,980,0,0,0,1,0,0,4,1,0,0,0,0,1,0,0,0,,0,0,0,0,0,form-focused
html,html_4081.html,1702,0,0,0,1,0,0,3,1,0,0,0,0,1,0,0,0,,0,0,0,0,0,form-focused
html,html_9450.html,2242,0,0,0,1,0,2,3,2,0,1,0,0,1,1,0,0,,0,0,0,0,0,form-focused
html,html_9548.html,2193,0,0,0,0,0,2,1,4,0,0,1,1,1,1,0,0,,0,0,0,0,0,form-focused
html,html_3187.html,2270,0,0,3,0,0,3,0,4,0,0,0,0,0,1,0,0,,0,0,0,0,0,card-heavy-modern
html,html_5521.html,1312,0,0,0,1,0,0,3,1,0,0,0,0,1,0,0,0,,0,0,0,0,0,form-focused
html,html_7618.html,1167,0,0,0,1,0,1,3,1,0,0,1,0,0,1,1,0,,0,0,0,0,0,image-rich-gallery
html,html_5255.html,1385,1,0,1,0,0,0,0,3,0,0,0,0,0,1,0,0,,0,0,0,0,0,card-heavy-modern
html,html_3065.html,1951,1,0,3,0,0,1,4,4,0,0,0,0,0,1,0,0,,0,0,0,0,0,card-heavy-modern
html,html_3949.html,1408,0,0,0,0,0,0,0,2,0,0,0,0,0,1,0,0,,0,0,0,0,0,card-heavy-modern
html,html_751.html,1041,1,0,0,0,0,1,0,1,0,0,0,0,0,1,0,0,,0,0,0,0,0,card-heavy-modern
html,html_1628.html,1995,2,0,0,0,0,1,3,2,1,0,0,0,0,0,0,0,,0,0,0,0,0,card-heavy-modern
html,html_6531.html,1616,0,0,0,1,0,1,3,1,0,0,0,0,0,0,0,0,,0,0,0,0,0,card-heavy-modern
html,html_6763.html,1529,0,0,0,0,0,0,0,3,0,0,0,1,1,1,0,0,,0,0,0,0,0,form-focused
html,html_1675.html,1617,0,0,0,1,0,2,3,1,0,0,0,0,1,1,0,0,,0,0,0,0,0,form-focused
html,html_5520.html,2026,0,0,1,1,0,0,3,1,0,0,0,0,1,1,0,0,,0,0,0,0,0,form-focused
html,html_14300.html,936,1,0,3,0,0,0,0,4,0,0,1,0,0,0,0,0,,0,0,0,0,0,card-heavy-modern
html,html_5501.html,1019,0,0,1,0,0,0,0,2,0,0,0,0,1,1,0,0,,0,0,0,0,0,form-focused
html,html_2950.html,1189,1,0,0,0,1,0,0,4,0,0,0,0,1,0,0,0,,0,0,0,0,0,form-focused
html,html_3171.html,2041,0,0,0,0,0,1,1,3,0,0,1,0,0,0,0,0,,0,0,0,0,0,card-heavy-modern
html,html_13616.html,1942,0,0,0,0,0,1,0,3,0,0,0,0,0,0,0,0,,0,0,0,0,0,card-heavy-modern
html,html_3857.html,1515,0,0,0,1,0,2,4,1,0,0,0,0,1,1,0,0,,0,0,0,0,0,form-focused
html,html_2896.html,1621,0,0,0,1,0,0,4,1,0,0,0,0,1,1,0,0,,0,0,0,0,0,form-focused
html,html_11647.html,1251,0,0,0,0,0,0,0,4,0,0,1,0,0,1,0,0,,0,0,0,0,0,card-heavy-modern
html,html_7746.html,1441,0,0,0,0,0,1,0,5,1,0,1,0,0,0,0,0,,0,0,0,0,0,card-heavy-modern
html,html_9914.html,1619,0,0,0,0,0,1,4,2,0,0,0,0,0,1,0,0,,0,0,0,0,0,card-heavy-modern
html,html_9507.html,2621,0,0,0,1,0,0,6,1,0,0,0,0,0,0,0,0,,0,0,0,0,0,card-heavy-modern
html,html_12446.html,1762,0,0,0,1,0,0,3,1,0,0,0,0,0,1,0,0,,0,0,0,0,0,card-heavy-modern
html,html_5698.html,2123,1,0,0,1,0,0,3,1,0,0,0,0,1,1,0,0,,0,0,0,0,0,form-focused
html,html_14993.html,2051,0,0,1,1,0,1,3,1,0,0,0,0,1,1,0,0,,0,0,0,0,0,form-focused
html,html_11661.html,1270,0,0,3,1,0,1,3,4,0,0,1,0,1,0,0,0,,0,0,0,0,0,form-focused
html,html_11085.html,1028,0,0,0,1,0,1,4,0,0,0,0,0,0,0,0,0,,0,0,0,0,0,card-heavy-modern
html,html_5163.html,4505,1,0,1,1,0,1,8,1,1,0,0,0,1,1,0,0,,0,0,0,0,0,form-focused
html,html_5593.html,2022,0,0,0,0,0,0,6,7,0,0,0,0,0,0,0,0,,0,0,0,0,0,card-heavy-modern
html,html_3459.html,895,0,0,0,0,0,0,0,0,0,0,0,0,0,1,0,0,,0,0,0,0,0,card-heavy-modern
html,html_12147.html,1707,1,0,2,0,1,0,0,3,1,0,1,0,0,0,0,0,,0,0,0,0,0,form-focused
html,html_3052.html,1516,1,0,2,1,0,1,3,3,0,0,0,0,0,0,0,0,,0,0,0,0,0,card-heavy-modern
html,html_13917.html,1282,1,0,0,0,0,0,0,1,0,0,0,0,1,0,0,0,,0,0,0,0,0,form-focused
html,html_14026.html,1832,0,0,0,0,0,1,0,3,0,0,0,0,0,0,0,0,,0,0,0,0,0,card-heavy-modern
html,html_7351.html,1915,0,0,0,1,0,1,4,3,0,0,0,0,1,1,0,0,,0,0,0,0,0,form-focused
html,html_11025.html,1862,0,0,0,1,0,0,3,1,0,0,0,0,1,1,0,0,,0,0,0,0,0,form-focused
html,html_14255.html,3832,1,0,0,1,1,3,3,5,0,0,0,0,1,1,0,0,,0,0,0,0,0,form-focused
html,html_3829.html,1176,0,0,0,1,0,0,3,1,0,0,0,0,1,0,0,0,,0,0,0,0,0,form-focused
html,html_7698.html,2537,0,0,4,1,0,0,3,4,0,0,0,0,1,1,0,0,,0,0,0,0,0,form-focused
html,html_9339.html,1252,0,0,0,1,0,1,3,2,0,0,0,0,1,0,0,0,,0,0,0,0,0,form-focused
html,html_9910.html,1362,0,0,0,0,0,0,0,0,0,0,0,0,0,1,0,0,,0,0,0,0,0,card-heavy-modern
html,html_4472.html,1364,0,0,0,1,0,1,3,1,0,0,0,0,0,1,0,0,,0,0,0,0,0,card-heavy-modern
html,html_14599.html,1703,0,0,0,1,0,0,4,1,0,1,0,0,0,0,0,0,,0,0,0,0,0,card-heavy-modern
html,html_12689.html,914,0,0,0,1,0,1,3,0,0,0,0,0,1,0,1,0,,0,0,0,0,0,form-focused
html,html_12363.html,1917,0,0,0,1,0,0,4,2,0,0,0,0,1,1,0,0,,0,0,0,0,0,form-focused
html,html_2028.html,1736,0,0,0,1,0,1,4,1,0,0,0,0,1,1,0,0,,0,0,0,0,0,form-focused
html,html_10659.html,1129,0,0,0,0,0,0,0,1,0,0,0,0,0,1,0,0,,0,0,0,0,0,card-heavy-modern
html,html_9086.html,1013,0,0,3,0,0,2,0,2,0,0,0,0,0,0,0,0,,0,0,0,0,0,card-heavy-modern
html,html_8494.html,1751,0,0,2,0,0,0,0,3,0,0,0,0,1,1,0,0,,0,0,0,0,0,form-focused
html,html_13618.html,1663,1,0,0,0,0,0,0,3,0,0,0,0,1,1,0,0,,0,0,0,0,0,form-focused
html,html_6251.html,1495,1,0,4,0,0,0,0,4,0,0,1,0,1,1,0,0,,0,0,0,0,0,form-focused
html,html_6877.html,927,0,0,1,0,0,0,0,4,0,0,0,0,0,0,0,0,,0,0,0,0,0,card-heavy-modern
html,html_11561.html,2381,1,0,0,1,1,0,3,1,0,0,0,0,1,0,1,0,,0,0,0,0,0,form-focused
html,html_14275.html,1029,0,0,0,0,0,0,0,1,0,0,0,0,0,0,0,0,,0,0,0,0,0,card-heavy-modern
html,html_14627.html,1090,0,0,2,0,0,0,0,3,0,1,0,0,0,1,0,0,,0,0,0,0,0,card-heavy-modern
html,html_1867.html,1867,0,0,0,1,0,0,4,2,0,0,1,0,1,0,0,0,,0,0,0,0,0,form-focused
html,html_1327.html,860,0,0,0,0,0,0,0,1,0,0,0,0,0,0,0,0,,0,0,0,0,0,card-heavy-modern
html,html_8791.html,2062,2,0,2,0,1,3,0,4,0,0,0,0,1,0,0,0,,0,0,0,0,0,form-focused
html,html_11116.html,2168,0,0,3,1,0,0,3,4,0,0,0,0,1,1,0,0,,0,0,0,0,0,form-focused
html,html_10838.html,1832,1,0,0,1,1,3,3,2,0,0,0,0,0,0,0,0,,0,0,0,0,0,form-focused
html,html_13590.html,1396,0,0,0,1,0,2,3,4,0,0,1,0,1,0,0,0,,0,0,0,0,0,form-focused
html,html_2591.html,1557,0,0,0,1,0,3,7,2,0,0,0,0,1,1,0,0,,0,0,0,0,0,form-focused
html,html_14399.html,2046,1,0,0,1,0,3,4,3,0,0,0,0,1,1,0,0,,0,0,0,0,0,form-focused
html,html_8716.html,1333,0,0,0,1,0,1,2,1,0,0,1,0,1,0,0,0,,0,0,0,0,0,form-focused
html,html_11622.html,1088,2,0,0,1,0,2,4,0,1,0,0,0,1,1,0,0,,0,0,0,0,0,form-focused
html,html_4779.html,1143,0,0,0,0,0,1,0,1,0,0,0,0,0,0,0,0,,0,0,0,0,0,card-heavy-modern
html,html_3427.html,1670,1,0,5,0,0,0,0,5,0,1,1,0,1,0,0,0,,0,0,0,0,0,form-focused
html,html_8308.html,1453,0,0,0,1,0,1,4,1,0,0,0,0,1,1,0,0,,0,0,0,0,0,form-focused
html,html_10502.html,1870,1,0,0,0,0,1,0,2,0,0,0,0,1,0,0,0,,0,0,0,0,0,form-focused
html,html_9506.html,1662,0,0,0,0,0,0,0,1,0,0,0,0,0,0,0,0,,0,0,0,0,0,card-heavy-modern
html,html_90.html,1303,0,0,3,1,0,1,4,3,0,0,0,0,0,0,1,0,,0,0,0,0,0,image-rich-gallery
html,html_5565.html,2511,0,0,2,0,0,1,0,4,0,0,1,0,0,0,0,0,,0,0,0,0,0,card-heavy-modern
html,html_11592.html,1071,0,0,0,1,0,1,4,0,0,0,0,0,1,0,0,0,,0,0,0,0,0,form-focused
html,html_7246.html,1564,0,0,0,0,0,0,0,0,0,0,0,0,0,1,0,0,,0,0,0,0,0,card-heavy-modern
html,html_6472.html,1902,0,0,2,0,0,3,1,3,0,0,1,0,1,0,0,0,,0,0,0,0,0,form-focused
html,html_6412.html,1488,0,0,0,1,0,2,4,1,1,0,0,0,1,0,0,0,,0,0,0,0,0,form-focused
html,html_9051.html,1246,0,0,3,0,0,0,0,5,0,0,1,0,1,0,0,0,,0,0,0,0,0,form-focused
html,html_7923.html,1242,0,0,0,0,0,1,0,0,0,0,0,0,0,1,0,0,,0,0,0,0,0,card-heavy-modern
html,html_14895.html,1814,0,0,1,1,0,2,4,3,0,0,0,0,1,0,0,0,,0,0,0,0,0,form-focused
html,html_5587.html,1250,0,0,1,0,0,1,0,3,0,0,0,0,0,0,1,0,,0,0,0,0,0,image-rich-gallery
html,html_13433.html,2153,0,0,0,0,0,0,0,0,0,0,0,0,0,1,0,0,,0,0,0,0,0,card-heavy-modern
html,html_7005.html,1515,0,0,1,0,0,1,2,2,0,0,0,0,1,0,0,0,,0,0,0,0,0,form-focused
html,html_4103.html,1490,1,0,0,0,0,0,0,1,0,0,0,0,1,1,0,0,,0,0,0,0,0,form-focused
html,html_12876.html,1869,1,0,0,1,0,0,3,1,0,0,1,0,0,1,1,0,,0,0,0,0,0,card-heavy-modern
html,html_4207.html,824,0,0,0,0,0,0,0,1,0,0,0,0,0,0,0,0,,0,0,0,0,0,card-heavy-modern
html,html_2885.html,1895,0,0,0,1,0,0,8,1,0,0,0,0,1,1,0,0,,0,0,0,0,0,form-focused
html,html_5322.html,1392,0,0,3,0,0,2,0,5,0,0,0,0,0,0,0,0,,0,0,0,0,0,card-heavy-modern
html,html_4378.html,1293,0,0,0,0,0,1,0,6,0,0,1,0,0,1,0,0,,0,0,0,0,0,card-heavy-modern
html,html_2499.html,1762,0,0,1,1,0,0,4,1,0,0,0,0,0,0,1,0,,0,0,0,0,0,card-heavy-modern
html,html_4224.html,2149,1,0,0,1,1,1,3,2,1,0,0,0,1,0,0,0,,0,0,0,0,0,form-focused
html,html_13611.html,1807,0,0,0,1,0,1,4,2,0,0,0,0,1,1,0,0,,0,0,0,0,0,form-focused
html,html_1819.html,1677,1,0,0,0,0,0,0,2,0,0,0,0,0,0,0,0,,0,0,0,0,0,card-heavy-modern
html,html_13908.html,1707,0,0,4,1,0,1,3,3,1,0,0,0,1,1,0,0,,0,0,0,0,0,form-focused
html,html_5979.html,1730,0,0,0,0,0,0,0,0,0,0,0,0,0,0,0,0,,0,0,0,0,0,card-heavy-modern
html,html_5645.html,1767,0,0,1,1,0,0,3,1,0,0,0,0,1,0,1,0,,0,0,0,0,0,form-focused
html,html_3237.html,932,1,0,0,1,0,0,3,2,0,0,0,0,0,0,0,0,,0,0,0,0,0,card-heavy-modern
html,html_6691.html,1372,0,0,0,1,0,0,4,1,0,0,0,0,1,1,0,0,,0,0,0,0,0,form-focused
html,html_9489.html,1270,0,0,0,1,0,1,0,3,0,0,0,0,0,0,0,0,,0,0,0,0,0,card-heavy-modern
html,html_13823.html,833,0,0,0,1,0,0,1,0,0,0,0,0,1,0,0,0,,0,0,0,0,0,form-focused
html,html_11455.html,1742,0,0,0,0,0,1,2,1,0,0,0,0,0,0,0,0,,0,0,0,0,0,card-heavy-modern
html,html_14825.html,2032,0,0,0,1,0,0,3,1,0,0,0,0,1,1,0,0,,0,0,0,0,0,form-focused
html,html_3684.html,1788,0,0,0,0,0,3,0,4,0,1,0,0,0,1,0,0,,0,0,0,0,0,card-heavy-modern
